ISO-10303-21;
HEADER;
/* Generated by software containing ST-Developer
 * from STEP Tools, Inc. (www.steptools.com) 
 */
/* OPTION: using custom renumber hook */

FILE_DESCRIPTION(
/* description */ ('STEP AP242 Edition 2',
'CAx-IF Rec.Pracs.---Representation and Presentation of Product Manufa
cturing Information (PMI)---4.0---2014-10-13',
'CAx-IF Rec.Pracs.---3D Tessellated Geometry---0.4---2014-09-14','2;1',
'CAx-IF Rec.Pracs.---User Defined Attributes---1.5---2016-08-15'),
/* implementation_level */ '2;1');

FILE_NAME(
/* name */ 'voron_sphinx_tLW - sherpa_bracket',
/* time_stamp */ '2026-09-03T18:54:32Z',
/* author */ (''),
/* organization */ (''),
/* preprocessor_version */ 'ST-DEVELOPER v20',
/* originating_system */ 'ONSHAPE BY PTC INC, 1.220',
/* authorisation */ '  ');

FILE_SCHEMA (('AP242_MANAGED_MODEL_BASED_3D_ENGINEERING_MIM_LF { 1 0 10303 442 3 1 4 }'));
ENDSEC;

DATA;
#10=SHAPE_REPRESENTATION_RELATIONSHIP('','',#1323,#11);
#11=ADVANCED_BREP_SHAPE_REPRESENTATION('',(#1321),#2307);
#12=ELLIPSE('',#1347,0.0260922402257836,0.01845);
#13=ELLIPSE('',#1375,0.00561702124448874,0.005);
#14=ELLIPSE('',#1376,0.00561702124448874,0.005);
#15=ELLIPSE('',#1377,0.0022468084977955,0.002);
#16=ELLIPSE('',#1390,0.00180444687763821,0.001);
#17=ELLIPSE('',#1396,0.000902223438819103,0.0005);
#18=ELLIPSE('',#1398,0.018044468776382,0.01);
#19=ELLIPSE('',#1410,0.0260922402257836,0.01845);
#20=ELLIPSE('',#1430,0.0022468084977955,0.002);
#21=ELLIPSE('',#1431,0.00561702124448874,0.005);
#22=ELLIPSE('',#1432,0.00561702124448874,0.005);
#23=ELLIPSE('',#1440,0.00180444687763821,0.001);
#24=ELLIPSE('',#1446,0.000902223438819103,0.0005);
#25=ELLIPSE('',#1448,0.018044468776382,0.01);
#26=B_SPLINE_CURVE_WITH_KNOTS('',3,(#1909,#1910,#1911,#1912,#1913),
 .UNSPECIFIED.,.F.,.F.,(4,1,4),(8.54252242016652E-18,0.00267481170884978,
0.00534962341769956),.UNSPECIFIED.);
#27=B_SPLINE_CURVE_WITH_KNOTS('',3,(#1918,#1919,#1920,#1921,#1922,#1923,
#1924),.UNSPECIFIED.,.F.,.F.,(4,1,1,1,4),(0.0046986148455272,0.00704723235293113,
0.00939584986033506,0.011744467367739,0.0140930848751429),.UNSPECIFIED.);
#28=B_SPLINE_CURVE_WITH_KNOTS('',3,(#1938,#1939,#1940,#1941,#1942),
 .UNSPECIFIED.,.F.,.F.,(4,1,4),(0.,0.00158264415070933,0.00316528830141866),
 .UNSPECIFIED.);
#29=B_SPLINE_CURVE_WITH_KNOTS('',3,(#1946,#1947,#1948,#1949),
 .UNSPECIFIED.,.F.,.F.,(4,4),(1.90819582357449E-17,0.00394644244616454),
 .UNSPECIFIED.);
#30=B_SPLINE_CURVE_WITH_KNOTS('',3,(#1953,#1954,#1955,#1956,#1957,#1958,
#1959),.UNSPECIFIED.,.F.,.F.,(4,1,1,1,4),(2.45939499299953E-17,0.00136785118426065,
0.00273570236852128,0.00410355355278191,0.00547140473704254),
 .UNSPECIFIED.);
#31=B_SPLINE_CURVE_WITH_KNOTS('',3,(#1962,#1963,#1964,#1965,#1966,#1967,
#1968,#1969,#1970,#1971,#1972,#1973,#1974),.UNSPECIFIED.,.T.,.F.,(1,1,1,
1,1,1,1,1,1,1,1,1,1,1,1,1,1),(-0.00713472467006936,-0.00475648311337958,
-0.00237824155668979,0.,0.00237824155668979,0.00475648311337957,0.00713472467006936,
0.00832384544841426,0.00951296622675915,0.010702087005104,0.0118912077834489,
0.0142694493401387,0.0166476908968285,0.0190259324535183,0.0214041740102081,
0.0237824155668979,0.0261606571235877),.UNSPECIFIED.);
#32=B_SPLINE_CURVE_WITH_KNOTS('',3,(#2110,#2111,#2112,#2113,#2114,#2115,
#2116),.UNSPECIFIED.,.F.,.F.,(4,1,1,1,4),(0.00469861484552721,0.00704723235293114,
0.00939584986033507,0.011744467367739,0.0140930848751429),.UNSPECIFIED.);
#33=B_SPLINE_CURVE_WITH_KNOTS('',3,(#2134,#2135,#2136,#2137,#2138),
 .UNSPECIFIED.,.F.,.F.,(4,1,4),(8.54252242016652E-18,0.00267481170884978,
0.00534962341769956),.UNSPECIFIED.);
#34=B_SPLINE_CURVE_WITH_KNOTS('',3,(#2142,#2143,#2144,#2145,#2146,#2147,
#2148),.UNSPECIFIED.,.F.,.F.,(4,1,1,1,4),(2.45939499299953E-17,0.00136785118426065,
0.00273570236852128,0.00410355355278191,0.00547140473704254),
 .UNSPECIFIED.);
#35=B_SPLINE_CURVE_WITH_KNOTS('',3,(#2152,#2153,#2154,#2155),
 .UNSPECIFIED.,.F.,.F.,(4,4),(1.90819582357449E-17,0.00394644244616454),
 .UNSPECIFIED.);
#36=B_SPLINE_CURVE_WITH_KNOTS('',3,(#2159,#2160,#2161,#2162,#2163),
 .UNSPECIFIED.,.F.,.F.,(4,1,4),(0.,0.00158264415070933,0.00316528830141866),
 .UNSPECIFIED.);
#37=B_SPLINE_CURVE_WITH_KNOTS('',3,(#2169,#2170,#2171,#2172,#2173,#2174,
#2175,#2176,#2177,#2178,#2179,#2180,#2181),.UNSPECIFIED.,.T.,.F.,(1,1,1,
1,1,1,1,1,1,1,1,1,1,1,1,1,1),(-0.00713472467006936,-0.00475648311337958,
-0.00237824155668979,0.,0.00237824155668979,0.00475648311337957,0.00713472467006936,
0.00832384544841426,0.00951296622675915,0.010702087005104,0.0118912077834489,
0.0142694493401387,0.0166476908968285,0.0190259324535183,0.0214041740102081,
0.0237824155668979,0.0261606571235877),.UNSPECIFIED.);
#38=PLANE('',#1328);
#39=PLANE('',#1339);
#40=PLANE('',#1354);
#41=PLANE('',#1360);
#42=PLANE('',#1361);
#43=PLANE('',#1374);
#44=PLANE('',#1378);
#45=PLANE('',#1379);
#46=PLANE('',#1381);
#47=PLANE('',#1382);
#48=PLANE('',#1388);
#49=PLANE('',#1391);
#50=PLANE('',#1399);
#51=PLANE('',#1402);
#52=PLANE('',#1405);
#53=PLANE('',#1406);
#54=PLANE('',#1416);
#55=PLANE('',#1419);
#56=PLANE('',#1429);
#57=PLANE('',#1433);
#58=PLANE('',#1434);
#59=PLANE('',#1436);
#60=PLANE('',#1438);
#61=PLANE('',#1441);
#62=PLANE('',#1449);
#63=PLANE('',#1452);
#64=PLANE('',#1454);
#65=PLANE('',#1455);
#66=PLANE('',#1456);
#67=PLANE('',#1458);
#68=PLANE('',#1459);
#69=PLANE('',#1460);
#70=PLANE('',#1461);
#71=PLANE('',#1462);
#72=PLANE('',#1463);
#73=CIRCLE('',#1326,0.00175);
#74=CIRCLE('',#1327,0.00175);
#75=CIRCLE('',#1329,0.001);
#76=CIRCLE('',#1330,0.00109999999997046);
#77=CIRCLE('',#1331,0.01845);
#78=CIRCLE('',#1332,0.003);
#79=CIRCLE('',#1333,0.004);
#80=CIRCLE('',#1334,0.0005);
#81=CIRCLE('',#1335,0.01);
#82=CIRCLE('',#1336,0.0017);
#83=CIRCLE('',#1337,0.00175);
#84=CIRCLE('',#1338,0.0017);
#85=CIRCLE('',#1341,0.00175);
#86=CIRCLE('',#1342,0.00175);
#87=CIRCLE('',#1344,0.01845);
#88=CIRCLE('',#1345,0.01845);
#89=CIRCLE('',#1346,0.01845);
#90=CIRCLE('',#1349,0.003);
#91=CIRCLE('',#1350,0.003);
#92=CIRCLE('',#1352,0.004);
#93=CIRCLE('',#1353,0.004);
#94=CIRCLE('',#1355,0.01845);
#95=CIRCLE('',#1356,0.00109999999997046);
#96=CIRCLE('',#1357,0.001);
#97=CIRCLE('',#1358,0.001);
#98=CIRCLE('',#1359,0.00109999999997046);
#99=CIRCLE('',#1363,0.0019);
#100=CIRCLE('',#1364,0.0019);
#101=CIRCLE('',#1366,0.0096);
#102=CIRCLE('',#1367,0.0096);
#103=CIRCLE('',#1369,0.00175);
#104=CIRCLE('',#1370,0.00175);
#105=CIRCLE('',#1372,0.00175);
#106=CIRCLE('',#1373,0.00175);
#107=CIRCLE('',#1380,0.002);
#108=CIRCLE('',#1383,0.001);
#109=CIRCLE('',#1384,0.01);
#110=CIRCLE('',#1385,0.0005);
#111=CIRCLE('',#1386,0.00109999999997046);
#112=CIRCLE('',#1401,0.003);
#113=CIRCLE('',#1404,0.003);
#114=CIRCLE('',#1408,0.00175);
#115=CIRCLE('',#1411,0.01845);
#116=CIRCLE('',#1413,0.003);
#117=CIRCLE('',#1415,0.004);
#118=CIRCLE('',#1417,0.0017);
#119=CIRCLE('',#1418,0.0017);
#120=CIRCLE('',#1421,0.0019);
#121=CIRCLE('',#1422,0.0019);
#122=CIRCLE('',#1424,0.0096);
#123=CIRCLE('',#1425,0.0096);
#124=CIRCLE('',#1427,0.00175);
#125=CIRCLE('',#1428,0.00175);
#126=CIRCLE('',#1435,0.002);
#127=CIRCLE('',#1451,0.003);
#128=ORIENTED_EDGE('',*,*,#502,.F.);
#129=ORIENTED_EDGE('',*,*,#503,.F.);
#130=ORIENTED_EDGE('',*,*,#504,.F.);
#131=ORIENTED_EDGE('',*,*,#505,.T.);
#132=ORIENTED_EDGE('',*,*,#506,.F.);
#133=ORIENTED_EDGE('',*,*,#507,.T.);
#134=ORIENTED_EDGE('',*,*,#508,.T.);
#135=ORIENTED_EDGE('',*,*,#509,.T.);
#136=ORIENTED_EDGE('',*,*,#510,.F.);
#137=ORIENTED_EDGE('',*,*,#511,.F.);
#138=ORIENTED_EDGE('',*,*,#512,.F.);
#139=ORIENTED_EDGE('',*,*,#513,.T.);
#140=ORIENTED_EDGE('',*,*,#514,.F.);
#141=ORIENTED_EDGE('',*,*,#515,.F.);
#142=ORIENTED_EDGE('',*,*,#516,.F.);
#143=ORIENTED_EDGE('',*,*,#517,.T.);
#144=ORIENTED_EDGE('',*,*,#518,.T.);
#145=ORIENTED_EDGE('',*,*,#519,.T.);
#146=ORIENTED_EDGE('',*,*,#520,.T.);
#147=ORIENTED_EDGE('',*,*,#521,.T.);
#148=ORIENTED_EDGE('',*,*,#522,.F.);
#149=ORIENTED_EDGE('',*,*,#503,.T.);
#150=ORIENTED_EDGE('',*,*,#523,.T.);
#151=ORIENTED_EDGE('',*,*,#524,.F.);
#152=ORIENTED_EDGE('',*,*,#525,.F.);
#153=ORIENTED_EDGE('',*,*,#526,.T.);
#154=ORIENTED_EDGE('',*,*,#527,.T.);
#155=ORIENTED_EDGE('',*,*,#528,.F.);
#156=ORIENTED_EDGE('',*,*,#529,.T.);
#157=ORIENTED_EDGE('',*,*,#530,.T.);
#158=ORIENTED_EDGE('',*,*,#531,.T.);
#159=ORIENTED_EDGE('',*,*,#532,.T.);
#160=ORIENTED_EDGE('',*,*,#533,.T.);
#161=ORIENTED_EDGE('',*,*,#534,.T.);
#162=ORIENTED_EDGE('',*,*,#535,.F.);
#163=ORIENTED_EDGE('',*,*,#536,.T.);
#164=ORIENTED_EDGE('',*,*,#537,.F.);
#165=ORIENTED_EDGE('',*,*,#538,.T.);
#166=ORIENTED_EDGE('',*,*,#539,.F.);
#167=ORIENTED_EDGE('',*,*,#540,.T.);
#168=ORIENTED_EDGE('',*,*,#541,.T.);
#169=ORIENTED_EDGE('',*,*,#542,.T.);
#170=ORIENTED_EDGE('',*,*,#543,.T.);
#171=ORIENTED_EDGE('',*,*,#544,.T.);
#172=ORIENTED_EDGE('',*,*,#545,.F.);
#173=ORIENTED_EDGE('',*,*,#536,.F.);
#174=ORIENTED_EDGE('',*,*,#546,.F.);
#175=ORIENTED_EDGE('',*,*,#547,.F.);
#176=ORIENTED_EDGE('',*,*,#548,.F.);
#177=ORIENTED_EDGE('',*,*,#549,.F.);
#178=ORIENTED_EDGE('',*,*,#547,.T.);
#179=ORIENTED_EDGE('',*,*,#550,.F.);
#180=ORIENTED_EDGE('',*,*,#533,.F.);
#181=ORIENTED_EDGE('',*,*,#551,.T.);
#182=ORIENTED_EDGE('',*,*,#552,.F.);
#183=ORIENTED_EDGE('',*,*,#553,.F.);
#184=ORIENTED_EDGE('',*,*,#554,.F.);
#185=ORIENTED_EDGE('',*,*,#555,.F.);
#186=ORIENTED_EDGE('',*,*,#556,.F.);
#187=ORIENTED_EDGE('',*,*,#557,.F.);
#188=ORIENTED_EDGE('',*,*,#558,.T.);
#189=ORIENTED_EDGE('',*,*,#559,.T.);
#190=ORIENTED_EDGE('',*,*,#560,.T.);
#191=ORIENTED_EDGE('',*,*,#561,.T.);
#192=ORIENTED_EDGE('',*,*,#562,.T.);
#193=ORIENTED_EDGE('',*,*,#524,.T.);
#194=ORIENTED_EDGE('',*,*,#563,.T.);
#195=ORIENTED_EDGE('',*,*,#564,.T.);
#196=ORIENTED_EDGE('',*,*,#565,.T.);
#197=ORIENTED_EDGE('',*,*,#537,.T.);
#198=ORIENTED_EDGE('',*,*,#545,.T.);
#199=ORIENTED_EDGE('',*,*,#549,.T.);
#200=ORIENTED_EDGE('',*,*,#528,.T.);
#201=ORIENTED_EDGE('',*,*,#566,.F.);
#202=ORIENTED_EDGE('',*,*,#567,.T.);
#203=ORIENTED_EDGE('',*,*,#541,.F.);
#204=ORIENTED_EDGE('',*,*,#568,.T.);
#205=ORIENTED_EDGE('',*,*,#569,.F.);
#206=ORIENTED_EDGE('',*,*,#570,.T.);
#207=ORIENTED_EDGE('',*,*,#571,.T.);
#208=ORIENTED_EDGE('',*,*,#572,.F.);
#209=ORIENTED_EDGE('',*,*,#573,.F.);
#210=ORIENTED_EDGE('',*,*,#529,.F.);
#211=ORIENTED_EDGE('',*,*,#574,.T.);
#212=ORIENTED_EDGE('',*,*,#572,.T.);
#213=ORIENTED_EDGE('',*,*,#575,.F.);
#214=ORIENTED_EDGE('',*,*,#576,.F.);
#215=ORIENTED_EDGE('',*,*,#577,.F.);
#216=ORIENTED_EDGE('',*,*,#578,.F.);
#217=ORIENTED_EDGE('',*,*,#579,.F.);
#218=ORIENTED_EDGE('',*,*,#580,.F.);
#219=ORIENTED_EDGE('',*,*,#581,.T.);
#220=ORIENTED_EDGE('',*,*,#582,.F.);
#221=ORIENTED_EDGE('',*,*,#583,.F.);
#222=ORIENTED_EDGE('',*,*,#584,.T.);
#223=ORIENTED_EDGE('',*,*,#585,.T.);
#224=ORIENTED_EDGE('',*,*,#566,.T.);
#225=ORIENTED_EDGE('',*,*,#586,.T.);
#226=ORIENTED_EDGE('',*,*,#587,.F.);
#227=ORIENTED_EDGE('',*,*,#588,.T.);
#228=ORIENTED_EDGE('',*,*,#570,.F.);
#229=ORIENTED_EDGE('',*,*,#589,.T.);
#230=ORIENTED_EDGE('',*,*,#583,.T.);
#231=ORIENTED_EDGE('',*,*,#590,.F.);
#232=ORIENTED_EDGE('',*,*,#591,.T.);
#233=ORIENTED_EDGE('',*,*,#592,.T.);
#234=ORIENTED_EDGE('',*,*,#593,.T.);
#235=ORIENTED_EDGE('',*,*,#580,.T.);
#236=ORIENTED_EDGE('',*,*,#594,.T.);
#237=ORIENTED_EDGE('',*,*,#564,.F.);
#238=ORIENTED_EDGE('',*,*,#548,.T.);
#239=ORIENTED_EDGE('',*,*,#595,.T.);
#240=ORIENTED_EDGE('',*,*,#543,.F.);
#241=ORIENTED_EDGE('',*,*,#596,.T.);
#242=ORIENTED_EDGE('',*,*,#584,.F.);
#243=ORIENTED_EDGE('',*,*,#589,.F.);
#244=ORIENTED_EDGE('',*,*,#569,.T.);
#245=ORIENTED_EDGE('',*,*,#574,.F.);
#246=ORIENTED_EDGE('',*,*,#527,.F.);
#247=ORIENTED_EDGE('',*,*,#597,.T.);
#248=ORIENTED_EDGE('',*,*,#598,.T.);
#249=ORIENTED_EDGE('',*,*,#599,.T.);
#250=ORIENTED_EDGE('',*,*,#595,.F.);
#251=ORIENTED_EDGE('',*,*,#550,.T.);
#252=ORIENTED_EDGE('',*,*,#546,.T.);
#253=ORIENTED_EDGE('',*,*,#535,.T.);
#254=ORIENTED_EDGE('',*,*,#600,.F.);
#255=ORIENTED_EDGE('',*,*,#526,.F.);
#256=ORIENTED_EDGE('',*,*,#601,.F.);
#257=ORIENTED_EDGE('',*,*,#534,.F.);
#258=ORIENTED_EDGE('',*,*,#563,.F.);
#259=ORIENTED_EDGE('',*,*,#523,.F.);
#260=ORIENTED_EDGE('',*,*,#600,.T.);
#261=ORIENTED_EDGE('',*,*,#562,.F.);
#262=ORIENTED_EDGE('',*,*,#602,.T.);
#263=ORIENTED_EDGE('',*,*,#601,.T.);
#264=ORIENTED_EDGE('',*,*,#525,.T.);
#265=ORIENTED_EDGE('',*,*,#561,.F.);
#266=ORIENTED_EDGE('',*,*,#603,.T.);
#267=ORIENTED_EDGE('',*,*,#604,.T.);
#268=ORIENTED_EDGE('',*,*,#597,.F.);
#269=ORIENTED_EDGE('',*,*,#602,.F.);
#270=ORIENTED_EDGE('',*,*,#587,.T.);
#271=ORIENTED_EDGE('',*,*,#605,.T.);
#272=ORIENTED_EDGE('',*,*,#539,.T.);
#273=ORIENTED_EDGE('',*,*,#606,.T.);
#274=ORIENTED_EDGE('',*,*,#588,.F.);
#275=ORIENTED_EDGE('',*,*,#606,.F.);
#276=ORIENTED_EDGE('',*,*,#538,.F.);
#277=ORIENTED_EDGE('',*,*,#565,.F.);
#278=ORIENTED_EDGE('',*,*,#594,.F.);
#279=ORIENTED_EDGE('',*,*,#542,.F.);
#280=ORIENTED_EDGE('',*,*,#567,.F.);
#281=ORIENTED_EDGE('',*,*,#585,.F.);
#282=ORIENTED_EDGE('',*,*,#596,.F.);
#283=ORIENTED_EDGE('',*,*,#586,.F.);
#284=ORIENTED_EDGE('',*,*,#568,.F.);
#285=ORIENTED_EDGE('',*,*,#540,.F.);
#286=ORIENTED_EDGE('',*,*,#605,.F.);
#287=ORIENTED_EDGE('',*,*,#607,.T.);
#288=ORIENTED_EDGE('',*,*,#608,.T.);
#289=ORIENTED_EDGE('',*,*,#592,.F.);
#290=ORIENTED_EDGE('',*,*,#599,.F.);
#291=ORIENTED_EDGE('',*,*,#604,.F.);
#292=ORIENTED_EDGE('',*,*,#609,.T.);
#293=ORIENTED_EDGE('',*,*,#607,.F.);
#294=ORIENTED_EDGE('',*,*,#598,.F.);
#295=ORIENTED_EDGE('',*,*,#610,.F.);
#296=ORIENTED_EDGE('',*,*,#581,.F.);
#297=ORIENTED_EDGE('',*,*,#593,.F.);
#298=ORIENTED_EDGE('',*,*,#608,.F.);
#299=ORIENTED_EDGE('',*,*,#609,.F.);
#300=ORIENTED_EDGE('',*,*,#603,.F.);
#301=ORIENTED_EDGE('',*,*,#560,.F.);
#302=ORIENTED_EDGE('',*,*,#611,.T.);
#303=ORIENTED_EDGE('',*,*,#531,.F.);
#304=ORIENTED_EDGE('',*,*,#612,.T.);
#305=ORIENTED_EDGE('',*,*,#578,.T.);
#306=ORIENTED_EDGE('',*,*,#612,.F.);
#307=ORIENTED_EDGE('',*,*,#613,.T.);
#308=ORIENTED_EDGE('',*,*,#544,.F.);
#309=ORIENTED_EDGE('',*,*,#576,.T.);
#310=ORIENTED_EDGE('',*,*,#613,.F.);
#311=ORIENTED_EDGE('',*,*,#614,.F.);
#312=ORIENTED_EDGE('',*,*,#508,.F.);
#313=ORIENTED_EDGE('',*,*,#615,.T.);
#314=ORIENTED_EDGE('',*,*,#553,.T.);
#315=ORIENTED_EDGE('',*,*,#519,.F.);
#316=ORIENTED_EDGE('',*,*,#616,.T.);
#317=ORIENTED_EDGE('',*,*,#617,.T.);
#318=ORIENTED_EDGE('',*,*,#618,.T.);
#319=ORIENTED_EDGE('',*,*,#619,.F.);
#320=ORIENTED_EDGE('',*,*,#620,.F.);
#321=ORIENTED_EDGE('',*,*,#621,.F.);
#322=ORIENTED_EDGE('',*,*,#622,.F.);
#323=ORIENTED_EDGE('',*,*,#623,.F.);
#324=ORIENTED_EDGE('',*,*,#624,.T.);
#325=ORIENTED_EDGE('',*,*,#625,.F.);
#326=ORIENTED_EDGE('',*,*,#626,.T.);
#327=ORIENTED_EDGE('',*,*,#627,.F.);
#328=ORIENTED_EDGE('',*,*,#510,.T.);
#329=ORIENTED_EDGE('',*,*,#628,.F.);
#330=ORIENTED_EDGE('',*,*,#551,.F.);
#331=ORIENTED_EDGE('',*,*,#532,.F.);
#332=ORIENTED_EDGE('',*,*,#611,.F.);
#333=ORIENTED_EDGE('',*,*,#530,.F.);
#334=ORIENTED_EDGE('',*,*,#629,.F.);
#335=ORIENTED_EDGE('',*,*,#630,.T.);
#336=ORIENTED_EDGE('',*,*,#631,.T.);
#337=ORIENTED_EDGE('',*,*,#511,.T.);
#338=ORIENTED_EDGE('',*,*,#627,.T.);
#339=ORIENTED_EDGE('',*,*,#632,.T.);
#340=ORIENTED_EDGE('',*,*,#512,.T.);
#341=ORIENTED_EDGE('',*,*,#631,.F.);
#342=ORIENTED_EDGE('',*,*,#633,.T.);
#343=ORIENTED_EDGE('',*,*,#634,.F.);
#344=ORIENTED_EDGE('',*,*,#635,.T.);
#345=ORIENTED_EDGE('',*,*,#505,.F.);
#346=ORIENTED_EDGE('',*,*,#636,.T.);
#347=ORIENTED_EDGE('',*,*,#637,.F.);
#348=ORIENTED_EDGE('',*,*,#638,.F.);
#349=ORIENTED_EDGE('',*,*,#617,.F.);
#350=ORIENTED_EDGE('',*,*,#639,.F.);
#351=ORIENTED_EDGE('',*,*,#640,.F.);
#352=ORIENTED_EDGE('',*,*,#633,.F.);
#353=ORIENTED_EDGE('',*,*,#630,.F.);
#354=ORIENTED_EDGE('',*,*,#626,.F.);
#355=ORIENTED_EDGE('',*,*,#641,.F.);
#356=ORIENTED_EDGE('',*,*,#642,.T.);
#357=ORIENTED_EDGE('',*,*,#643,.F.);
#358=ORIENTED_EDGE('',*,*,#622,.T.);
#359=ORIENTED_EDGE('',*,*,#644,.F.);
#360=ORIENTED_EDGE('',*,*,#645,.T.);
#361=ORIENTED_EDGE('',*,*,#646,.T.);
#362=ORIENTED_EDGE('',*,*,#647,.F.);
#363=ORIENTED_EDGE('',*,*,#648,.F.);
#364=ORIENTED_EDGE('',*,*,#573,.T.);
#365=ORIENTED_EDGE('',*,*,#649,.T.);
#366=ORIENTED_EDGE('',*,*,#646,.F.);
#367=ORIENTED_EDGE('',*,*,#650,.F.);
#368=ORIENTED_EDGE('',*,*,#619,.T.);
#369=ORIENTED_EDGE('',*,*,#651,.T.);
#370=ORIENTED_EDGE('',*,*,#652,.T.);
#371=ORIENTED_EDGE('',*,*,#653,.T.);
#372=ORIENTED_EDGE('',*,*,#654,.F.);
#373=ORIENTED_EDGE('',*,*,#655,.T.);
#374=ORIENTED_EDGE('',*,*,#656,.F.);
#375=ORIENTED_EDGE('',*,*,#642,.F.);
#376=ORIENTED_EDGE('',*,*,#657,.F.);
#377=ORIENTED_EDGE('',*,*,#658,.F.);
#378=ORIENTED_EDGE('',*,*,#659,.T.);
#379=ORIENTED_EDGE('',*,*,#660,.T.);
#380=ORIENTED_EDGE('',*,*,#661,.F.);
#381=ORIENTED_EDGE('',*,*,#648,.T.);
#382=ORIENTED_EDGE('',*,*,#662,.F.);
#383=ORIENTED_EDGE('',*,*,#663,.T.);
#384=ORIENTED_EDGE('',*,*,#659,.F.);
#385=ORIENTED_EDGE('',*,*,#664,.F.);
#386=ORIENTED_EDGE('',*,*,#665,.F.);
#387=ORIENTED_EDGE('',*,*,#513,.F.);
#388=ORIENTED_EDGE('',*,*,#632,.F.);
#389=ORIENTED_EDGE('',*,*,#640,.T.);
#390=ORIENTED_EDGE('',*,*,#666,.F.);
#391=ORIENTED_EDGE('',*,*,#653,.F.);
#392=ORIENTED_EDGE('',*,*,#667,.F.);
#393=ORIENTED_EDGE('',*,*,#620,.T.);
#394=ORIENTED_EDGE('',*,*,#650,.T.);
#395=ORIENTED_EDGE('',*,*,#645,.F.);
#396=ORIENTED_EDGE('',*,*,#664,.T.);
#397=ORIENTED_EDGE('',*,*,#658,.T.);
#398=ORIENTED_EDGE('',*,*,#668,.F.);
#399=ORIENTED_EDGE('',*,*,#628,.T.);
#400=ORIENTED_EDGE('',*,*,#509,.F.);
#401=ORIENTED_EDGE('',*,*,#614,.T.);
#402=ORIENTED_EDGE('',*,*,#552,.T.);
#403=ORIENTED_EDGE('',*,*,#554,.T.);
#404=ORIENTED_EDGE('',*,*,#615,.F.);
#405=ORIENTED_EDGE('',*,*,#507,.F.);
#406=ORIENTED_EDGE('',*,*,#669,.F.);
#407=ORIENTED_EDGE('',*,*,#555,.T.);
#408=ORIENTED_EDGE('',*,*,#669,.T.);
#409=ORIENTED_EDGE('',*,*,#506,.T.);
#410=ORIENTED_EDGE('',*,*,#670,.F.);
#411=ORIENTED_EDGE('',*,*,#671,.F.);
#412=ORIENTED_EDGE('',*,*,#655,.F.);
#413=ORIENTED_EDGE('',*,*,#672,.F.);
#414=ORIENTED_EDGE('',*,*,#624,.F.);
#415=ORIENTED_EDGE('',*,*,#673,.F.);
#416=ORIENTED_EDGE('',*,*,#654,.T.);
#417=ORIENTED_EDGE('',*,*,#666,.T.);
#418=ORIENTED_EDGE('',*,*,#641,.T.);
#419=ORIENTED_EDGE('',*,*,#625,.T.);
#420=ORIENTED_EDGE('',*,*,#672,.T.);
#421=ORIENTED_EDGE('',*,*,#621,.T.);
#422=ORIENTED_EDGE('',*,*,#668,.T.);
#423=ORIENTED_EDGE('',*,*,#657,.T.);
#424=ORIENTED_EDGE('',*,*,#644,.T.);
#425=ORIENTED_EDGE('',*,*,#656,.T.);
#426=ORIENTED_EDGE('',*,*,#673,.T.);
#427=ORIENTED_EDGE('',*,*,#623,.T.);
#428=ORIENTED_EDGE('',*,*,#643,.T.);
#429=ORIENTED_EDGE('',*,*,#674,.F.);
#430=ORIENTED_EDGE('',*,*,#514,.T.);
#431=ORIENTED_EDGE('',*,*,#665,.T.);
#432=ORIENTED_EDGE('',*,*,#675,.F.);
#433=ORIENTED_EDGE('',*,*,#670,.T.);
#434=ORIENTED_EDGE('',*,*,#515,.T.);
#435=ORIENTED_EDGE('',*,*,#674,.T.);
#436=ORIENTED_EDGE('',*,*,#676,.F.);
#437=ORIENTED_EDGE('',*,*,#677,.T.);
#438=ORIENTED_EDGE('',*,*,#556,.T.);
#439=ORIENTED_EDGE('',*,*,#671,.T.);
#440=ORIENTED_EDGE('',*,*,#676,.T.);
#441=ORIENTED_EDGE('',*,*,#675,.T.);
#442=ORIENTED_EDGE('',*,*,#667,.T.);
#443=ORIENTED_EDGE('',*,*,#661,.T.);
#444=ORIENTED_EDGE('',*,*,#678,.F.);
#445=ORIENTED_EDGE('',*,*,#629,.T.);
#446=ORIENTED_EDGE('',*,*,#651,.F.);
#447=ORIENTED_EDGE('',*,*,#678,.T.);
#448=ORIENTED_EDGE('',*,*,#679,.T.);
#449=ORIENTED_EDGE('',*,*,#637,.T.);
#450=ORIENTED_EDGE('',*,*,#680,.F.);
#451=ORIENTED_EDGE('',*,*,#521,.F.);
#452=ORIENTED_EDGE('',*,*,#638,.T.);
#453=ORIENTED_EDGE('',*,*,#679,.F.);
#454=ORIENTED_EDGE('',*,*,#520,.F.);
#455=ORIENTED_EDGE('',*,*,#618,.F.);
#456=ORIENTED_EDGE('',*,*,#504,.T.);
#457=ORIENTED_EDGE('',*,*,#522,.T.);
#458=ORIENTED_EDGE('',*,*,#680,.T.);
#459=ORIENTED_EDGE('',*,*,#636,.F.);
#460=ORIENTED_EDGE('',*,*,#502,.T.);
#461=ORIENTED_EDGE('',*,*,#635,.F.);
#462=ORIENTED_EDGE('',*,*,#681,.F.);
#463=ORIENTED_EDGE('',*,*,#516,.T.);
#464=ORIENTED_EDGE('',*,*,#681,.T.);
#465=ORIENTED_EDGE('',*,*,#634,.T.);
#466=ORIENTED_EDGE('',*,*,#682,.F.);
#467=ORIENTED_EDGE('',*,*,#517,.F.);
#468=ORIENTED_EDGE('',*,*,#518,.F.);
#469=ORIENTED_EDGE('',*,*,#682,.T.);
#470=ORIENTED_EDGE('',*,*,#639,.T.);
#471=ORIENTED_EDGE('',*,*,#616,.F.);
#472=ORIENTED_EDGE('',*,*,#683,.F.);
#473=ORIENTED_EDGE('',*,*,#684,.T.);
#474=ORIENTED_EDGE('',*,*,#557,.T.);
#475=ORIENTED_EDGE('',*,*,#677,.F.);
#476=ORIENTED_EDGE('',*,*,#663,.F.);
#477=ORIENTED_EDGE('',*,*,#685,.T.);
#478=ORIENTED_EDGE('',*,*,#683,.T.);
#479=ORIENTED_EDGE('',*,*,#660,.F.);
#480=ORIENTED_EDGE('',*,*,#686,.F.);
#481=ORIENTED_EDGE('',*,*,#590,.T.);
#482=ORIENTED_EDGE('',*,*,#582,.T.);
#483=ORIENTED_EDGE('',*,*,#687,.F.);
#484=ORIENTED_EDGE('',*,*,#688,.F.);
#485=ORIENTED_EDGE('',*,*,#687,.T.);
#486=ORIENTED_EDGE('',*,*,#610,.T.);
#487=ORIENTED_EDGE('',*,*,#559,.F.);
#488=ORIENTED_EDGE('',*,*,#577,.T.);
#489=ORIENTED_EDGE('',*,*,#652,.F.);
#490=ORIENTED_EDGE('',*,*,#579,.T.);
#491=ORIENTED_EDGE('',*,*,#558,.F.);
#492=ORIENTED_EDGE('',*,*,#684,.F.);
#493=ORIENTED_EDGE('',*,*,#685,.F.);
#494=ORIENTED_EDGE('',*,*,#662,.T.);
#495=ORIENTED_EDGE('',*,*,#647,.T.);
#496=ORIENTED_EDGE('',*,*,#649,.F.);
#497=ORIENTED_EDGE('',*,*,#575,.T.);
#498=ORIENTED_EDGE('',*,*,#571,.F.);
#499=ORIENTED_EDGE('',*,*,#591,.F.);
#500=ORIENTED_EDGE('',*,*,#686,.T.);
#501=ORIENTED_EDGE('',*,*,#688,.T.);
#502=EDGE_CURVE('',#689,#690,#817,.F.);
#503=EDGE_CURVE('',#691,#689,#73,.T.);
#504=EDGE_CURVE('',#692,#691,#818,.T.);
#505=EDGE_CURVE('',#692,#690,#74,.F.);
#506=EDGE_CURVE('',#693,#694,#75,.T.);
#507=EDGE_CURVE('',#693,#695,#819,.T.);
#508=EDGE_CURVE('',#695,#696,#820,.F.);
#509=EDGE_CURVE('',#696,#697,#76,.F.);
#510=EDGE_CURVE('',#698,#697,#77,.T.);
#511=EDGE_CURVE('',#699,#698,#78,.F.);
#512=EDGE_CURVE('',#700,#699,#79,.F.);
#513=EDGE_CURVE('',#700,#701,#821,.T.);
#514=EDGE_CURVE('',#702,#701,#80,.T.);
#515=EDGE_CURVE('',#694,#702,#81,.F.);
#516=EDGE_CURVE('',#703,#689,#822,.T.);
#517=EDGE_CURVE('',#703,#704,#82,.T.);
#518=EDGE_CURVE('',#704,#705,#823,.T.);
#519=EDGE_CURVE('',#705,#706,#83,.T.);
#520=EDGE_CURVE('',#706,#707,#824,.T.);
#521=EDGE_CURVE('',#707,#708,#84,.T.);
#522=EDGE_CURVE('',#691,#708,#825,.T.);
#523=EDGE_CURVE('',#709,#710,#826,.T.);
#524=EDGE_CURVE('',#711,#710,#827,.F.);
#525=EDGE_CURVE('',#712,#711,#828,.F.);
#526=EDGE_CURVE('',#712,#709,#829,.F.);
#527=EDGE_CURVE('',#713,#713,#85,.T.);
#528=EDGE_CURVE('',#714,#714,#86,.F.);
#529=EDGE_CURVE('',#715,#716,#26,.T.);
#530=EDGE_CURVE('',#716,#717,#830,.T.);
#531=EDGE_CURVE('',#717,#718,#27,.T.);
#532=EDGE_CURVE('',#718,#719,#831,.T.);
#533=EDGE_CURVE('',#719,#720,#87,.T.);
#534=EDGE_CURVE('',#720,#721,#832,.F.);
#535=EDGE_CURVE('',#722,#721,#88,.T.);
#536=EDGE_CURVE('',#722,#723,#833,.F.);
#537=EDGE_CURVE('',#724,#723,#89,.F.);
#538=EDGE_CURVE('',#724,#725,#28,.T.);
#539=EDGE_CURVE('',#726,#725,#834,.T.);
#540=EDGE_CURVE('',#726,#727,#29,.T.);
#541=EDGE_CURVE('',#727,#728,#12,.T.);
#542=EDGE_CURVE('',#728,#729,#30,.T.);
#543=EDGE_CURVE('',#729,#715,#835,.F.);
#544=EDGE_CURVE('',#730,#730,#31,.T.);
#545=EDGE_CURVE('',#723,#731,#90,.F.);
#546=EDGE_CURVE('',#732,#722,#91,.F.);
#547=EDGE_CURVE('',#731,#732,#836,.T.);
#548=EDGE_CURVE('',#733,#734,#837,.F.);
#549=EDGE_CURVE('',#731,#733,#92,.F.);
#550=EDGE_CURVE('',#734,#732,#93,.F.);
#551=EDGE_CURVE('',#719,#735,#94,.T.);
#552=EDGE_CURVE('',#736,#735,#95,.T.);
#553=EDGE_CURVE('',#737,#736,#838,.F.);
#554=EDGE_CURVE('',#738,#737,#839,.T.);
#555=EDGE_CURVE('',#739,#738,#96,.F.);
#556=EDGE_CURVE('',#740,#739,#840,.T.);
#557=EDGE_CURVE('',#741,#740,#841,.T.);
#558=EDGE_CURVE('',#741,#742,#842,.T.);
#559=EDGE_CURVE('',#742,#743,#843,.T.);
#560=EDGE_CURVE('',#743,#744,#844,.T.);
#561=EDGE_CURVE('',#744,#745,#97,.F.);
#562=EDGE_CURVE('',#745,#711,#845,.T.);
#563=EDGE_CURVE('',#710,#720,#98,.T.);
#564=EDGE_CURVE('',#733,#746,#846,.T.);
#565=EDGE_CURVE('',#746,#724,#847,.T.);
#566=EDGE_CURVE('',#747,#748,#848,.F.);
#567=EDGE_CURVE('',#747,#728,#849,.F.);
#568=EDGE_CURVE('',#727,#748,#850,.F.);
#569=EDGE_CURVE('',#749,#750,#99,.T.);
#570=EDGE_CURVE('',#749,#751,#851,.T.);
#571=EDGE_CURVE('',#751,#752,#100,.F.);
#572=EDGE_CURVE('',#750,#752,#852,.T.);
#573=EDGE_CURVE('',#716,#753,#853,.T.);
#574=EDGE_CURVE('',#715,#750,#101,.T.);
#575=EDGE_CURVE('',#753,#752,#102,.F.);
#576=EDGE_CURVE('',#754,#754,#103,.T.);
#577=EDGE_CURVE('',#755,#755,#104,.F.);
#578=EDGE_CURVE('',#756,#756,#105,.T.);
#579=EDGE_CURVE('',#757,#757,#106,.F.);
#580=EDGE_CURVE('',#758,#759,#854,.F.);
#581=EDGE_CURVE('',#758,#760,#855,.F.);
#582=EDGE_CURVE('',#761,#760,#856,.T.);
#583=EDGE_CURVE('',#762,#761,#857,.F.);
#584=EDGE_CURVE('',#762,#763,#858,.F.);
#585=EDGE_CURVE('',#763,#747,#13,.T.);
#586=EDGE_CURVE('',#748,#764,#14,.F.);
#587=EDGE_CURVE('',#765,#764,#859,.T.);
#588=EDGE_CURVE('',#765,#759,#15,.T.);
#589=EDGE_CURVE('',#749,#762,#860,.T.);
#590=EDGE_CURVE('',#766,#761,#861,.T.);
#591=EDGE_CURVE('',#766,#751,#862,.T.);
#592=EDGE_CURVE('',#767,#768,#863,.F.);
#593=EDGE_CURVE('',#768,#758,#864,.F.);
#594=EDGE_CURVE('',#759,#746,#107,.T.);
#595=EDGE_CURVE('',#734,#767,#865,.T.);
#596=EDGE_CURVE('',#729,#763,#866,.T.);
#597=EDGE_CURVE('',#769,#770,#108,.T.);
#598=EDGE_CURVE('',#770,#771,#109,.F.);
#599=EDGE_CURVE('',#771,#767,#110,.T.);
#600=EDGE_CURVE('',#709,#721,#111,.F.);
#601=EDGE_CURVE('',#769,#712,#867,.T.);
#602=EDGE_CURVE('',#745,#769,#868,.T.);
#603=EDGE_CURVE('',#744,#772,#16,.T.);
#604=EDGE_CURVE('',#772,#770,#869,.T.);
#605=EDGE_CURVE('',#764,#726,#870,.T.);
#606=EDGE_CURVE('',#725,#765,#871,.F.);
#607=EDGE_CURVE('',#771,#773,#872,.T.);
#608=EDGE_CURVE('',#773,#768,#17,.T.);
#609=EDGE_CURVE('',#772,#773,#18,.F.);
#610=EDGE_CURVE('',#760,#743,#873,.F.);
#611=EDGE_CURVE('',#717,#718,#32,.T.);
#612=EDGE_CURVE('',#774,#774,#112,.T.);
#613=EDGE_CURVE('',#775,#775,#113,.T.);
#614=EDGE_CURVE('',#696,#736,#874,.T.);
#615=EDGE_CURVE('',#695,#737,#875,.F.);
#616=EDGE_CURVE('',#705,#776,#876,.F.);
#617=EDGE_CURVE('',#776,#777,#114,.F.);
#618=EDGE_CURVE('',#777,#706,#877,.T.);
#619=EDGE_CURVE('',#778,#716,#33,.T.);
#620=EDGE_CURVE('',#779,#778,#878,.F.);
#621=EDGE_CURVE('',#780,#779,#34,.T.);
#622=EDGE_CURVE('',#781,#780,#19,.T.);
#623=EDGE_CURVE('',#782,#781,#35,.T.);
#624=EDGE_CURVE('',#782,#783,#879,.T.);
#625=EDGE_CURVE('',#784,#783,#36,.T.);
#626=EDGE_CURVE('',#784,#785,#115,.F.);
#627=EDGE_CURVE('',#698,#785,#880,.F.);
#628=EDGE_CURVE('',#735,#697,#881,.F.);
#629=EDGE_CURVE('',#786,#786,#37,.T.);
#630=EDGE_CURVE('',#785,#787,#116,.F.);
#631=EDGE_CURVE('',#787,#699,#882,.T.);
#632=EDGE_CURVE('',#788,#700,#883,.F.);
#633=EDGE_CURVE('',#787,#788,#117,.F.);
#634=EDGE_CURVE('',#789,#790,#118,.T.);
#635=EDGE_CURVE('',#789,#690,#884,.T.);
#636=EDGE_CURVE('',#692,#791,#885,.T.);
#637=EDGE_CURVE('',#792,#791,#119,.T.);
#638=EDGE_CURVE('',#777,#792,#886,.T.);
#639=EDGE_CURVE('',#790,#776,#887,.T.);
#640=EDGE_CURVE('',#788,#793,#888,.T.);
#641=EDGE_CURVE('',#793,#784,#889,.T.);
#642=EDGE_CURVE('',#794,#795,#890,.F.);
#643=EDGE_CURVE('',#781,#795,#891,.F.);
#644=EDGE_CURVE('',#794,#780,#892,.F.);
#645=EDGE_CURVE('',#796,#797,#120,.T.);
#646=EDGE_CURVE('',#797,#798,#893,.T.);
#647=EDGE_CURVE('',#799,#798,#121,.T.);
#648=EDGE_CURVE('',#796,#799,#894,.T.);
#649=EDGE_CURVE('',#753,#798,#122,.T.);
#650=EDGE_CURVE('',#778,#797,#123,.T.);
#651=EDGE_CURVE('',#800,#800,#124,.T.);
#652=EDGE_CURVE('',#801,#801,#125,.T.);
#653=EDGE_CURVE('',#802,#803,#895,.F.);
#654=EDGE_CURVE('',#804,#803,#20,.T.);
#655=EDGE_CURVE('',#804,#805,#896,.T.);
#656=EDGE_CURVE('',#795,#805,#21,.F.);
#657=EDGE_CURVE('',#806,#794,#22,.T.);
#658=EDGE_CURVE('',#807,#806,#897,.F.);
#659=EDGE_CURVE('',#807,#808,#898,.F.);
#660=EDGE_CURVE('',#808,#809,#899,.T.);
#661=EDGE_CURVE('',#802,#809,#900,.F.);
#662=EDGE_CURVE('',#810,#799,#901,.T.);
#663=EDGE_CURVE('',#810,#808,#902,.T.);
#664=EDGE_CURVE('',#796,#807,#903,.T.);
#665=EDGE_CURVE('',#701,#811,#904,.F.);
#666=EDGE_CURVE('',#803,#793,#126,.T.);
#667=EDGE_CURVE('',#811,#802,#905,.F.);
#668=EDGE_CURVE('',#779,#806,#906,.T.);
#669=EDGE_CURVE('',#738,#693,#907,.T.);
#670=EDGE_CURVE('',#812,#694,#908,.T.);
#671=EDGE_CURVE('',#739,#812,#23,.T.);
#672=EDGE_CURVE('',#783,#804,#909,.F.);
#673=EDGE_CURVE('',#805,#782,#910,.T.);
#674=EDGE_CURVE('',#702,#813,#911,.T.);
#675=EDGE_CURVE('',#813,#811,#24,.T.);
#676=EDGE_CURVE('',#812,#813,#25,.F.);
#677=EDGE_CURVE('',#809,#740,#912,.F.);
#678=EDGE_CURVE('',#814,#814,#127,.T.);
#679=EDGE_CURVE('',#707,#792,#913,.T.);
#680=EDGE_CURVE('',#708,#791,#914,.T.);
#681=EDGE_CURVE('',#703,#789,#915,.T.);
#682=EDGE_CURVE('',#704,#790,#916,.T.);
#683=EDGE_CURVE('',#815,#809,#917,.T.);
#684=EDGE_CURVE('',#815,#741,#918,.T.);
#685=EDGE_CURVE('',#810,#815,#919,.T.);
#686=EDGE_CURVE('',#766,#816,#920,.T.);
#687=EDGE_CURVE('',#816,#760,#921,.T.);
#688=EDGE_CURVE('',#816,#742,#922,.T.);
#689=VERTEX_POINT('',#1853);
#690=VERTEX_POINT('',#1854);
#691=VERTEX_POINT('',#1856);
#692=VERTEX_POINT('',#1858);
#693=VERTEX_POINT('',#1862);
#694=VERTEX_POINT('',#1863);
#695=VERTEX_POINT('',#1865);
#696=VERTEX_POINT('',#1867);
#697=VERTEX_POINT('',#1869);
#698=VERTEX_POINT('',#1871);
#699=VERTEX_POINT('',#1873);
#700=VERTEX_POINT('',#1875);
#701=VERTEX_POINT('',#1877);
#702=VERTEX_POINT('',#1879);
#703=VERTEX_POINT('',#1882);
#704=VERTEX_POINT('',#1884);
#705=VERTEX_POINT('',#1886);
#706=VERTEX_POINT('',#1888);
#707=VERTEX_POINT('',#1890);
#708=VERTEX_POINT('',#1892);
#709=VERTEX_POINT('',#1896);
#710=VERTEX_POINT('',#1897);
#711=VERTEX_POINT('',#1899);
#712=VERTEX_POINT('',#1901);
#713=VERTEX_POINT('',#1905);
#714=VERTEX_POINT('',#1907);
#715=VERTEX_POINT('',#1914);
#716=VERTEX_POINT('',#1915);
#717=VERTEX_POINT('',#1917);
#718=VERTEX_POINT('',#1925);
#719=VERTEX_POINT('',#1927);
#720=VERTEX_POINT('',#1929);
#721=VERTEX_POINT('',#1931);
#722=VERTEX_POINT('',#1933);
#723=VERTEX_POINT('',#1935);
#724=VERTEX_POINT('',#1937);
#725=VERTEX_POINT('',#1943);
#726=VERTEX_POINT('',#1945);
#727=VERTEX_POINT('',#1950);
#728=VERTEX_POINT('',#1952);
#729=VERTEX_POINT('',#1960);
#730=VERTEX_POINT('',#1975);
#731=VERTEX_POINT('',#1978);
#732=VERTEX_POINT('',#1980);
#733=VERTEX_POINT('',#1984);
#734=VERTEX_POINT('',#1985);
#735=VERTEX_POINT('',#1990);
#736=VERTEX_POINT('',#1992);
#737=VERTEX_POINT('',#1994);
#738=VERTEX_POINT('',#1996);
#739=VERTEX_POINT('',#1998);
#740=VERTEX_POINT('',#2000);
#741=VERTEX_POINT('',#2002);
#742=VERTEX_POINT('',#2004);
#743=VERTEX_POINT('',#2006);
#744=VERTEX_POINT('',#2008);
#745=VERTEX_POINT('',#2010);
#746=VERTEX_POINT('',#2015);
#747=VERTEX_POINT('',#2019);
#748=VERTEX_POINT('',#2020);
#749=VERTEX_POINT('',#2025);
#750=VERTEX_POINT('',#2026);
#751=VERTEX_POINT('',#2028);
#752=VERTEX_POINT('',#2030);
#753=VERTEX_POINT('',#2034);
#754=VERTEX_POINT('',#2039);
#755=VERTEX_POINT('',#2041);
#756=VERTEX_POINT('',#2044);
#757=VERTEX_POINT('',#2046);
#758=VERTEX_POINT('',#2049);
#759=VERTEX_POINT('',#2050);
#760=VERTEX_POINT('',#2052);
#761=VERTEX_POINT('',#2054);
#762=VERTEX_POINT('',#2056);
#763=VERTEX_POINT('',#2058);
#764=VERTEX_POINT('',#2061);
#765=VERTEX_POINT('',#2063);
#766=VERTEX_POINT('',#2068);
#767=VERTEX_POINT('',#2072);
#768=VERTEX_POINT('',#2073);
#769=VERTEX_POINT('',#2081);
#770=VERTEX_POINT('',#2082);
#771=VERTEX_POINT('',#2084);
#772=VERTEX_POINT('',#2093);
#773=VERTEX_POINT('',#2103);
#774=VERTEX_POINT('',#2118);
#775=VERTEX_POINT('',#2122);
#776=VERTEX_POINT('',#2129);
#777=VERTEX_POINT('',#2131);
#778=VERTEX_POINT('',#2139);
#779=VERTEX_POINT('',#2141);
#780=VERTEX_POINT('',#2149);
#781=VERTEX_POINT('',#2151);
#782=VERTEX_POINT('',#2156);
#783=VERTEX_POINT('',#2158);
#784=VERTEX_POINT('',#2164);
#785=VERTEX_POINT('',#2166);
#786=VERTEX_POINT('',#2182);
#787=VERTEX_POINT('',#2185);
#788=VERTEX_POINT('',#2189);
#789=VERTEX_POINT('',#2193);
#790=VERTEX_POINT('',#2194);
#791=VERTEX_POINT('',#2197);
#792=VERTEX_POINT('',#2199);
#793=VERTEX_POINT('',#2203);
#794=VERTEX_POINT('',#2207);
#795=VERTEX_POINT('',#2208);
#796=VERTEX_POINT('',#2213);
#797=VERTEX_POINT('',#2214);
#798=VERTEX_POINT('',#2216);
#799=VERTEX_POINT('',#2218);
#800=VERTEX_POINT('',#2225);
#801=VERTEX_POINT('',#2227);
#802=VERTEX_POINT('',#2230);
#803=VERTEX_POINT('',#2231);
#804=VERTEX_POINT('',#2233);
#805=VERTEX_POINT('',#2235);
#806=VERTEX_POINT('',#2238);
#807=VERTEX_POINT('',#2240);
#808=VERTEX_POINT('',#2242);
#809=VERTEX_POINT('',#2244);
#810=VERTEX_POINT('',#2248);
#811=VERTEX_POINT('',#2253);
#812=VERTEX_POINT('',#2263);
#813=VERTEX_POINT('',#2273);
#814=VERTEX_POINT('',#2281);
#815=VERTEX_POINT('',#2295);
#816=VERTEX_POINT('',#2301);
#817=LINE('',#1852,#923);
#818=LINE('',#1857,#924);
#819=LINE('',#1864,#925);
#820=LINE('',#1866,#926);
#821=LINE('',#1876,#927);
#822=LINE('',#1881,#928);
#823=LINE('',#1885,#929);
#824=LINE('',#1889,#930);
#825=LINE('',#1893,#931);
#826=LINE('',#1895,#932);
#827=LINE('',#1898,#933);
#828=LINE('',#1900,#934);
#829=LINE('',#1902,#935);
#830=LINE('',#1916,#936);
#831=LINE('',#1926,#937);
#832=LINE('',#1930,#938);
#833=LINE('',#1934,#939);
#834=LINE('',#1944,#940);
#835=LINE('',#1961,#941);
#836=LINE('',#1981,#942);
#837=LINE('',#1983,#943);
#838=LINE('',#1993,#944);
#839=LINE('',#1995,#945);
#840=LINE('',#1999,#946);
#841=LINE('',#2001,#947);
#842=LINE('',#2003,#948);
#843=LINE('',#2005,#949);
#844=LINE('',#2007,#950);
#845=LINE('',#2011,#951);
#846=LINE('',#2014,#952);
#847=LINE('',#2016,#953);
#848=LINE('',#2018,#954);
#849=LINE('',#2021,#955);
#850=LINE('',#2022,#956);
#851=LINE('',#2027,#957);
#852=LINE('',#2031,#958);
#853=LINE('',#2033,#959);
#854=LINE('',#2048,#960);
#855=LINE('',#2051,#961);
#856=LINE('',#2053,#962);
#857=LINE('',#2055,#963);
#858=LINE('',#2057,#964);
#859=LINE('',#2062,#965);
#860=LINE('',#2066,#966);
#861=LINE('',#2067,#967);
#862=LINE('',#2069,#968);
#863=LINE('',#2071,#969);
#864=LINE('',#2074,#970);
#865=LINE('',#2076,#971);
#866=LINE('',#2078,#972);
#867=LINE('',#2087,#973);
#868=LINE('',#2090,#974);
#869=LINE('',#2094,#975);
#870=LINE('',#2096,#976);
#871=LINE('',#2097,#977);
#872=LINE('',#2102,#978);
#873=LINE('',#2108,#979);
#874=LINE('',#2125,#980);
#875=LINE('',#2126,#981);
#876=LINE('',#2128,#982);
#877=LINE('',#2132,#983);
#878=LINE('',#2140,#984);
#879=LINE('',#2157,#985);
#880=LINE('',#2167,#986);
#881=LINE('',#2168,#987);
#882=LINE('',#2186,#988);
#883=LINE('',#2188,#989);
#884=LINE('',#2195,#990);
#885=LINE('',#2196,#991);
#886=LINE('',#2200,#992);
#887=LINE('',#2201,#993);
#888=LINE('',#2202,#994);
#889=LINE('',#2204,#995);
#890=LINE('',#2206,#996);
#891=LINE('',#2209,#997);
#892=LINE('',#2210,#998);
#893=LINE('',#2215,#999);
#894=LINE('',#2219,#1000);
#895=LINE('',#2229,#1001);
#896=LINE('',#2234,#1002);
#897=LINE('',#2239,#1003);
#898=LINE('',#2241,#1004);
#899=LINE('',#2243,#1005);
#900=LINE('',#2245,#1006);
#901=LINE('',#2247,#1007);
#902=LINE('',#2249,#1008);
#903=LINE('',#2250,#1009);
#904=LINE('',#2252,#1010);
#905=LINE('',#2255,#1011);
#906=LINE('',#2257,#1012);
#907=LINE('',#2260,#1013);
#908=LINE('',#2262,#1014);
#909=LINE('',#2266,#1015);
#910=LINE('',#2267,#1016);
#911=LINE('',#2272,#1017);
#912=LINE('',#2278,#1018);
#913=LINE('',#2284,#1019);
#914=LINE('',#2285,#1020);
#915=LINE('',#2289,#1021);
#916=LINE('',#2291,#1022);
#917=LINE('',#2294,#1023);
#918=LINE('',#2296,#1024);
#919=LINE('',#2298,#1025);
#920=LINE('',#2300,#1026);
#921=LINE('',#2302,#1027);
#922=LINE('',#2304,#1028);
#923=VECTOR('',#1468,1.);
#924=VECTOR('',#1471,1.);
#925=VECTOR('',#1478,1.);
#926=VECTOR('',#1479,1.);
#927=VECTOR('',#1488,1.);
#928=VECTOR('',#1493,1.);
#929=VECTOR('',#1496,1.);
#930=VECTOR('',#1499,1.);
#931=VECTOR('',#1502,1.);
#932=VECTOR('',#1505,1.);
#933=VECTOR('',#1506,1.);
#934=VECTOR('',#1507,1.);
#935=VECTOR('',#1508,1.);
#936=VECTOR('',#1517,1.);
#937=VECTOR('',#1518,1.);
#938=VECTOR('',#1521,1.);
#939=VECTOR('',#1524,1.);
#940=VECTOR('',#1527,1.);
#941=VECTOR('',#1530,1.);
#942=VECTOR('',#1537,1.);
#943=VECTOR('',#1540,1.);
#944=VECTOR('',#1551,1.);
#945=VECTOR('',#1552,1.);
#946=VECTOR('',#1555,1.);
#947=VECTOR('',#1556,1.);
#948=VECTOR('',#1557,1.);
#949=VECTOR('',#1558,1.);
#950=VECTOR('',#1559,1.);
#951=VECTOR('',#1562,1.);
#952=VECTOR('',#1567,1.);
#953=VECTOR('',#1568,1.);
#954=VECTOR('',#1571,1.);
#955=VECTOR('',#1572,1.);
#956=VECTOR('',#1573,1.);
#957=VECTOR('',#1578,1.);
#958=VECTOR('',#1581,1.);
#959=VECTOR('',#1584,1.);
#960=VECTOR('',#1603,1.);
#961=VECTOR('',#1604,1.);
#962=VECTOR('',#1605,1.);
#963=VECTOR('',#1606,1.);
#964=VECTOR('',#1607,1.);
#965=VECTOR('',#1612,1.);
#966=VECTOR('',#1617,1.);
#967=VECTOR('',#1618,1.);
#968=VECTOR('',#1619,1.);
#969=VECTOR('',#1622,1.);
#970=VECTOR('',#1623,1.);
#971=VECTOR('',#1626,1.);
#972=VECTOR('',#1629,1.);
#973=VECTOR('',#1640,1.);
#974=VECTOR('',#1645,1.);
#975=VECTOR('',#1650,1.);
#976=VECTOR('',#1653,1.);
#977=VECTOR('',#1654,1.);
#978=VECTOR('',#1663,1.);
#979=VECTOR('',#1672,1.);
#980=VECTOR('',#1687,1.);
#981=VECTOR('',#1688,1.);
#982=VECTOR('',#1691,1.);
#983=VECTOR('',#1694,1.);
#984=VECTOR('',#1697,1.);
#985=VECTOR('',#1700,1.);
#986=VECTOR('',#1703,1.);
#987=VECTOR('',#1704,1.);
#988=VECTOR('',#1709,1.);
#989=VECTOR('',#1712,1.);
#990=VECTOR('',#1719,1.);
#991=VECTOR('',#1720,1.);
#992=VECTOR('',#1723,1.);
#993=VECTOR('',#1724,1.);
#994=VECTOR('',#1725,1.);
#995=VECTOR('',#1726,1.);
#996=VECTOR('',#1729,1.);
#997=VECTOR('',#1730,1.);
#998=VECTOR('',#1731,1.);
#999=VECTOR('',#1736,1.);
#1000=VECTOR('',#1739,1.);
#1001=VECTOR('',#1754,1.);
#1002=VECTOR('',#1757,1.);
#1003=VECTOR('',#1762,1.);
#1004=VECTOR('',#1763,1.);
#1005=VECTOR('',#1764,1.);
#1006=VECTOR('',#1765,1.);
#1007=VECTOR('',#1768,1.);
#1008=VECTOR('',#1769,1.);
#1009=VECTOR('',#1770,1.);
#1010=VECTOR('',#1773,1.);
#1011=VECTOR('',#1776,1.);
#1012=VECTOR('',#1779,1.);
#1013=VECTOR('',#1784,1.);
#1014=VECTOR('',#1787,1.);
#1015=VECTOR('',#1792,1.);
#1016=VECTOR('',#1793,1.);
#1017=VECTOR('',#1802,1.);
#1018=VECTOR('',#1811,1.);
#1019=VECTOR('',#1820,1.);
#1020=VECTOR('',#1821,1.);
#1021=VECTOR('',#1828,1.);
#1022=VECTOR('',#1831,1.);
#1023=VECTOR('',#1836,1.);
#1024=VECTOR('',#1837,1.);
#1025=VECTOR('',#1840,1.);
#1026=VECTOR('',#1843,1.);
#1027=VECTOR('',#1844,1.);
#1028=VECTOR('',#1847,1.);
#1029=EDGE_LOOP('',(#128,#129,#130,#131));
#1030=EDGE_LOOP('',(#132,#133,#134,#135,#136,#137,#138,#139,#140,#141));
#1031=EDGE_LOOP('',(#142,#143,#144,#145,#146,#147,#148,#149));
#1032=EDGE_LOOP('',(#150,#151,#152,#153));
#1033=EDGE_LOOP('',(#154));
#1034=EDGE_LOOP('',(#155));
#1035=EDGE_LOOP('',(#156,#157,#158,#159,#160,#161,#162,#163,#164,#165,#166,
#167,#168,#169,#170));
#1036=EDGE_LOOP('',(#171));
#1037=EDGE_LOOP('',(#172,#173,#174,#175));
#1038=EDGE_LOOP('',(#176,#177,#178,#179));
#1039=EDGE_LOOP('',(#180,#181,#182,#183,#184,#185,#186,#187,#188,#189,#190,
#191,#192,#193,#194));
#1040=EDGE_LOOP('',(#195,#196,#197,#198,#199));
#1041=EDGE_LOOP('',(#200));
#1042=EDGE_LOOP('',(#201,#202,#203,#204));
#1043=EDGE_LOOP('',(#205,#206,#207,#208));
#1044=EDGE_LOOP('',(#209,#210,#211,#212,#213));
#1045=EDGE_LOOP('',(#214));
#1046=EDGE_LOOP('',(#215));
#1047=EDGE_LOOP('',(#216));
#1048=EDGE_LOOP('',(#217));
#1049=EDGE_LOOP('',(#218,#219,#220,#221,#222,#223,#224,#225,#226,#227));
#1050=EDGE_LOOP('',(#228,#229,#230,#231,#232));
#1051=EDGE_LOOP('',(#233,#234,#235,#236,#237,#238,#239));
#1052=EDGE_LOOP('',(#240,#241,#242,#243,#244,#245));
#1053=EDGE_LOOP('',(#246));
#1054=EDGE_LOOP('',(#247,#248,#249,#250,#251,#252,#253,#254,#255,#256));
#1055=EDGE_LOOP('',(#257,#258,#259,#260));
#1056=EDGE_LOOP('',(#261,#262,#263,#264));
#1057=EDGE_LOOP('',(#265,#266,#267,#268,#269));
#1058=EDGE_LOOP('',(#270,#271,#272,#273));
#1059=EDGE_LOOP('',(#274,#275,#276,#277,#278));
#1060=EDGE_LOOP('',(#279,#280,#281,#282));
#1061=EDGE_LOOP('',(#283,#284,#285,#286));
#1062=EDGE_LOOP('',(#287,#288,#289,#290));
#1063=EDGE_LOOP('',(#291,#292,#293,#294));
#1064=EDGE_LOOP('',(#295,#296,#297,#298,#299,#300,#301));
#1065=EDGE_LOOP('',(#302,#303));
#1066=EDGE_LOOP('',(#304));
#1067=EDGE_LOOP('',(#305));
#1068=EDGE_LOOP('',(#306));
#1069=EDGE_LOOP('',(#307));
#1070=EDGE_LOOP('',(#308));
#1071=EDGE_LOOP('',(#309));
#1072=EDGE_LOOP('',(#310));
#1073=EDGE_LOOP('',(#311,#312,#313,#314));
#1074=EDGE_LOOP('',(#315,#316,#317,#318));
#1075=EDGE_LOOP('',(#319,#320,#321,#322,#323,#324,#325,#326,#327,#328,#329,
#330,#331,#332,#333));
#1076=EDGE_LOOP('',(#334));
#1077=EDGE_LOOP('',(#335,#336,#337,#338));
#1078=EDGE_LOOP('',(#339,#340,#341,#342));
#1079=EDGE_LOOP('',(#343,#344,#345,#346,#347,#348,#349,#350));
#1080=EDGE_LOOP('',(#351,#352,#353,#354,#355));
#1081=EDGE_LOOP('',(#356,#357,#358,#359));
#1082=EDGE_LOOP('',(#360,#361,#362,#363));
#1083=EDGE_LOOP('',(#364,#365,#366,#367,#368));
#1084=EDGE_LOOP('',(#369));
#1085=EDGE_LOOP('',(#370));
#1086=EDGE_LOOP('',(#371,#372,#373,#374,#375,#376,#377,#378,#379,#380));
#1087=EDGE_LOOP('',(#381,#382,#383,#384,#385));
#1088=EDGE_LOOP('',(#386,#387,#388,#389,#390,#391,#392));
#1089=EDGE_LOOP('',(#393,#394,#395,#396,#397,#398));
#1090=EDGE_LOOP('',(#399,#400,#401,#402));
#1091=EDGE_LOOP('',(#403,#404,#405,#406));
#1092=EDGE_LOOP('',(#407,#408,#409,#410,#411));
#1093=EDGE_LOOP('',(#412,#413,#414,#415));
#1094=EDGE_LOOP('',(#416,#417,#418,#419,#420));
#1095=EDGE_LOOP('',(#421,#422,#423,#424));
#1096=EDGE_LOOP('',(#425,#426,#427,#428));
#1097=EDGE_LOOP('',(#429,#430,#431,#432));
#1098=EDGE_LOOP('',(#433,#434,#435,#436));
#1099=EDGE_LOOP('',(#437,#438,#439,#440,#441,#442,#443));
#1100=EDGE_LOOP('',(#444));
#1101=EDGE_LOOP('',(#445));
#1102=EDGE_LOOP('',(#446));
#1103=EDGE_LOOP('',(#447));
#1104=EDGE_LOOP('',(#448,#449,#450,#451));
#1105=EDGE_LOOP('',(#452,#453,#454,#455));
#1106=EDGE_LOOP('',(#456,#457,#458,#459));
#1107=EDGE_LOOP('',(#460,#461,#462,#463));
#1108=EDGE_LOOP('',(#464,#465,#466,#467));
#1109=EDGE_LOOP('',(#468,#469,#470,#471));
#1110=EDGE_LOOP('',(#472,#473,#474,#475));
#1111=EDGE_LOOP('',(#476,#477,#478,#479));
#1112=EDGE_LOOP('',(#480,#481,#482,#483));
#1113=EDGE_LOOP('',(#484,#485,#486,#487));
#1114=EDGE_LOOP('',(#488));
#1115=EDGE_LOOP('',(#489));
#1116=EDGE_LOOP('',(#490));
#1117=EDGE_LOOP('',(#491,#492,#493,#494,#495,#496,#497,#498,#499,#500,#501));
#1118=FACE_BOUND('',#1029,.T.);
#1119=FACE_BOUND('',#1030,.T.);
#1120=FACE_BOUND('',#1031,.T.);
#1121=FACE_BOUND('',#1032,.T.);
#1122=FACE_BOUND('',#1033,.T.);
#1123=FACE_BOUND('',#1034,.T.);
#1124=FACE_BOUND('',#1035,.T.);
#1125=FACE_BOUND('',#1036,.T.);
#1126=FACE_BOUND('',#1037,.T.);
#1127=FACE_BOUND('',#1038,.T.);
#1128=FACE_BOUND('',#1039,.T.);
#1129=FACE_BOUND('',#1040,.T.);
#1130=FACE_BOUND('',#1041,.T.);
#1131=FACE_BOUND('',#1042,.T.);
#1132=FACE_BOUND('',#1043,.T.);
#1133=FACE_BOUND('',#1044,.T.);
#1134=FACE_BOUND('',#1045,.T.);
#1135=FACE_BOUND('',#1046,.T.);
#1136=FACE_BOUND('',#1047,.T.);
#1137=FACE_BOUND('',#1048,.T.);
#1138=FACE_BOUND('',#1049,.T.);
#1139=FACE_BOUND('',#1050,.T.);
#1140=FACE_BOUND('',#1051,.T.);
#1141=FACE_BOUND('',#1052,.T.);
#1142=FACE_BOUND('',#1053,.T.);
#1143=FACE_BOUND('',#1054,.T.);
#1144=FACE_BOUND('',#1055,.T.);
#1145=FACE_BOUND('',#1056,.T.);
#1146=FACE_BOUND('',#1057,.T.);
#1147=FACE_BOUND('',#1058,.T.);
#1148=FACE_BOUND('',#1059,.T.);
#1149=FACE_BOUND('',#1060,.T.);
#1150=FACE_BOUND('',#1061,.T.);
#1151=FACE_BOUND('',#1062,.T.);
#1152=FACE_BOUND('',#1063,.T.);
#1153=FACE_BOUND('',#1064,.T.);
#1154=FACE_BOUND('',#1065,.T.);
#1155=FACE_BOUND('',#1066,.T.);
#1156=FACE_BOUND('',#1067,.T.);
#1157=FACE_BOUND('',#1068,.T.);
#1158=FACE_BOUND('',#1069,.T.);
#1159=FACE_BOUND('',#1070,.T.);
#1160=FACE_BOUND('',#1071,.T.);
#1161=FACE_BOUND('',#1072,.T.);
#1162=FACE_BOUND('',#1073,.T.);
#1163=FACE_BOUND('',#1074,.T.);
#1164=FACE_BOUND('',#1075,.T.);
#1165=FACE_BOUND('',#1076,.T.);
#1166=FACE_BOUND('',#1077,.T.);
#1167=FACE_BOUND('',#1078,.T.);
#1168=FACE_BOUND('',#1079,.T.);
#1169=FACE_BOUND('',#1080,.T.);
#1170=FACE_BOUND('',#1081,.T.);
#1171=FACE_BOUND('',#1082,.T.);
#1172=FACE_BOUND('',#1083,.T.);
#1173=FACE_BOUND('',#1084,.T.);
#1174=FACE_BOUND('',#1085,.T.);
#1175=FACE_BOUND('',#1086,.T.);
#1176=FACE_BOUND('',#1087,.T.);
#1177=FACE_BOUND('',#1088,.T.);
#1178=FACE_BOUND('',#1089,.T.);
#1179=FACE_BOUND('',#1090,.T.);
#1180=FACE_BOUND('',#1091,.T.);
#1181=FACE_BOUND('',#1092,.T.);
#1182=FACE_BOUND('',#1093,.T.);
#1183=FACE_BOUND('',#1094,.T.);
#1184=FACE_BOUND('',#1095,.T.);
#1185=FACE_BOUND('',#1096,.T.);
#1186=FACE_BOUND('',#1097,.T.);
#1187=FACE_BOUND('',#1098,.T.);
#1188=FACE_BOUND('',#1099,.T.);
#1189=FACE_BOUND('',#1100,.T.);
#1190=FACE_BOUND('',#1101,.T.);
#1191=FACE_BOUND('',#1102,.T.);
#1192=FACE_BOUND('',#1103,.T.);
#1193=FACE_BOUND('',#1104,.T.);
#1194=FACE_BOUND('',#1105,.T.);
#1195=FACE_BOUND('',#1106,.T.);
#1196=FACE_BOUND('',#1107,.T.);
#1197=FACE_BOUND('',#1108,.T.);
#1198=FACE_BOUND('',#1109,.T.);
#1199=FACE_BOUND('',#1110,.T.);
#1200=FACE_BOUND('',#1111,.T.);
#1201=FACE_BOUND('',#1112,.T.);
#1202=FACE_BOUND('',#1113,.T.);
#1203=FACE_BOUND('',#1114,.T.);
#1204=FACE_BOUND('',#1115,.T.);
#1205=FACE_BOUND('',#1116,.T.);
#1206=FACE_BOUND('',#1117,.T.);
#1207=CYLINDRICAL_SURFACE('',#1325,0.00175);
#1208=CYLINDRICAL_SURFACE('',#1340,0.00175);
#1209=CYLINDRICAL_SURFACE('',#1343,0.01845);
#1210=CYLINDRICAL_SURFACE('',#1348,0.003);
#1211=CYLINDRICAL_SURFACE('',#1351,0.004);
#1212=CYLINDRICAL_SURFACE('',#1362,0.0019);
#1213=CYLINDRICAL_SURFACE('',#1365,0.0096);
#1214=CYLINDRICAL_SURFACE('',#1368,0.00175);
#1215=CYLINDRICAL_SURFACE('',#1371,0.00175);
#1216=CYLINDRICAL_SURFACE('',#1387,0.00109999999997046);
#1217=CYLINDRICAL_SURFACE('',#1389,0.001);
#1218=CYLINDRICAL_SURFACE('',#1392,0.002);
#1219=CYLINDRICAL_SURFACE('',#1393,0.005);
#1220=CYLINDRICAL_SURFACE('',#1394,0.005);
#1221=CYLINDRICAL_SURFACE('',#1395,0.0005);
#1222=CYLINDRICAL_SURFACE('',#1397,0.01);
#1223=CYLINDRICAL_SURFACE('',#1400,0.003);
#1224=CYLINDRICAL_SURFACE('',#1403,0.003);
#1225=CYLINDRICAL_SURFACE('',#1407,0.00175);
#1226=CYLINDRICAL_SURFACE('',#1409,0.01845);
#1227=CYLINDRICAL_SURFACE('',#1412,0.003);
#1228=CYLINDRICAL_SURFACE('',#1414,0.004);
#1229=CYLINDRICAL_SURFACE('',#1420,0.0019);
#1230=CYLINDRICAL_SURFACE('',#1423,0.0096);
#1231=CYLINDRICAL_SURFACE('',#1426,0.00175);
#1232=CYLINDRICAL_SURFACE('',#1437,0.00109999999997046);
#1233=CYLINDRICAL_SURFACE('',#1439,0.001);
#1234=CYLINDRICAL_SURFACE('',#1442,0.002);
#1235=CYLINDRICAL_SURFACE('',#1443,0.005);
#1236=CYLINDRICAL_SURFACE('',#1444,0.005);
#1237=CYLINDRICAL_SURFACE('',#1445,0.0005);
#1238=CYLINDRICAL_SURFACE('',#1447,0.01);
#1239=CYLINDRICAL_SURFACE('',#1450,0.003);
#1240=CYLINDRICAL_SURFACE('',#1453,0.0017);
#1241=CYLINDRICAL_SURFACE('',#1457,0.0017);
#1242=ADVANCED_FACE('',(#1118),#1207,.F.);
#1243=ADVANCED_FACE('',(#1119,#1120),#38,.F.);
#1244=ADVANCED_FACE('',(#1121),#39,.F.);
#1245=ADVANCED_FACE('',(#1122,#1123),#1208,.F.);
#1246=ADVANCED_FACE('',(#1124,#1125),#1209,.F.);
#1247=ADVANCED_FACE('',(#1126),#1210,.T.);
#1248=ADVANCED_FACE('',(#1127),#1211,.T.);
#1249=ADVANCED_FACE('',(#1128),#40,.F.);
#1250=ADVANCED_FACE('',(#1129,#1130),#41,.F.);
#1251=ADVANCED_FACE('',(#1131),#42,.T.);
#1252=ADVANCED_FACE('',(#1132),#1212,.T.);
#1253=ADVANCED_FACE('',(#1133),#1213,.F.);
#1254=ADVANCED_FACE('',(#1134,#1135),#1214,.F.);
#1255=ADVANCED_FACE('',(#1136,#1137),#1215,.F.);
#1256=ADVANCED_FACE('',(#1138),#43,.F.);
#1257=ADVANCED_FACE('',(#1139),#44,.F.);
#1258=ADVANCED_FACE('',(#1140),#45,.F.);
#1259=ADVANCED_FACE('',(#1141),#46,.T.);
#1260=ADVANCED_FACE('',(#1142,#1143),#47,.F.);
#1261=ADVANCED_FACE('',(#1144),#1216,.T.);
#1262=ADVANCED_FACE('',(#1145),#48,.T.);
#1263=ADVANCED_FACE('',(#1146),#1217,.T.);
#1264=ADVANCED_FACE('',(#1147),#49,.T.);
#1265=ADVANCED_FACE('',(#1148),#1218,.F.);
#1266=ADVANCED_FACE('',(#1149),#1219,.F.);
#1267=ADVANCED_FACE('',(#1150),#1220,.T.);
#1268=ADVANCED_FACE('',(#1151),#1221,.T.);
#1269=ADVANCED_FACE('',(#1152),#1222,.F.);
#1270=ADVANCED_FACE('',(#1153),#50,.F.);
#1271=ADVANCED_FACE('',(#1154,#1155),#1223,.F.);
#1272=ADVANCED_FACE('',(#1156,#1157),#51,.F.);
#1273=ADVANCED_FACE('',(#1158,#1159),#1224,.F.);
#1274=ADVANCED_FACE('',(#1160,#1161),#52,.F.);
#1275=ADVANCED_FACE('',(#1162),#53,.F.);
#1276=ADVANCED_FACE('',(#1163),#1225,.F.);
#1277=ADVANCED_FACE('',(#1164,#1165),#1226,.F.);
#1278=ADVANCED_FACE('',(#1166),#1227,.T.);
#1279=ADVANCED_FACE('',(#1167),#1228,.T.);
#1280=ADVANCED_FACE('',(#1168,#1169),#54,.F.);
#1281=ADVANCED_FACE('',(#1170),#55,.T.);
#1282=ADVANCED_FACE('',(#1171),#1229,.T.);
#1283=ADVANCED_FACE('',(#1172),#1230,.F.);
#1284=ADVANCED_FACE('',(#1173,#1174),#1231,.F.);
#1285=ADVANCED_FACE('',(#1175),#56,.F.);
#1286=ADVANCED_FACE('',(#1176),#57,.F.);
#1287=ADVANCED_FACE('',(#1177),#58,.F.);
#1288=ADVANCED_FACE('',(#1178),#59,.T.);
#1289=ADVANCED_FACE('',(#1179),#1232,.T.);
#1290=ADVANCED_FACE('',(#1180),#60,.T.);
#1291=ADVANCED_FACE('',(#1181),#1233,.T.);
#1292=ADVANCED_FACE('',(#1182),#61,.T.);
#1293=ADVANCED_FACE('',(#1183),#1234,.F.);
#1294=ADVANCED_FACE('',(#1184),#1235,.F.);
#1295=ADVANCED_FACE('',(#1185),#1236,.T.);
#1296=ADVANCED_FACE('',(#1186),#1237,.T.);
#1297=ADVANCED_FACE('',(#1187),#1238,.F.);
#1298=ADVANCED_FACE('',(#1188),#62,.F.);
#1299=ADVANCED_FACE('',(#1189,#1190),#1239,.F.);
#1300=ADVANCED_FACE('',(#1191,#1192),#63,.F.);
#1301=ADVANCED_FACE('',(#1193),#1240,.F.);
#1302=ADVANCED_FACE('',(#1194),#64,.F.);
#1303=ADVANCED_FACE('',(#1195),#65,.T.);
#1304=ADVANCED_FACE('',(#1196),#66,.T.);
#1305=ADVANCED_FACE('',(#1197),#1241,.F.);
#1306=ADVANCED_FACE('',(#1198),#67,.F.);
#1307=ADVANCED_FACE('',(#1199),#68,.T.);
#1308=ADVANCED_FACE('',(#1200),#69,.T.);
#1309=ADVANCED_FACE('',(#1201),#70,.F.);
#1310=ADVANCED_FACE('',(#1202),#71,.F.);
#1311=ADVANCED_FACE('',(#1203,#1204,#1205,#1206),#72,.T.);
#1312=CLOSED_SHELL('',(#1242,#1243,#1244,#1245,#1246,#1247,#1248,#1249,
#1250,#1251,#1252,#1253,#1254,#1255,#1256,#1257,#1258,#1259,#1260,#1261,
#1262,#1263,#1264,#1265,#1266,#1267,#1268,#1269,#1270,#1271,#1272,#1273,
#1274,#1275,#1276,#1277,#1278,#1279,#1280,#1281,#1282,#1283,#1284,#1285,
#1286,#1287,#1288,#1289,#1290,#1291,#1292,#1293,#1294,#1295,#1296,#1297,
#1298,#1299,#1300,#1301,#1302,#1303,#1304,#1305,#1306,#1307,#1308,#1309,
#1310,#1311));
#1313=STYLED_ITEM('',(#1314),#1321);
#1314=PRESENTATION_STYLE_ASSIGNMENT((#1315));
#1315=SURFACE_STYLE_USAGE(.BOTH.,#1316);
#1316=SURFACE_SIDE_STYLE('',(#1317));
#1317=SURFACE_STYLE_FILL_AREA(#1318);
#1318=FILL_AREA_STYLE('',(#1319));
#1319=FILL_AREA_STYLE_COLOUR('',#1320);
#1320=COLOUR_RGB('',0.972549019607843,0.529411764705882,0.00392156862745098);
#1321=MANIFOLD_SOLID_BREP('sherpa_bracket',#1312);
#1322=SHAPE_DEFINITION_REPRESENTATION(#2312,#1323);
#1323=SHAPE_REPRESENTATION('sherpa_bracket',(#1324),#2307);
#1324=AXIS2_PLACEMENT_3D('',#1850,#1464,#1465);
#1325=AXIS2_PLACEMENT_3D('',#1851,#1466,#1467);
#1326=AXIS2_PLACEMENT_3D('',#1855,#1469,#1470);
#1327=AXIS2_PLACEMENT_3D('',#1859,#1472,#1473);
#1328=AXIS2_PLACEMENT_3D('',#1860,#1474,#1475);
#1329=AXIS2_PLACEMENT_3D('',#1861,#1476,#1477);
#1330=AXIS2_PLACEMENT_3D('',#1868,#1480,#1481);
#1331=AXIS2_PLACEMENT_3D('',#1870,#1482,#1483);
#1332=AXIS2_PLACEMENT_3D('',#1872,#1484,#1485);
#1333=AXIS2_PLACEMENT_3D('',#1874,#1486,#1487);
#1334=AXIS2_PLACEMENT_3D('',#1878,#1489,#1490);
#1335=AXIS2_PLACEMENT_3D('',#1880,#1491,#1492);
#1336=AXIS2_PLACEMENT_3D('',#1883,#1494,#1495);
#1337=AXIS2_PLACEMENT_3D('',#1887,#1497,#1498);
#1338=AXIS2_PLACEMENT_3D('',#1891,#1500,#1501);
#1339=AXIS2_PLACEMENT_3D('',#1894,#1503,#1504);
#1340=AXIS2_PLACEMENT_3D('',#1903,#1509,#1510);
#1341=AXIS2_PLACEMENT_3D('',#1904,#1511,#1512);
#1342=AXIS2_PLACEMENT_3D('',#1906,#1513,#1514);
#1343=AXIS2_PLACEMENT_3D('',#1908,#1515,#1516);
#1344=AXIS2_PLACEMENT_3D('',#1928,#1519,#1520);
#1345=AXIS2_PLACEMENT_3D('',#1932,#1522,#1523);
#1346=AXIS2_PLACEMENT_3D('',#1936,#1525,#1526);
#1347=AXIS2_PLACEMENT_3D('',#1951,#1528,#1529);
#1348=AXIS2_PLACEMENT_3D('',#1976,#1531,#1532);
#1349=AXIS2_PLACEMENT_3D('',#1977,#1533,#1534);
#1350=AXIS2_PLACEMENT_3D('',#1979,#1535,#1536);
#1351=AXIS2_PLACEMENT_3D('',#1982,#1538,#1539);
#1352=AXIS2_PLACEMENT_3D('',#1986,#1541,#1542);
#1353=AXIS2_PLACEMENT_3D('',#1987,#1543,#1544);
#1354=AXIS2_PLACEMENT_3D('',#1988,#1545,#1546);
#1355=AXIS2_PLACEMENT_3D('',#1989,#1547,#1548);
#1356=AXIS2_PLACEMENT_3D('',#1991,#1549,#1550);
#1357=AXIS2_PLACEMENT_3D('',#1997,#1553,#1554);
#1358=AXIS2_PLACEMENT_3D('',#2009,#1560,#1561);
#1359=AXIS2_PLACEMENT_3D('',#2012,#1563,#1564);
#1360=AXIS2_PLACEMENT_3D('',#2013,#1565,#1566);
#1361=AXIS2_PLACEMENT_3D('',#2017,#1569,#1570);
#1362=AXIS2_PLACEMENT_3D('',#2023,#1574,#1575);
#1363=AXIS2_PLACEMENT_3D('',#2024,#1576,#1577);
#1364=AXIS2_PLACEMENT_3D('',#2029,#1579,#1580);
#1365=AXIS2_PLACEMENT_3D('',#2032,#1582,#1583);
#1366=AXIS2_PLACEMENT_3D('',#2035,#1585,#1586);
#1367=AXIS2_PLACEMENT_3D('',#2036,#1587,#1588);
#1368=AXIS2_PLACEMENT_3D('',#2037,#1589,#1590);
#1369=AXIS2_PLACEMENT_3D('',#2038,#1591,#1592);
#1370=AXIS2_PLACEMENT_3D('',#2040,#1593,#1594);
#1371=AXIS2_PLACEMENT_3D('',#2042,#1595,#1596);
#1372=AXIS2_PLACEMENT_3D('',#2043,#1597,#1598);
#1373=AXIS2_PLACEMENT_3D('',#2045,#1599,#1600);
#1374=AXIS2_PLACEMENT_3D('',#2047,#1601,#1602);
#1375=AXIS2_PLACEMENT_3D('',#2059,#1608,#1609);
#1376=AXIS2_PLACEMENT_3D('',#2060,#1610,#1611);
#1377=AXIS2_PLACEMENT_3D('',#2064,#1613,#1614);
#1378=AXIS2_PLACEMENT_3D('',#2065,#1615,#1616);
#1379=AXIS2_PLACEMENT_3D('',#2070,#1620,#1621);
#1380=AXIS2_PLACEMENT_3D('',#2075,#1624,#1625);
#1381=AXIS2_PLACEMENT_3D('',#2077,#1627,#1628);
#1382=AXIS2_PLACEMENT_3D('',#2079,#1630,#1631);
#1383=AXIS2_PLACEMENT_3D('',#2080,#1632,#1633);
#1384=AXIS2_PLACEMENT_3D('',#2083,#1634,#1635);
#1385=AXIS2_PLACEMENT_3D('',#2085,#1636,#1637);
#1386=AXIS2_PLACEMENT_3D('',#2086,#1638,#1639);
#1387=AXIS2_PLACEMENT_3D('',#2088,#1641,#1642);
#1388=AXIS2_PLACEMENT_3D('',#2089,#1643,#1644);
#1389=AXIS2_PLACEMENT_3D('',#2091,#1646,#1647);
#1390=AXIS2_PLACEMENT_3D('',#2092,#1648,#1649);
#1391=AXIS2_PLACEMENT_3D('',#2095,#1651,#1652);
#1392=AXIS2_PLACEMENT_3D('',#2098,#1655,#1656);
#1393=AXIS2_PLACEMENT_3D('',#2099,#1657,#1658);
#1394=AXIS2_PLACEMENT_3D('',#2100,#1659,#1660);
#1395=AXIS2_PLACEMENT_3D('',#2101,#1661,#1662);
#1396=AXIS2_PLACEMENT_3D('',#2104,#1664,#1665);
#1397=AXIS2_PLACEMENT_3D('',#2105,#1666,#1667);
#1398=AXIS2_PLACEMENT_3D('',#2106,#1668,#1669);
#1399=AXIS2_PLACEMENT_3D('',#2107,#1670,#1671);
#1400=AXIS2_PLACEMENT_3D('',#2109,#1673,#1674);
#1401=AXIS2_PLACEMENT_3D('',#2117,#1675,#1676);
#1402=AXIS2_PLACEMENT_3D('',#2119,#1677,#1678);
#1403=AXIS2_PLACEMENT_3D('',#2120,#1679,#1680);
#1404=AXIS2_PLACEMENT_3D('',#2121,#1681,#1682);
#1405=AXIS2_PLACEMENT_3D('',#2123,#1683,#1684);
#1406=AXIS2_PLACEMENT_3D('',#2124,#1685,#1686);
#1407=AXIS2_PLACEMENT_3D('',#2127,#1689,#1690);
#1408=AXIS2_PLACEMENT_3D('',#2130,#1692,#1693);
#1409=AXIS2_PLACEMENT_3D('',#2133,#1695,#1696);
#1410=AXIS2_PLACEMENT_3D('',#2150,#1698,#1699);
#1411=AXIS2_PLACEMENT_3D('',#2165,#1701,#1702);
#1412=AXIS2_PLACEMENT_3D('',#2183,#1705,#1706);
#1413=AXIS2_PLACEMENT_3D('',#2184,#1707,#1708);
#1414=AXIS2_PLACEMENT_3D('',#2187,#1710,#1711);
#1415=AXIS2_PLACEMENT_3D('',#2190,#1713,#1714);
#1416=AXIS2_PLACEMENT_3D('',#2191,#1715,#1716);
#1417=AXIS2_PLACEMENT_3D('',#2192,#1717,#1718);
#1418=AXIS2_PLACEMENT_3D('',#2198,#1721,#1722);
#1419=AXIS2_PLACEMENT_3D('',#2205,#1727,#1728);
#1420=AXIS2_PLACEMENT_3D('',#2211,#1732,#1733);
#1421=AXIS2_PLACEMENT_3D('',#2212,#1734,#1735);
#1422=AXIS2_PLACEMENT_3D('',#2217,#1737,#1738);
#1423=AXIS2_PLACEMENT_3D('',#2220,#1740,#1741);
#1424=AXIS2_PLACEMENT_3D('',#2221,#1742,#1743);
#1425=AXIS2_PLACEMENT_3D('',#2222,#1744,#1745);
#1426=AXIS2_PLACEMENT_3D('',#2223,#1746,#1747);
#1427=AXIS2_PLACEMENT_3D('',#2224,#1748,#1749);
#1428=AXIS2_PLACEMENT_3D('',#2226,#1750,#1751);
#1429=AXIS2_PLACEMENT_3D('',#2228,#1752,#1753);
#1430=AXIS2_PLACEMENT_3D('',#2232,#1755,#1756);
#1431=AXIS2_PLACEMENT_3D('',#2236,#1758,#1759);
#1432=AXIS2_PLACEMENT_3D('',#2237,#1760,#1761);
#1433=AXIS2_PLACEMENT_3D('',#2246,#1766,#1767);
#1434=AXIS2_PLACEMENT_3D('',#2251,#1771,#1772);
#1435=AXIS2_PLACEMENT_3D('',#2254,#1774,#1775);
#1436=AXIS2_PLACEMENT_3D('',#2256,#1777,#1778);
#1437=AXIS2_PLACEMENT_3D('',#2258,#1780,#1781);
#1438=AXIS2_PLACEMENT_3D('',#2259,#1782,#1783);
#1439=AXIS2_PLACEMENT_3D('',#2261,#1785,#1786);
#1440=AXIS2_PLACEMENT_3D('',#2264,#1788,#1789);
#1441=AXIS2_PLACEMENT_3D('',#2265,#1790,#1791);
#1442=AXIS2_PLACEMENT_3D('',#2268,#1794,#1795);
#1443=AXIS2_PLACEMENT_3D('',#2269,#1796,#1797);
#1444=AXIS2_PLACEMENT_3D('',#2270,#1798,#1799);
#1445=AXIS2_PLACEMENT_3D('',#2271,#1800,#1801);
#1446=AXIS2_PLACEMENT_3D('',#2274,#1803,#1804);
#1447=AXIS2_PLACEMENT_3D('',#2275,#1805,#1806);
#1448=AXIS2_PLACEMENT_3D('',#2276,#1807,#1808);
#1449=AXIS2_PLACEMENT_3D('',#2277,#1809,#1810);
#1450=AXIS2_PLACEMENT_3D('',#2279,#1812,#1813);
#1451=AXIS2_PLACEMENT_3D('',#2280,#1814,#1815);
#1452=AXIS2_PLACEMENT_3D('',#2282,#1816,#1817);
#1453=AXIS2_PLACEMENT_3D('',#2283,#1818,#1819);
#1454=AXIS2_PLACEMENT_3D('',#2286,#1822,#1823);
#1455=AXIS2_PLACEMENT_3D('',#2287,#1824,#1825);
#1456=AXIS2_PLACEMENT_3D('',#2288,#1826,#1827);
#1457=AXIS2_PLACEMENT_3D('',#2290,#1829,#1830);
#1458=AXIS2_PLACEMENT_3D('',#2292,#1832,#1833);
#1459=AXIS2_PLACEMENT_3D('',#2293,#1834,#1835);
#1460=AXIS2_PLACEMENT_3D('',#2297,#1838,#1839);
#1461=AXIS2_PLACEMENT_3D('',#2299,#1841,#1842);
#1462=AXIS2_PLACEMENT_3D('',#2303,#1845,#1846);
#1463=AXIS2_PLACEMENT_3D('',#2305,#1848,#1849);
#1464=DIRECTION('',(0.,0.,1.));
#1465=DIRECTION('',(1.,0.,0.));
#1466=DIRECTION('',(2.42308806247929E-16,-1.,0.));
#1467=DIRECTION('',(-1.,-2.42308806247929E-16,0.));
#1468=DIRECTION('',(2.42308806247929E-16,-1.,0.));
#1469=DIRECTION('',(-2.42308806247929E-16,1.,0.));
#1470=DIRECTION('',(-1.,-2.42308806247929E-16,0.));
#1471=DIRECTION('',(2.42308806247929E-16,-1.,0.));
#1472=DIRECTION('',(0.,-1.,0.));
#1473=DIRECTION('',(0.,0.,1.));
#1474=DIRECTION('',(-2.42308806247929E-16,1.,0.));
#1475=DIRECTION('',(1.,2.42308806247929E-16,-1.76323754242967E-8));
#1476=DIRECTION('',(2.42308806247929E-16,-1.,0.));
#1477=DIRECTION('',(1.,2.42308806247929E-16,0.));
#1478=DIRECTION('',(0.909673742407911,2.20421958597947E-16,-0.415323587547814));
#1479=DIRECTION('',(-0.41532450717922,-1.00636785540106E-16,-0.909673322537458));
#1480=DIRECTION('',(2.42308806247929E-16,-1.,0.));
#1481=DIRECTION('',(1.,2.42308806247929E-16,0.));
#1482=DIRECTION('',(2.42308806247929E-16,-1.,0.));
#1483=DIRECTION('',(1.,2.42308806247929E-16,0.));
#1484=DIRECTION('',(2.42308806247929E-16,-1.,0.));
#1485=DIRECTION('',(1.,2.42308806247929E-16,0.));
#1486=DIRECTION('',(2.42308806247929E-16,-1.,0.));
#1487=DIRECTION('',(1.,2.42308806247929E-16,0.));
#1488=DIRECTION('',(2.56996070515082E-16,6.22724110569182E-32,-1.));
#1489=DIRECTION('',(2.42308806247929E-16,-1.,0.));
#1490=DIRECTION('',(1.,2.42308806247929E-16,0.));
#1491=DIRECTION('',(2.42308806247929E-16,-1.,0.));
#1492=DIRECTION('',(1.,2.42308806247929E-16,0.));
#1493=DIRECTION('',(4.78965811671743E-8,1.1605763405975E-23,-1.));
#1494=DIRECTION('',(-2.42308806247929E-16,1.,0.));
#1495=DIRECTION('',(-1.,-2.42308806247929E-16,0.));
#1496=DIRECTION('',(4.78965840099761E-8,1.16057640948109E-23,-1.));
#1497=DIRECTION('',(-2.42308806247929E-16,1.,0.));
#1498=DIRECTION('',(-1.,-2.42308806247929E-16,0.));
#1499=DIRECTION('',(4.78965840099761E-8,1.16057640948109E-23,-1.));
#1500=DIRECTION('',(-3.24839867184412E-17,1.,9.48854878872577E-16));
#1501=DIRECTION('',(0.999414509235781,0.,0.0342145981856127));
#1502=DIRECTION('',(4.78965811671743E-8,1.1605763405975E-23,-1.));
#1503=DIRECTION('',(-0.909673322537458,-3.07226410705093E-32,-0.41532450717922));
#1504=DIRECTION('',(-2.53215139886928E-63,-1.,7.39726178914165E-32));
#1505=DIRECTION('',(-2.53215139886928E-63,-1.,7.39726178914165E-32));
#1506=DIRECTION('',(0.41532450717922,-6.72909170940786E-32,-0.909673322537458));
#1507=DIRECTION('',(0.,1.,-7.39726178914165E-32));
#1508=DIRECTION('',(0.41532450717922,-1.00636785540106E-16,-0.909673322537458));
#1509=DIRECTION('',(-2.42308806247929E-16,-1.,0.));
#1510=DIRECTION('',(1.,-2.42308806247929E-16,0.));
#1511=DIRECTION('',(-2.42308806247929E-16,-1.,0.));
#1512=DIRECTION('',(1.,-2.42308806247929E-16,0.));
#1513=DIRECTION('',(0.,1.,0.));
#1514=DIRECTION('',(0.,0.,1.));
#1515=DIRECTION('',(-2.53215139886928E-63,-1.,7.39726178914165E-32));
#1516=DIRECTION('',(0.,-7.39726178914165E-32,-1.));
#1517=DIRECTION('',(-2.53215139886928E-63,-1.,7.39726178914165E-32));
#1518=DIRECTION('',(-2.53215139886928E-63,-1.,7.39726178914165E-32));
#1519=DIRECTION('',(-2.53215139886928E-63,-1.,7.39726178914165E-32));
#1520=DIRECTION('',(0.,-7.39726178914165E-32,-1.));
#1521=DIRECTION('',(-2.53215139886928E-63,-1.,7.39726178914165E-32));
#1522=DIRECTION('',(2.42308806247929E-16,1.,0.));
#1523=DIRECTION('',(-1.,2.42308806247929E-16,0.));
#1524=DIRECTION('',(-2.53215139886928E-63,-1.,7.39726178914165E-32));
#1525=DIRECTION('',(0.,1.,0.));
#1526=DIRECTION('',(0.,0.,1.));
#1527=DIRECTION('',(-2.53215139886928E-63,-1.,7.39726178914165E-32));
#1528=DIRECTION('',(0.,0.707106781186547,0.707106781186548));
#1529=DIRECTION('',(-3.58100285026294E-63,-0.707106781186548,0.707106781186547));
#1530=DIRECTION('',(-2.53215139886928E-63,-1.,7.39726178914165E-32));
#1531=DIRECTION('',(-2.53215139886928E-63,-1.,7.39726178914165E-32));
#1532=DIRECTION('',(0.,-7.39726178914165E-32,-1.));
#1533=DIRECTION('',(0.,-1.,0.));
#1534=DIRECTION('',(0.,0.,-1.));
#1535=DIRECTION('',(2.42308806247929E-16,1.,0.));
#1536=DIRECTION('',(-1.,2.42308806247929E-16,0.));
#1537=DIRECTION('',(-3.96508223080572E-16,-1.,1.75873673150041E-31));
#1538=DIRECTION('',(-3.96508223080572E-16,-1.,1.75873673150041E-31));
#1539=DIRECTION('',(1.,-3.96508223080572E-16,0.));
#1540=DIRECTION('',(3.96508223080572E-16,1.,-1.75873673150041E-31));
#1541=DIRECTION('',(0.,-1.,0.));
#1542=DIRECTION('',(0.,0.,-1.));
#1543=DIRECTION('',(2.42308806247929E-16,1.,0.));
#1544=DIRECTION('',(-1.,2.42308806247929E-16,0.));
#1545=DIRECTION('',(2.53215139886928E-63,1.,-7.39726178914165E-32));
#1546=DIRECTION('',(0.,7.39726178914165E-32,1.));
#1547=DIRECTION('',(-2.53215139886928E-63,1.,-7.39726178914165E-32));
#1548=DIRECTION('',(0.,-7.39726178914165E-32,-1.));
#1549=DIRECTION('',(-2.53215139886928E-63,1.,-7.39726178914165E-32));
#1550=DIRECTION('',(0.,-7.39726178914165E-32,-1.));
#1551=DIRECTION('',(-0.41532450717922,-6.72909170940786E-32,-0.909673322537458));
#1552=DIRECTION('',(0.909673742407911,-3.07225730429667E-32,-0.415323587547814));
#1553=DIRECTION('',(2.53215139886928E-63,-1.,7.39726178914165E-32));
#1554=DIRECTION('',(0.,7.39726178914165E-32,1.));
#1555=DIRECTION('',(-0.262882364073766,7.13708450425487E-32,0.964827892765849));
#1556=DIRECTION('',(2.56996070515082E-16,7.39726178914165E-32,1.));
#1557=DIRECTION('',(1.,1.00251591277892E-47,1.35525271560688E-16));
#1558=DIRECTION('',(2.56996070515082E-16,7.39726178914165E-32,1.));
#1559=DIRECTION('',(0.262882364073766,7.13708450425487E-32,0.964827892765849));
#1560=DIRECTION('',(2.53215139886928E-63,1.,-7.39726178914165E-32));
#1561=DIRECTION('',(0.,7.39726178914165E-32,1.));
#1562=DIRECTION('',(-0.909673742407911,-3.07225730429667E-32,-0.415323587547814));
#1563=DIRECTION('',(-2.53215139886928E-63,-1.,7.39726178914165E-32));
#1564=DIRECTION('',(0.,-7.39726178914165E-32,-1.));
#1565=DIRECTION('',(0.,-1.,0.));
#1566=DIRECTION('',(0.,0.,-1.));
#1567=DIRECTION('',(-2.56996070515082E-16,-7.39726178914165E-32,-1.));
#1568=DIRECTION('',(-1.,0.,0.));
#1569=DIRECTION('',(0.,0.707106781186547,0.707106781186548));
#1570=DIRECTION('',(0.,-0.707106781186548,0.707106781186547));
#1571=DIRECTION('',(-0.446564250211895,0.632684901998099,-0.632684901998099));
#1572=DIRECTION('',(1.,0.,0.));
#1573=DIRECTION('',(-1.,0.,0.));
#1574=DIRECTION('',(-2.56996070515082E-16,-7.39726178914165E-32,-1.));
#1575=DIRECTION('',(-1.,0.,2.56996070515082E-16));
#1576=DIRECTION('',(0.,0.,1.));
#1577=DIRECTION('',(1.,0.,0.));
#1578=DIRECTION('',(-2.56996070515082E-16,-7.39726178914165E-32,-1.));
#1579=DIRECTION('',(1.35525271560688E-16,-3.28389667682967E-32,-1.));
#1580=DIRECTION('',(-1.,0.,-1.35525271560688E-16));
#1581=DIRECTION('',(-2.56996070515082E-16,-7.39726178914165E-32,-1.));
#1582=DIRECTION('',(-2.56996070515082E-16,-7.39726178914165E-32,-1.));
#1583=DIRECTION('',(-1.,0.,2.56996070515082E-16));
#1584=DIRECTION('',(-2.56996070515082E-16,-7.39726178914165E-32,-1.));
#1585=DIRECTION('',(0.,0.,1.));
#1586=DIRECTION('',(1.,0.,0.));
#1587=DIRECTION('',(1.35525271560688E-16,-3.28389667682967E-32,-1.));
#1588=DIRECTION('',(-1.,0.,-1.35525271560688E-16));
#1589=DIRECTION('',(-2.56996070515082E-16,-7.39726178914165E-32,-1.));
#1590=DIRECTION('',(-1.,0.,2.56996070515082E-16));
#1591=DIRECTION('',(-2.56996070515082E-16,-7.39726178914165E-32,-1.));
#1592=DIRECTION('',(-1.,0.,2.56996070515082E-16));
#1593=DIRECTION('',(1.35525271560688E-16,-3.28389667682967E-32,-1.));
#1594=DIRECTION('',(-1.,0.,-1.35525271560688E-16));
#1595=DIRECTION('',(-2.56996070515082E-16,-7.39726178914165E-32,-1.));
#1596=DIRECTION('',(-1.,0.,2.56996070515082E-16));
#1597=DIRECTION('',(-2.56996070515082E-16,-7.39726178914165E-32,-1.));
#1598=DIRECTION('',(-1.,0.,2.56996070515082E-16));
#1599=DIRECTION('',(1.35525271560688E-16,-3.28389667682967E-32,-1.));
#1600=DIRECTION('',(-1.,0.,-1.35525271560688E-16));
#1601=DIRECTION('',(-0.89015152023964,-0.385754768736946,0.242535625036333));
#1602=DIRECTION('',(-0.397626914272035,0.917547185188043,1.0218855449895E-16));
#1603=DIRECTION('',(-4.28615277749551E-16,-0.532267812188821,-0.846576030907872));
#1604=DIRECTION('',(0.262882364073766,-1.49004859911717E-17,0.964827892765849));
#1605=DIRECTION('',(0.397626914272035,-0.917547185188043,-1.0218855449895E-16));
#1606=DIRECTION('',(0.262882364073766,7.13708450425487E-32,0.964827892765849));
#1607=DIRECTION('',(-0.397626914272035,0.917547185188043,0.));
#1608=DIRECTION('',(-0.89015152023964,-0.385754768736946,0.242535625036333));
#1609=DIRECTION('',(-0.455664647537044,0.753580940911082,-0.473799002194506));
#1610=DIRECTION('',(-0.89015152023964,-0.385754768736946,0.242535625036333));
#1611=DIRECTION('',(-0.455664647537044,0.753580940911082,-0.473799002194506));
#1612=DIRECTION('',(-0.397626914272035,0.917547185188043,1.0218855449895E-16));
#1613=DIRECTION('',(-0.89015152023964,-0.385754768736946,0.242535625036333));
#1614=DIRECTION('',(-0.455664647537044,0.753580940911082,-0.473799002194506));
#1615=DIRECTION('',(-2.53215139886928E-63,-1.,7.39726178914165E-32));
#1616=DIRECTION('',(0.,-7.39726178914165E-32,-1.));
#1617=DIRECTION('',(1.,0.,0.));
#1618=DIRECTION('',(2.56996070515082E-16,7.39726178914165E-32,1.));
#1619=DIRECTION('',(-1.,-1.00251591277892E-47,-1.35525271560688E-16));
#1620=DIRECTION('',(-1.,3.96508223080572E-16,2.56996070515082E-16));
#1621=DIRECTION('',(-3.96508223080572E-16,-1.,0.));
#1622=DIRECTION('',(3.96508223080572E-16,1.,1.81031077434559E-16));
#1623=DIRECTION('',(9.34157575728675E-17,-0.367258767459222,0.930118808391881));
#1624=DIRECTION('',(-1.,3.96508223080572E-16,2.56996070515082E-16));
#1625=DIRECTION('',(-3.96508223080572E-16,-1.,0.));
#1626=DIRECTION('',(-2.56996070515082E-16,6.22724110569182E-32,-1.));
#1627=DIRECTION('',(0.,0.,1.));
#1628=DIRECTION('',(1.,0.,0.));
#1629=DIRECTION('',(1.,0.,0.));
#1630=DIRECTION('',(2.42308806247929E-16,1.,0.));
#1631=DIRECTION('',(-1.,2.42308806247929E-16,-1.76323754242967E-8));
#1632=DIRECTION('',(2.42308806247929E-16,1.,0.));
#1633=DIRECTION('',(-1.,2.42308806247929E-16,0.));
#1634=DIRECTION('',(2.42308806247929E-16,1.,0.));
#1635=DIRECTION('',(-1.,2.42308806247929E-16,0.));
#1636=DIRECTION('',(2.42308806247929E-16,1.,0.));
#1637=DIRECTION('',(-1.,2.42308806247929E-16,0.));
#1638=DIRECTION('',(2.42308806247929E-16,1.,0.));
#1639=DIRECTION('',(-1.,2.42308806247929E-16,0.));
#1640=DIRECTION('',(-0.909673742407911,2.20421958597947E-16,-0.415323587547814));
#1641=DIRECTION('',(-2.53215139886928E-63,-1.,7.39726178914165E-32));
#1642=DIRECTION('',(0.,-7.39726178914165E-32,-1.));
#1643=DIRECTION('',(-0.415323587547814,6.72909481529952E-32,0.909673742407911));
#1644=DIRECTION('',(0.909673742407911,0.,0.415323587547814));
#1645=DIRECTION('',(2.79475179963959E-32,1.,-6.12128086365118E-32));
#1646=DIRECTION('',(3.96508223080572E-16,1.,1.81031077434559E-16));
#1647=DIRECTION('',(-1.,3.96508223080572E-16,0.));
#1648=DIRECTION('',(-0.803115565660659,0.554186444828387,0.218821325656421));
#1649=DIRECTION('',(0.53469453976317,0.832392566262141,-0.145685842754122));
#1650=DIRECTION('',(3.96508223080572E-16,1.,1.81031077434559E-16));
#1651=DIRECTION('',(0.,0.,1.));
#1652=DIRECTION('',(1.,0.,0.));
#1653=DIRECTION('',(-1.,0.,0.));
#1654=DIRECTION('',(-1.,0.,0.));
#1655=DIRECTION('',(-1.,0.,0.));
#1656=DIRECTION('',(0.,0.,1.));
#1657=DIRECTION('',(-1.,0.,0.));
#1658=DIRECTION('',(0.,0.,1.));
#1659=DIRECTION('',(-1.,0.,0.));
#1660=DIRECTION('',(0.,0.,1.));
#1661=DIRECTION('',(-3.96508223080572E-16,-1.,-1.81031077434559E-16));
#1662=DIRECTION('',(1.,-3.96508223080572E-16,0.));
#1663=DIRECTION('',(-3.96508223080572E-16,-1.,-1.81031077434559E-16));
#1664=DIRECTION('',(-0.803115565660659,0.554186444828387,0.218821325656421));
#1665=DIRECTION('',(-0.53469453976317,-0.832392566262141,0.145685842754122));
#1666=DIRECTION('',(3.96508223080572E-16,1.,1.81031077434559E-16));
#1667=DIRECTION('',(-1.,3.96508223080572E-16,0.));
#1668=DIRECTION('',(-0.803115565660659,0.554186444828387,0.218821325656421));
#1669=DIRECTION('',(0.53469453976317,0.832392566262141,-0.145685842754122));
#1670=DIRECTION('',(-0.803115565660659,0.554186444828387,0.218821325656421));
#1671=DIRECTION('',(0.262882364073766,7.13708450425487E-32,0.964827892765849));
#1672=DIRECTION('',(0.567950762937267,0.82306253157277,-1.45961114320921E-16));
#1673=DIRECTION('',(-2.56996070515082E-16,-7.39726178914165E-32,-1.));
#1674=DIRECTION('',(-1.,0.,2.56996070515082E-16));
#1675=DIRECTION('',(-2.56996070515082E-16,-7.39726178914165E-32,-1.));
#1676=DIRECTION('',(-1.,0.,2.56996070515082E-16));
#1677=DIRECTION('',(-2.56996070515082E-16,-7.39726178914165E-32,-1.));
#1678=DIRECTION('',(1.,-1.90106721238077E-47,-2.56996070515082E-16));
#1679=DIRECTION('',(-2.56996070515082E-16,-7.39726178914165E-32,-1.));
#1680=DIRECTION('',(-1.,0.,2.56996070515082E-16));
#1681=DIRECTION('',(-2.56996070515082E-16,-7.39726178914165E-32,-1.));
#1682=DIRECTION('',(-1.,0.,2.56996070515082E-16));
#1683=DIRECTION('',(-2.56996070515082E-16,-7.39726178914165E-32,-1.));
#1684=DIRECTION('',(1.,-1.90106721238077E-47,-2.56996070515082E-16));
#1685=DIRECTION('',(0.909673322537458,-3.07226410705093E-32,-0.41532450717922));
#1686=DIRECTION('',(2.53215139886928E-63,-1.,7.39726178914165E-32));
#1687=DIRECTION('',(2.53215139886928E-63,-1.,7.39726178914165E-32));
#1688=DIRECTION('',(0.,1.,-7.39726178914165E-32));
#1689=DIRECTION('',(2.42308806247929E-16,-1.,0.));
#1690=DIRECTION('',(-1.,-2.42308806247929E-16,0.));
#1691=DIRECTION('',(2.42308806247929E-16,-1.,0.));
#1692=DIRECTION('',(0.,-1.,0.));
#1693=DIRECTION('',(0.,0.,1.));
#1694=DIRECTION('',(2.42308806247929E-16,-1.,0.));
#1695=DIRECTION('',(2.53215139886928E-63,-1.,7.39726178914165E-32));
#1696=DIRECTION('',(0.,-7.39726178914165E-32,-1.));
#1697=DIRECTION('',(2.53215139886928E-63,-1.,7.39726178914165E-32));
#1698=DIRECTION('',(0.,-0.707106781186547,-0.707106781186548));
#1699=DIRECTION('',(3.58100285026294E-63,-0.707106781186548,0.707106781186547));
#1700=DIRECTION('',(2.53215139886928E-63,-1.,7.39726178914165E-32));
#1701=DIRECTION('',(0.,-1.,0.));
#1702=DIRECTION('',(0.,0.,1.));
#1703=DIRECTION('',(2.53215139886928E-63,-1.,7.39726178914165E-32));
#1704=DIRECTION('',(2.53215139886928E-63,-1.,7.39726178914165E-32));
#1705=DIRECTION('',(2.53215139886928E-63,-1.,7.39726178914165E-32));
#1706=DIRECTION('',(0.,-7.39726178914165E-32,-1.));
#1707=DIRECTION('',(0.,1.,0.));
#1708=DIRECTION('',(0.,0.,-1.));
#1709=DIRECTION('',(3.96508223080572E-16,-1.,1.75873673150041E-31));
#1710=DIRECTION('',(3.96508223080572E-16,-1.,1.75873673150041E-31));
#1711=DIRECTION('',(-1.,-3.96508223080572E-16,0.));
#1712=DIRECTION('',(-3.96508223080572E-16,1.,-1.75873673150041E-31));
#1713=DIRECTION('',(0.,1.,0.));
#1714=DIRECTION('',(0.,0.,-1.));
#1715=DIRECTION('',(0.,-1.,0.));
#1716=DIRECTION('',(0.,0.,-1.));
#1717=DIRECTION('',(0.,1.,0.));
#1718=DIRECTION('',(0.,0.,1.));
#1719=DIRECTION('',(4.78965811671743E-8,0.,-1.));
#1720=DIRECTION('',(4.78965811671743E-8,0.,-1.));
#1721=DIRECTION('',(5.10855675161998E-17,1.,-1.49220569500488E-15));
#1722=DIRECTION('',(0.999414509235781,0.,0.0342145981856127));
#1723=DIRECTION('',(4.78965840099761E-8,0.,-1.));
#1724=DIRECTION('',(4.78965840099761E-8,0.,-1.));
#1725=DIRECTION('',(2.56996070515082E-16,-7.39726178914165E-32,-1.));
#1726=DIRECTION('',(1.,0.,0.));
#1727=DIRECTION('',(0.,0.707106781186547,0.707106781186548));
#1728=DIRECTION('',(0.,-0.707106781186548,0.707106781186547));
#1729=DIRECTION('',(0.446564250211895,0.632684901998099,-0.632684901998099));
#1730=DIRECTION('',(1.,0.,0.));
#1731=DIRECTION('',(-1.,0.,0.));
#1732=DIRECTION('',(2.56996070515082E-16,-7.39726178914165E-32,-1.));
#1733=DIRECTION('',(1.,0.,2.56996070515082E-16));
#1734=DIRECTION('',(0.,0.,-1.));
#1735=DIRECTION('',(-1.,0.,0.));
#1736=DIRECTION('',(2.56996070515082E-16,-7.39726178914165E-32,-1.));
#1737=DIRECTION('',(1.35525271560688E-16,-3.28389667682967E-32,-1.));
#1738=DIRECTION('',(-1.,0.,-1.35525271560688E-16));
#1739=DIRECTION('',(2.56996070515082E-16,-7.39726178914165E-32,-1.));
#1740=DIRECTION('',(2.56996070515082E-16,-7.39726178914165E-32,-1.));
#1741=DIRECTION('',(1.,0.,2.56996070515082E-16));
#1742=DIRECTION('',(1.35525271560688E-16,-3.28389667682967E-32,-1.));
#1743=DIRECTION('',(-1.,0.,-1.35525271560688E-16));
#1744=DIRECTION('',(0.,0.,-1.));
#1745=DIRECTION('',(-1.,0.,0.));
#1746=DIRECTION('',(2.56996070515082E-16,-7.39726178914165E-32,-1.));
#1747=DIRECTION('',(1.,0.,2.56996070515082E-16));
#1748=DIRECTION('',(-2.56996070515082E-16,7.39726178914165E-32,1.));
#1749=DIRECTION('',(1.,0.,2.56996070515082E-16));
#1750=DIRECTION('',(1.35525271560688E-16,-3.28389667682967E-32,-1.));
#1751=DIRECTION('',(-1.,0.,-1.35525271560688E-16));
#1752=DIRECTION('',(0.89015152023964,-0.385754768736946,0.242535625036333));
#1753=DIRECTION('',(0.397626914272035,0.917547185188043,1.0218855449895E-16));
#1754=DIRECTION('',(4.28615277749551E-16,-0.532267812188821,-0.846576030907872));
#1755=DIRECTION('',(-0.89015152023964,0.385754768736946,-0.242535625036333));
#1756=DIRECTION('',(0.455664647537044,0.753580940911082,-0.473799002194506));
#1757=DIRECTION('',(0.397626914272035,0.917547185188043,1.0218855449895E-16));
#1758=DIRECTION('',(-0.89015152023964,0.385754768736946,-0.242535625036333));
#1759=DIRECTION('',(0.455664647537044,0.753580940911082,-0.473799002194506));
#1760=DIRECTION('',(-0.89015152023964,0.385754768736946,-0.242535625036333));
#1761=DIRECTION('',(0.455664647537044,0.753580940911082,-0.473799002194506));
#1762=DIRECTION('',(0.397626914272035,0.917547185188043,0.));
#1763=DIRECTION('',(-0.262882364073766,7.13708450425487E-32,0.964827892765849));
#1764=DIRECTION('',(-0.397626914272035,-0.917547185188043,-1.0218855449895E-16));
#1765=DIRECTION('',(-0.262882364073766,-1.49004859911717E-17,0.964827892765849));
#1766=DIRECTION('',(2.53215139886928E-63,-1.,7.39726178914165E-32));
#1767=DIRECTION('',(0.,-7.39726178914165E-32,-1.));
#1768=DIRECTION('',(1.,1.00251591277892E-47,1.35525271560688E-16));
#1769=DIRECTION('',(2.56996070515082E-16,7.39726178914165E-32,1.));
#1770=DIRECTION('',(-1.,0.,0.));
#1771=DIRECTION('',(1.,3.96508223080572E-16,2.56996070515082E-16));
#1772=DIRECTION('',(3.96508223080572E-16,-1.,0.));
#1773=DIRECTION('',(-3.96508223080572E-16,1.,1.81031077434559E-16));
#1774=DIRECTION('',(-1.,-3.96508223080572E-16,-2.56996070515082E-16));
#1775=DIRECTION('',(3.96508223080572E-16,-1.,0.));
#1776=DIRECTION('',(-9.34157575728675E-17,-0.367258767459222,0.930118808391881));
#1777=DIRECTION('',(0.,0.,1.));
#1778=DIRECTION('',(-1.,0.,0.));
#1779=DIRECTION('',(-1.,0.,0.));
#1780=DIRECTION('',(2.53215139886928E-63,-1.,7.39726178914165E-32));
#1781=DIRECTION('',(0.,-7.39726178914165E-32,-1.));
#1782=DIRECTION('',(0.415323587547814,6.72909481529952E-32,0.909673742407911));
#1783=DIRECTION('',(-0.909673742407911,0.,0.415323587547814));
#1784=DIRECTION('',(-2.79475179963959E-32,1.,-6.12128086365118E-32));
#1785=DIRECTION('',(-3.96508223080572E-16,1.,1.81031077434559E-16));
#1786=DIRECTION('',(1.,3.96508223080572E-16,0.));
#1787=DIRECTION('',(-3.96508223080572E-16,1.,1.81031077434559E-16));
#1788=DIRECTION('',(-0.803115565660659,-0.554186444828387,-0.218821325656421));
#1789=DIRECTION('',(-0.53469453976317,0.832392566262141,-0.145685842754122));
#1790=DIRECTION('',(0.,0.,1.));
#1791=DIRECTION('',(-1.,0.,0.));
#1792=DIRECTION('',(1.,0.,0.));
#1793=DIRECTION('',(1.,0.,0.));
#1794=DIRECTION('',(1.,0.,0.));
#1795=DIRECTION('',(0.,0.,1.));
#1796=DIRECTION('',(1.,0.,0.));
#1797=DIRECTION('',(0.,0.,1.));
#1798=DIRECTION('',(1.,0.,0.));
#1799=DIRECTION('',(0.,0.,1.));
#1800=DIRECTION('',(3.96508223080572E-16,-1.,-1.81031077434559E-16));
#1801=DIRECTION('',(-1.,-3.96508223080572E-16,0.));
#1802=DIRECTION('',(3.96508223080572E-16,-1.,-1.81031077434559E-16));
#1803=DIRECTION('',(-0.803115565660659,-0.554186444828387,-0.218821325656421));
#1804=DIRECTION('',(0.53469453976317,-0.832392566262141,0.145685842754122));
#1805=DIRECTION('',(-3.96508223080572E-16,1.,1.81031077434559E-16));
#1806=DIRECTION('',(1.,3.96508223080572E-16,0.));
#1807=DIRECTION('',(-0.803115565660659,-0.554186444828387,-0.218821325656421));
#1808=DIRECTION('',(-0.53469453976317,0.832392566262141,-0.145685842754122));
#1809=DIRECTION('',(0.803115565660659,0.554186444828387,0.218821325656421));
#1810=DIRECTION('',(-0.262882364073766,7.13708450425487E-32,0.964827892765849));
#1811=DIRECTION('',(-0.567950762937267,0.82306253157277,-1.45961114320921E-16));
#1812=DIRECTION('',(2.56996070515082E-16,-7.39726178914165E-32,-1.));
#1813=DIRECTION('',(1.,0.,2.56996070515082E-16));
#1814=DIRECTION('',(-2.56996070515082E-16,7.39726178914165E-32,1.));
#1815=DIRECTION('',(1.,0.,2.56996070515082E-16));
#1816=DIRECTION('',(2.56996070515082E-16,-7.39726178914165E-32,-1.));
#1817=DIRECTION('',(-1.,-1.90106721238077E-47,-2.56996070515082E-16));
#1818=DIRECTION('',(0.,1.,0.));
#1819=DIRECTION('',(0.0342148921191402,0.,-0.999414499173029));
#1820=DIRECTION('',(0.,1.,0.));
#1821=DIRECTION('',(0.,1.,0.));
#1822=DIRECTION('',(1.,0.,4.78965840099761E-8));
#1823=DIRECTION('',(4.78965840099761E-8,0.,-1.));
#1824=DIRECTION('',(1.,0.,4.78965811671743E-8));
#1825=DIRECTION('',(4.78965811671743E-8,0.,-1.));
#1826=DIRECTION('',(1.,0.,4.78965811671743E-8));
#1827=DIRECTION('',(4.78965811671743E-8,0.,-1.));
#1828=DIRECTION('',(0.,1.,0.));
#1829=DIRECTION('',(0.,1.,0.));
#1830=DIRECTION('',(0.,0.,1.));
#1831=DIRECTION('',(0.,1.,0.));
#1832=DIRECTION('',(1.,0.,4.78965840099761E-8));
#1833=DIRECTION('',(4.78965840099761E-8,0.,-1.));
#1834=DIRECTION('',(-0.82306253157277,-0.567950762937267,2.11523836402398E-16));
#1835=DIRECTION('',(0.567950762937267,-0.82306253157277,0.));
#1836=DIRECTION('',(2.56996070515082E-16,7.39726178914165E-32,1.));
#1837=DIRECTION('',(0.567950762937267,-0.82306253157277,7.6971681380173E-17));
#1838=DIRECTION('',(-0.917547185188042,0.397626914272035,2.35806021105502E-16));
#1839=DIRECTION('',(-0.397626914272035,-0.917547185188043,0.));
#1840=DIRECTION('',(-0.397626914272035,-0.917547185188043,-5.38884955365559E-17));
#1841=DIRECTION('',(-0.917547185188042,-0.397626914272035,2.35806021105502E-16));
#1842=DIRECTION('',(0.397626914272035,-0.917547185188043,0.));
#1843=DIRECTION('',(0.397626914272035,-0.917547185188043,5.3888495536556E-17));
#1844=DIRECTION('',(2.56996070515082E-16,7.39726178914165E-32,1.));
#1845=DIRECTION('',(-0.82306253157277,0.567950762937267,2.11523836402398E-16));
#1846=DIRECTION('',(-0.567950762937267,-0.82306253157277,0.));
#1847=DIRECTION('',(-0.567950762937267,-0.82306253157277,-7.6971681380173E-17));
#1848=DIRECTION('',(1.35525271560688E-16,-3.28389667682967E-32,-1.));
#1849=DIRECTION('',(1.,4.45050988904582E-48,1.35525271560688E-16));
#1850=CARTESIAN_POINT('',(0.,0.,0.));
#1851=CARTESIAN_POINT('',(-0.02192113460937,0.0225,0.0538477430194995));
#1852=CARTESIAN_POINT('',(-0.0235928239528528,0.0225,0.054365386467141));
#1853=CARTESIAN_POINT('',(-0.0235928239528528,-0.00249999999999994,0.054365386467141));
#1854=CARTESIAN_POINT('',(-0.0235928239528528,0.00424999999999739,0.054365386467141));
#1855=CARTESIAN_POINT('',(-0.02192113460937,-0.00249999999999994,0.0538477430194995));
#1856=CARTESIAN_POINT('',(-0.0235928239032661,-0.00249999999999994,0.0533300994117215));
#1857=CARTESIAN_POINT('',(-0.0235928239032661,0.0225,0.0533300994117215));
#1858=CARTESIAN_POINT('',(-0.0235928239032661,0.00424999999999739,0.0533300994117215));
#1859=CARTESIAN_POINT('',(-0.02192113460937,0.00424999999999738,0.0538477430194995));
#1860=CARTESIAN_POINT('',(-8.24392023646148E-7,-0.00249999999999994,0.0538477426329923));
#1861=CARTESIAN_POINT('',(-0.0237015046618742,-0.00249999999999994,0.049260492674307));
#1862=CARTESIAN_POINT('',(-0.0232861810743264,-0.00249999999999994,0.0501701664167149));
#1863=CARTESIAN_POINT('',(-0.0245282484901212,-0.00249999999999994,0.0498230712398918));
#1864=CARTESIAN_POINT('',(-0.0206777857365074,-0.00249999999999994,0.0489792690004847));
#1865=CARTESIAN_POINT('',(-0.0177849865606347,-0.00249999999999994,0.047658523247619));
#1866=CARTESIAN_POINT('',(-0.017577324307045,-0.00249999999999994,0.0481133599088879));
#1867=CARTESIAN_POINT('',(-0.017577324307045,-0.00249999999999994,0.0481133599088879));
#1868=CARTESIAN_POINT('',(-0.0180341812649424,-0.00249999999999994,0.0471127192540963));
#1869=CARTESIAN_POINT('',(-0.0175294217595138,-0.00249999999999994,0.0480900717194917));
#1870=CARTESIAN_POINT('',(-8.24392587098211E-7,-0.00249999999999994,0.0538477426329923));
#1871=CARTESIAN_POINT('',(-0.0183902927857538,-0.00249999999999995,0.0553410450861884));
#1872=CARTESIAN_POINT('',(-0.0213804502480573,-0.00249999999999994,0.0555838584932121));
#1873=CARTESIAN_POINT('',(-0.0219172870066067,-0.00249999999999994,0.058535435409823));
#1874=CARTESIAN_POINT('',(-0.0212015046618742,-0.00249999999999994,0.0545999995210085));
#1875=CARTESIAN_POINT('',(-0.0252015046618742,-0.00249999999999994,0.0545999995210085));
#1876=CARTESIAN_POINT('',(-0.0252015046618742,-0.00249999999999994,0.0585999995210085));
#1877=CARTESIAN_POINT('',(-0.0252015046618742,-0.00249999999999994,0.048760492674307));
#1878=CARTESIAN_POINT('',(-0.0247015046618742,-0.00249999999999994,0.048760492674307));
#1879=CARTESIAN_POINT('',(-0.0250869419052417,-0.00249999999999994,0.0490789862086609));
#1880=CARTESIAN_POINT('',(-0.0327956867725909,-0.00249999999999995,0.0554488568957405));
#1881=CARTESIAN_POINT('',(-0.0235928239280594,-0.00249999999999994,0.0538477415030162));
#1882=CARTESIAN_POINT('',(-0.0235928218527111,-0.00249999999999994,0.0554059075300344));
#1883=CARTESIAN_POINT('',(-0.0218938171765215,-0.00249999999999994,0.0553477430194995));
#1884=CARTESIAN_POINT('',(-0.0201948146943582,-0.00249999999999994,0.0552895772959375));
#1885=CARTESIAN_POINT('',(-0.0201948146252993,-0.00249999999999994,0.0538477416657692));
#1886=CARTESIAN_POINT('',(-0.0201948146390415,-0.00249999999999994,0.0541346565257081));
#1887=CARTESIAN_POINT('',(-0.02192113460937,-0.00249999999999994,0.0538477430194995));
#1888=CARTESIAN_POINT('',(-0.0201948146115572,-0.00249999999999994,0.0535608296786605));
#1889=CARTESIAN_POINT('',(-0.0201948146252993,-0.00249999999999994,0.0538477416657692));
#1890=CARTESIAN_POINT('',(-0.0201948145562403,-0.00249999999999994,0.0524059077663908));
#1891=CARTESIAN_POINT('',(-0.0218938171765215,-0.00249999999999994,0.0523477430194995));
#1892=CARTESIAN_POINT('',(-0.0235928218080088,-0.00249999999999994,0.0522895772032099));
#1893=CARTESIAN_POINT('',(-0.0235928239280594,-0.00249999999999994,0.0538477415030162));
#1894=CARTESIAN_POINT('',(0.017577324307045,-0.00349999999999977,0.0481133599088879));
#1895=CARTESIAN_POINT('',(0.017577324307045,-0.00249799999999994,0.0481133599088879));
#1896=CARTESIAN_POINT('',(0.017577324307045,-0.00249999999999994,0.0481133599088879));
#1897=CARTESIAN_POINT('',(0.017577324307045,-0.0044999999999996,0.0481133599088879));
#1898=CARTESIAN_POINT('',(0.017577324307045,-0.0044999999999996,0.0481133599088879));
#1899=CARTESIAN_POINT('',(0.0177849865606347,-0.0044999999999996,0.047658523247619));
#1900=CARTESIAN_POINT('',(0.0177849865606347,-0.00349999999999977,0.047658523247619));
#1901=CARTESIAN_POINT('',(0.0177849865606347,-0.00249999999999994,0.047658523247619));
#1902=CARTESIAN_POINT('',(0.017577324307045,-0.00249999999999994,0.0481133599088879));
#1903=CARTESIAN_POINT('',(0.02192113460937,0.0225,0.0538477430194995));
#1904=CARTESIAN_POINT('',(0.02192113460937,-0.00249999999999994,0.0538477430194995));
#1905=CARTESIAN_POINT('',(0.02367113460937,-0.00249999999999995,0.0538477430194995));
#1906=CARTESIAN_POINT('',(0.02192113460937,0.00424999999999738,0.0538477430194995));
#1907=CARTESIAN_POINT('',(0.02192113460937,0.00424999999999738,0.0555977430194995));
#1908=CARTESIAN_POINT('',(8.24392587098211E-7,0.190749236810223,0.0538477426329923));
#1909=CARTESIAN_POINT('',(0.00504266080713197,0.0298805516973938,0.0360999995210085));
#1910=CARTESIAN_POINT('',(0.00429551921064521,0.0294194476462442,0.0358877491134936));
#1911=CARTESIAN_POINT('',(0.00268637990648538,0.0287054278086616,0.0355323894472017));
#1912=CARTESIAN_POINT('',(0.000893916560315843,0.0284499232710025,0.0353977027089611));
#1913=CARTESIAN_POINT('',(2.77310261582815E-17,0.028450000035397,0.0353977426514103));
#1914=CARTESIAN_POINT('',(0.00504266080713198,0.0298805516973938,0.0360999995210085));
#1915=CARTESIAN_POINT('',(-4.10966239434791E-64,0.0284500000353974,0.0353977426514103));
#1916=CARTESIAN_POINT('',(0.,0.190749236810223,0.0353977426514103));
#1917=CARTESIAN_POINT('',(-5.44889670153815E-18,0.0193500000176987,0.0353977426514103));
#1918=CARTESIAN_POINT('',(-6.01042745519013E-18,0.0193500000176987,0.0353977426514103));
#1919=CARTESIAN_POINT('',(0.000784121101833133,0.0193500000176987,0.0353977076148995));
#1920=CARTESIAN_POINT('',(0.0023516562634192,0.0187000070209378,0.035519743973229));
#1921=CARTESIAN_POINT('',(0.0033252478924686,0.0163485917057091,0.035704857831239));
#1922=CARTESIAN_POINT('',(0.00234735136932117,0.0140002684765577,0.0355196829200805));
#1923=CARTESIAN_POINT('',(0.000792931505891928,0.0133500000176986,0.0353977072212284));
#1924=CARTESIAN_POINT('',(6.43377157798184E-18,0.0133500000176987,0.0353977426514103));
#1925=CARTESIAN_POINT('',(5.44889670153815E-18,0.0133500000176987,0.0353977426514103));
#1926=CARTESIAN_POINT('',(0.,0.190749236810223,0.0353977426514103));
#1927=CARTESIAN_POINT('',(-4.94400628117164E-64,-0.00449999999999959,0.0353977426514103));
#1928=CARTESIAN_POINT('',(8.24392587098211E-7,-0.0044999999999996,0.0538477426329923));
#1929=CARTESIAN_POINT('',(0.0175294217595138,-0.0044999999999996,0.0480900717194917));
#1930=CARTESIAN_POINT('',(0.0175294217595138,0.0931246184051116,0.0480900717194917));
#1931=CARTESIAN_POINT('',(0.0175294217595138,-0.00249999999999994,0.0480900717194917));
#1932=CARTESIAN_POINT('',(8.24392587098211E-7,-0.00249999999999994,0.0538477426329923));
#1933=CARTESIAN_POINT('',(0.0183902927857538,-0.00249999999999995,0.0553410450861884));
#1934=CARTESIAN_POINT('',(0.0183902927857538,0.190749236810223,0.0553410450861884));
#1935=CARTESIAN_POINT('',(0.0183902927857538,0.00424999999999739,0.0553410450861884));
#1936=CARTESIAN_POINT('',(8.24392587098211E-7,0.0042499999999974,0.0538477426329923));
#1937=CARTESIAN_POINT('',(0.018162725853573,0.0042499999999974,0.0505999995210085));
#1938=CARTESIAN_POINT('',(0.018162725853573,0.00424999999999739,0.0505999995210085));
#1939=CARTESIAN_POINT('',(0.0180685110253515,0.00424999999999739,0.0500731350593433));
#1940=CARTESIAN_POINT('',(0.0178293814053783,0.00467490448119975,0.0490495333167229));
#1941=CARTESIAN_POINT('',(0.0176887777007182,0.00571442790610735,0.0485999995210085));
#1942=CARTESIAN_POINT('',(0.0176887777007182,0.00624999999999738,0.0485999995210085));
#1943=CARTESIAN_POINT('',(0.0176887777007182,0.00624999999999737,0.0485999995210085));
#1944=CARTESIAN_POINT('',(0.0176887777007182,0.190749236810223,0.0485999995210085));
#1945=CARTESIAN_POINT('',(0.0176887777007182,0.0105289321881347,0.0485999995210085));
#1946=CARTESIAN_POINT('',(0.0176887777007182,0.0105289321881346,0.0485999995210085));
#1947=CARTESIAN_POINT('',(0.0176887777007182,0.011863420347299,0.0485999995210085));
#1948=CARTESIAN_POINT('',(0.017541729525875,0.0131550453779924,0.0480449541430162));
#1949=CARTESIAN_POINT('',(0.0171865378655333,0.0140644660940674,0.0471355334269412));
#1950=CARTESIAN_POINT('',(0.0171865378655333,0.0140644660940674,0.0471355334269412));
#1951=CARTESIAN_POINT('',(8.24392587098211E-7,0.0073522568880163,0.0538477426329923));
#1952=CARTESIAN_POINT('',(0.00867592609560996,0.0236355339059329,0.0375644656150758));
#1953=CARTESIAN_POINT('',(0.00867592609560996,0.0236355339059329,0.0375644656150758));
#1954=CARTESIAN_POINT('',(0.00830936944069359,0.0238308211480415,0.0373691783729672));
#1955=CARTESIAN_POINT('',(0.00758049370381242,0.0242507001676614,0.0370127005636924));
#1956=CARTESIAN_POINT('',(0.00651302248585715,0.0249891131209953,0.0365729803131989));
#1957=CARTESIAN_POINT('',(0.00550813674819345,0.0258773883679692,0.0362304883103593));
#1958=CARTESIAN_POINT('',(0.00504266080713197,0.0267038817902761,0.0360999995210085));
#1959=CARTESIAN_POINT('',(0.00504266080713197,0.0271710678118656,0.0360999995210085));
#1960=CARTESIAN_POINT('',(0.00504266080713198,0.0271710678118656,0.0360999995210085));
#1961=CARTESIAN_POINT('',(0.00504266080713198,0.190749236810223,0.0360999995210085));
#1962=CARTESIAN_POINT('',(0.00167507091365587,0.0207094653968491,0.0354437409508094));
#1963=CARTESIAN_POINT('',(0.000663002874389642,0.0231009226073017,0.0354153825718318));
#1964=CARTESIAN_POINT('',(0.00167291758878556,0.0254868443863273,0.0354436374013979));
#1965=CARTESIAN_POINT('',(0.00405532086505202,0.026416059791278,0.0357856027903525));
#1966=CARTESIAN_POINT('',(0.00594727342038745,0.0256089881453315,0.0363653497394529));
#1967=CARTESIAN_POINT('',(0.00683653395954089,0.0242958213329279,0.0367088260304961));
#1968=CARTESIAN_POINT('',(0.00708108711496316,0.0231035034766649,0.0368106592309228));
#1969=CARTESIAN_POINT('',(0.0068391069972468,0.0219096842154813,0.0367098672236588));
#1970=CARTESIAN_POINT('',(0.00595051024047498,0.0205930279059927,0.036366473460878));
#1971=CARTESIAN_POINT('',(0.00405950036141474,0.0197843487590539,0.0357865143935706));
#1972=CARTESIAN_POINT('',(0.00167507091365587,0.0207094653968491,0.0354437409508094));
#1973=CARTESIAN_POINT('',(0.000663002874389642,0.0231009226073017,0.0354153825718318));
#1974=CARTESIAN_POINT('',(0.00167291758878556,0.0254868443863273,0.0354436374013979));
#1975=CARTESIAN_POINT('',(0.001,0.0231000000353972,0.035424818106589));
#1976=CARTESIAN_POINT('',(0.0213804502480573,0.00610299011765149,0.0555838584932121));
#1977=CARTESIAN_POINT('',(0.0213804502480573,0.00424999999999739,0.0555838584932121));
#1978=CARTESIAN_POINT('',(0.0219172870066067,0.00424999999999739,0.058535435409823));
#1979=CARTESIAN_POINT('',(0.0213804502480573,-0.00249999999999994,0.0555838584932121));
#1980=CARTESIAN_POINT('',(0.0219172870066067,-0.00249999999999994,0.058535435409823));
#1981=CARTESIAN_POINT('',(0.0219172870066067,0.00610299011765149,0.058535435409823));
#1982=CARTESIAN_POINT('',(0.0212015046618742,0.00610299011765149,0.0545999995210085));
#1983=CARTESIAN_POINT('',(0.0252015046618742,-0.00249999999999994,0.0545999995210085));
#1984=CARTESIAN_POINT('',(0.0252015046618742,0.00425000110524359,0.0545999995210085));
#1985=CARTESIAN_POINT('',(0.0252015046618742,-0.00249999999999994,0.0545999995210085));
#1986=CARTESIAN_POINT('',(0.0212015046618742,0.00424999999999739,0.0545999995210085));
#1987=CARTESIAN_POINT('',(0.0212015046618742,-0.00249999999999994,0.0545999995210085));
#1988=CARTESIAN_POINT('',(0.0229251135238298,-0.0044999999999996,0.0585999995210085));
#1989=CARTESIAN_POINT('',(-8.24392587098211E-7,-0.0044999999999996,0.0538477426329923));
#1990=CARTESIAN_POINT('',(-0.0175294217595138,-0.0044999999999996,0.0480900717194917));
#1991=CARTESIAN_POINT('',(-0.0180341812649424,-0.0044999999999996,0.0471127192540963));
#1992=CARTESIAN_POINT('',(-0.017577324307045,-0.0044999999999996,0.0481133599088879));
#1993=CARTESIAN_POINT('',(-0.017577324307045,-0.0044999999999996,0.0481133599088879));
#1994=CARTESIAN_POINT('',(-0.0177849865606347,-0.0044999999999996,0.047658523247619));
#1995=CARTESIAN_POINT('',(-0.0206777857365074,-0.0044999999999996,0.0489792690004847));
#1996=CARTESIAN_POINT('',(-0.0232861810743264,-0.0044999999999996,0.0501701664167149));
#1997=CARTESIAN_POINT('',(-0.0237015046618742,-0.0044999999999996,0.049260492674307));
#1998=CARTESIAN_POINT('',(-0.0242234843029441,-0.0044999999999996,0.0501134506183514));
#1999=CARTESIAN_POINT('',(-0.0203773651980449,-0.0044999999999996,0.0359974675839584));
#2000=CARTESIAN_POINT('',(-0.018361809981276,-0.0044999999999996,0.0285999995210085));
#2001=CARTESIAN_POINT('',(-0.018361809981276,-0.0044999999999996,0.0264979995210085));
#2002=CARTESIAN_POINT('',(-0.018361809981276,-0.0044999999999996,0.0264999995210084));
#2003=CARTESIAN_POINT('',(0.0229251135238298,-0.0044999999999996,0.0264999995210084));
#2004=CARTESIAN_POINT('',(0.018361809981276,-0.0044999999999996,0.0264999995210084));
#2005=CARTESIAN_POINT('',(0.018361809981276,-0.0044999999999996,0.0264979995210085));
#2006=CARTESIAN_POINT('',(0.018361809981276,-0.0044999999999996,0.0285999995210085));
#2007=CARTESIAN_POINT('',(0.0203773651980449,-0.0044999999999996,0.0359974675839584));
#2008=CARTESIAN_POINT('',(0.0242234843029441,-0.0044999999999996,0.0501134506183514));
#2009=CARTESIAN_POINT('',(0.0237015046618742,-0.0044999999999996,0.049260492674307));
#2010=CARTESIAN_POINT('',(0.0232861810743264,-0.0044999999999996,0.0501701664167149));
#2011=CARTESIAN_POINT('',(0.0206777857365074,-0.0044999999999996,0.0489792690004847));
#2012=CARTESIAN_POINT('',(0.0180341812649424,-0.0044999999999996,0.0471127192540963));
#2013=CARTESIAN_POINT('',(-0.184550877866546,0.00424999999999739,0.0577749995210099));
#2014=CARTESIAN_POINT('',(0.025201505140842,0.00424999999999739,0.0585999995210085));
#2015=CARTESIAN_POINT('',(0.025201505140842,0.00424999999999739,0.0505999995210085));
#2016=CARTESIAN_POINT('',(-0.184550877866546,0.00424999999999739,0.0505999995210085));
#2017=CARTESIAN_POINT('',(-0.184550877866546,0.00842499999999876,0.0527749995210099));
#2018=CARTESIAN_POINT('',(0.0205767982906516,0.0140255152128404,0.0471744843081682));
#2019=CARTESIAN_POINT('',(0.0137938155157346,0.0236355339059329,0.0375644656150758));
#2020=CARTESIAN_POINT('',(0.0205493058200469,0.0140644660940674,0.0471355334269412));
#2021=CARTESIAN_POINT('',(0.00504266080713195,0.0236355339059328,0.0375644656150758));
#2022=CARTESIAN_POINT('',(-0.184550877866546,0.0140644660940674,0.0471355334269412));
#2023=CARTESIAN_POINT('',(0.00740420200013809,0.0292500000000004,0.0585999995210085));
#2024=CARTESIAN_POINT('',(0.00740420200013809,0.0292500000000004,0.0360999995210085));
#2025=CARTESIAN_POINT('',(0.00740420200013808,0.03115,0.0360999995210085));
#2026=CARTESIAN_POINT('',(0.00618103526497735,0.0307039130434786,0.0360999995210085));
#2027=CARTESIAN_POINT('',(0.00740420200013809,0.0311500000000004,0.0585999995210085));
#2028=CARTESIAN_POINT('',(0.00740420200013808,0.0311500000000004,0.0264999995210084));
#2029=CARTESIAN_POINT('',(0.00740420200013808,0.0292500000000004,0.0264999995210084));
#2030=CARTESIAN_POINT('',(0.00618103526497734,0.0307039130434786,0.0264999995210084));
#2031=CARTESIAN_POINT('',(0.00618103526497735,0.0307039130434786,0.0585999995210085));
#2032=CARTESIAN_POINT('',(8.24392586247005E-7,0.03805,0.0585999995210085));
#2033=CARTESIAN_POINT('',(0.,0.0284500000353974,0.0585999995210085));
#2034=CARTESIAN_POINT('',(-5.39691748081684E-19,0.0284500000353974,0.0264999995210084));
#2035=CARTESIAN_POINT('',(8.24392586241223E-7,0.03805,0.0360999995210085));
#2036=CARTESIAN_POINT('',(8.24392586238756E-7,0.03805,0.0264999995210084));
#2037=CARTESIAN_POINT('',(0.004,0.0231000000353972,0.0585999995210085));
#2038=CARTESIAN_POINT('',(0.004,0.0231000000353972,0.0315999995210085));
#2039=CARTESIAN_POINT('',(0.00225,0.0231000000353972,0.0315999995210085));
#2040=CARTESIAN_POINT('',(0.004,0.0231000000353972,0.0264999995210084));
#2041=CARTESIAN_POINT('',(0.00225,0.0231000000353972,0.0264999995210084));
#2042=CARTESIAN_POINT('',(1.50824568883539E-17,0.0163500000176987,0.0585999995210085));
#2043=CARTESIAN_POINT('',(8.14356298444668E-18,0.0163500000176987,0.0315999995210085));
#2044=CARTESIAN_POINT('',(-0.00174999999999999,0.0163500000176987,0.0315999995210085));
#2045=CARTESIAN_POINT('',(6.83288302481975E-18,0.0163500000176987,0.0264999995210084));
#2046=CARTESIAN_POINT('',(-0.00174999999999999,0.0163500000176987,0.0264999995210084));
#2047=CARTESIAN_POINT('',(0.0204011647667143,0.0153270640520855,0.0485999995210085));
#2048=CARTESIAN_POINT('',(0.0252015046618742,0.00738823299630664,0.0535913813734625));
#2049=CARTESIAN_POINT('',(0.0252015046618742,0.000113006769984338,0.0420200783534484));
#2050=CARTESIAN_POINT('',(0.0252015046618742,0.00470724300493975,0.0493272462636168));
#2051=CARTESIAN_POINT('',(0.0216831465836458,0.000113006769984338,0.0291070401488));
#2052=CARTESIAN_POINT('',(0.0215449954792729,0.000113006769984335,0.0285999995210085));
#2053=CARTESIAN_POINT('',(0.0159531831225481,0.0130164383634063,0.0285999995210085));
#2054=CARTESIAN_POINT('',(0.00809484921371168,0.03115,0.0285999995210085));
#2055=CARTESIAN_POINT('',(0.0140180282002868,0.03115,0.0503391843469963));
#2056=CARTESIAN_POINT('',(0.0101383408512733,0.03115,0.0360999995210085));
#2057=CARTESIAN_POINT('',(0.0175338298130016,0.0140844799449854,0.0360999995210085));
#2058=CARTESIAN_POINT('',(0.0118626451198776,0.0271710678118656,0.0360999995210085));
#2059=CARTESIAN_POINT('',(0.0132249728782521,0.0271710678118656,0.0410999995210085));
#2060=CARTESIAN_POINT('',(0.0211181484575293,0.0105289321881346,0.0435999995210085));
#2061=CARTESIAN_POINT('',(0.0224804762159037,0.0105289321881346,0.0485999995210085));
#2062=CARTESIAN_POINT('',(0.0204011647667143,0.0153270640520855,0.0485999995210085));
#2063=CARTESIAN_POINT('',(0.0243347880483787,0.00624999999999738,0.0485999995210085));
#2064=CARTESIAN_POINT('',(0.0248797191517285,0.00624999999999738,0.0505999995210085));
#2065=CARTESIAN_POINT('',(0.0135224923198978,0.03115,0.0585999995210085));
#2066=CARTESIAN_POINT('',(-0.184550877866546,0.03115,0.0360999995210085));
#2067=CARTESIAN_POINT('',(0.00809484921371168,0.03115,0.0264979995210085));
#2068=CARTESIAN_POINT('',(0.00809484921371168,0.03115,0.0264999995210084));
#2069=CARTESIAN_POINT('',(0.0135224923198978,0.03115,0.0264999995210084));
#2070=CARTESIAN_POINT('',(0.0252015046618742,-0.000125000000001352,0.0585999995210085));
#2071=CARTESIAN_POINT('',(0.0252015046618742,-0.0044999999999996,0.048760492674307));
#2072=CARTESIAN_POINT('',(0.0252015046618742,-0.00249999999999994,0.048760492674307));
#2073=CARTESIAN_POINT('',(0.0252015046618742,-0.00254845565106158,0.048760492674307));
#2074=CARTESIAN_POINT('',(0.0252015046618742,-0.00585996699977881,0.0571472195888307));
#2075=CARTESIAN_POINT('',(0.0252015046618742,0.00624999999999738,0.0505999995210085));
#2076=CARTESIAN_POINT('',(0.0252015046618742,-0.00249999999999994,0.0585999995210085));
#2077=CARTESIAN_POINT('',(-0.184550877866546,0.028125,0.0360999995210085));
#2078=CARTESIAN_POINT('',(0.0127601600559749,0.0271710678118656,0.0360999995210085));
#2079=CARTESIAN_POINT('',(8.24392023646148E-7,-0.00249999999999994,0.0538477426329923));
#2080=CARTESIAN_POINT('',(0.0237015046618742,-0.00249999999999994,0.049260492674307));
#2081=CARTESIAN_POINT('',(0.0232861810743264,-0.00249999999999994,0.0501701664167149));
#2082=CARTESIAN_POINT('',(0.0245282484901212,-0.00249999999999994,0.0498230712398918));
#2083=CARTESIAN_POINT('',(0.0327956867725909,-0.00249999999999995,0.0554488568957405));
#2084=CARTESIAN_POINT('',(0.0250869419052417,-0.00249999999999994,0.0490789862086609));
#2085=CARTESIAN_POINT('',(0.0247015046618742,-0.00249999999999994,0.048760492674307));
#2086=CARTESIAN_POINT('',(0.0180341812649424,-0.00249999999999994,0.0471127192540963));
#2087=CARTESIAN_POINT('',(0.0206777857365074,-0.00249999999999994,0.0489792690004847));
#2088=CARTESIAN_POINT('',(0.0180341812649424,-0.00249799999999994,0.0471127192540963));
#2089=CARTESIAN_POINT('',(0.0206777857365074,-0.00249799999999994,0.0489792690004847));
#2090=CARTESIAN_POINT('',(0.0232861810743264,-0.00249799999999994,0.0501701664167149));
#2091=CARTESIAN_POINT('',(0.0237015046618742,-0.00012500000000135,0.049260492674307));
#2092=CARTESIAN_POINT('',(0.0237015046618742,-0.0049196504422408,0.049260492674307));
#2093=CARTESIAN_POINT('',(0.0245282484901212,-0.00394368530484133,0.0498230712398918));
#2094=CARTESIAN_POINT('',(0.0245282484901212,-0.00012500000000135,0.0498230712398918));
#2095=CARTESIAN_POINT('',(0.185482365122047,0.00842499999999964,0.0485999995210085));
#2096=CARTESIAN_POINT('',(0.185482365122047,0.0105289321881346,0.0485999995210085));
#2097=CARTESIAN_POINT('',(0.185482365122047,0.00624999999999738,0.0485999995210085));
#2098=CARTESIAN_POINT('',(-0.184550877866546,0.00624999999999738,0.0505999995210085));
#2099=CARTESIAN_POINT('',(-0.184550877866546,0.0271710678118656,0.0410999995210085));
#2100=CARTESIAN_POINT('',(0.185482365122047,0.0105289321881346,0.0435999995210085));
#2101=CARTESIAN_POINT('',(0.0247015046618742,-0.00012500000000135,0.048760492674307));
#2102=CARTESIAN_POINT('',(0.0250869419052417,-0.00012500000000135,0.0490789862086609));
#2103=CARTESIAN_POINT('',(0.0250869419052417,-0.00284023527145088,0.0490789862086609));
#2104=CARTESIAN_POINT('',(0.0247015046618742,-0.00327304533848109,0.048760492674307));
#2105=CARTESIAN_POINT('',(0.0327956867725909,-0.000125000000001354,0.0554488568957405));
#2106=CARTESIAN_POINT('',(0.0327956867725909,0.0058159660691534,0.0554488568957405));
#2107=CARTESIAN_POINT('',(0.0262862539471579,-0.0044999999999996,0.0576842045413097));
#2108=CARTESIAN_POINT('',(0.0209179825702082,-0.000795647405590121,0.0285999995210085));
#2109=CARTESIAN_POINT('',(1.45684647473237E-17,0.0163500000176987,0.0565999995210085));
#2110=CARTESIAN_POINT('',(-5.26485162864784E-18,0.0193500000176987,0.0353977426514103));
#2111=CARTESIAN_POINT('',(-0.000784121101833144,0.0193500000176987,0.0353977076148995));
#2112=CARTESIAN_POINT('',(-0.0023516562634192,0.0187000070209378,0.035519743973229));
#2113=CARTESIAN_POINT('',(-0.0033252478924686,0.0163485917057091,0.035704857831239));
#2114=CARTESIAN_POINT('',(-0.00234735136932117,0.0140002684765577,0.0355196829200805));
#2115=CARTESIAN_POINT('',(-0.000792931505891917,0.0133500000176986,0.0353977072212284));
#2116=CARTESIAN_POINT('',(4.12004719626345E-18,0.0133500000176987,0.0353977426514103));
#2117=CARTESIAN_POINT('',(8.14356298444668E-18,0.0163500000176987,0.0315999995210085));
#2118=CARTESIAN_POINT('',(-0.00299999999999999,0.0163500000176987,0.0315999995210085));
#2119=CARTESIAN_POINT('',(-0.00182825483078454,0.0133250000000002,0.0315999995210085));
#2120=CARTESIAN_POINT('',(0.004,0.0231000000353972,0.0565999995210085));
#2121=CARTESIAN_POINT('',(0.004,0.0231000000353972,0.0315999995210085));
#2122=CARTESIAN_POINT('',(0.001,0.0231000000353972,0.0315999995210085));
#2123=CARTESIAN_POINT('',(-0.00182825483078454,0.0133250000000002,0.0315999995210085));
#2124=CARTESIAN_POINT('',(-0.017577324307045,-0.00349999999999977,0.0481133599088879));
#2125=CARTESIAN_POINT('',(-0.017577324307045,-0.00249799999999994,0.0481133599088879));
#2126=CARTESIAN_POINT('',(-0.0177849865606347,-0.00349999999999977,0.047658523247619));
#2127=CARTESIAN_POINT('',(-0.02192113460937,0.0225,0.0538477430194995));
#2128=CARTESIAN_POINT('',(-0.0201948146390415,0.0225,0.054134656525708));
#2129=CARTESIAN_POINT('',(-0.0201948146390415,0.00424999999999739,0.0541346565257081));
#2130=CARTESIAN_POINT('',(-0.02192113460937,0.00424999999999738,0.0538477430194995));
#2131=CARTESIAN_POINT('',(-0.0201948146115572,0.00424999999999739,0.0535608296786605));
#2132=CARTESIAN_POINT('',(-0.0201948146115572,0.0225,0.0535608296786606));
#2133=CARTESIAN_POINT('',(-8.24392587098211E-7,0.190749236810223,0.0538477426329923));
#2134=CARTESIAN_POINT('',(-0.00504266080713197,0.0298805516973938,0.0360999995210085));
#2135=CARTESIAN_POINT('',(-0.00429551921064521,0.0294194476462442,0.0358877491134936));
#2136=CARTESIAN_POINT('',(-0.00268637990648538,0.0287054278086616,0.0355323894472017));
#2137=CARTESIAN_POINT('',(-0.000893916560315843,0.0284499232710025,0.0353977027089611));
#2138=CARTESIAN_POINT('',(-2.77310261582815E-17,0.028450000035397,0.0353977426514103));
#2139=CARTESIAN_POINT('',(-0.00504266080713198,0.0298805516973938,0.0360999995210085));
#2140=CARTESIAN_POINT('',(-0.00504266080713198,0.190749236810223,0.0360999995210085));
#2141=CARTESIAN_POINT('',(-0.00504266080713198,0.0271710678118656,0.0360999995210085));
#2142=CARTESIAN_POINT('',(-0.00867592609560996,0.0236355339059329,0.0375644656150758));
#2143=CARTESIAN_POINT('',(-0.00830936944069359,0.0238308211480415,0.0373691783729672));
#2144=CARTESIAN_POINT('',(-0.00758049370381242,0.0242507001676614,0.0370127005636924));
#2145=CARTESIAN_POINT('',(-0.00651302248585715,0.0249891131209953,0.0365729803131989));
#2146=CARTESIAN_POINT('',(-0.00550813674819345,0.0258773883679692,0.0362304883103593));
#2147=CARTESIAN_POINT('',(-0.00504266080713197,0.0267038817902761,0.0360999995210085));
#2148=CARTESIAN_POINT('',(-0.00504266080713197,0.0271710678118656,0.0360999995210085));
#2149=CARTESIAN_POINT('',(-0.00867592609560996,0.0236355339059329,0.0375644656150758));
#2150=CARTESIAN_POINT('',(-8.24392587098211E-7,0.0073522568880163,0.0538477426329923));
#2151=CARTESIAN_POINT('',(-0.0171865378655333,0.0140644660940674,0.0471355334269412));
#2152=CARTESIAN_POINT('',(-0.0176887777007182,0.0105289321881346,0.0485999995210085));
#2153=CARTESIAN_POINT('',(-0.0176887777007182,0.011863420347299,0.0485999995210085));
#2154=CARTESIAN_POINT('',(-0.017541729525875,0.0131550453779924,0.0480449541430162));
#2155=CARTESIAN_POINT('',(-0.0171865378655333,0.0140644660940674,0.0471355334269412));
#2156=CARTESIAN_POINT('',(-0.0176887777007182,0.0105289321881347,0.0485999995210085));
#2157=CARTESIAN_POINT('',(-0.0176887777007182,0.190749236810223,0.0485999995210085));
#2158=CARTESIAN_POINT('',(-0.0176887777007182,0.00624999999999737,0.0485999995210085));
#2159=CARTESIAN_POINT('',(-0.018162725853573,0.00424999999999739,0.0505999995210085));
#2160=CARTESIAN_POINT('',(-0.0180685110253515,0.00424999999999739,0.0500731350593433));
#2161=CARTESIAN_POINT('',(-0.0178293814053783,0.00467490448119975,0.0490495333167229));
#2162=CARTESIAN_POINT('',(-0.0176887777007182,0.00571442790610735,0.0485999995210085));
#2163=CARTESIAN_POINT('',(-0.0176887777007182,0.00624999999999738,0.0485999995210085));
#2164=CARTESIAN_POINT('',(-0.018162725853573,0.0042499999999974,0.0505999995210085));
#2165=CARTESIAN_POINT('',(-8.24392587098211E-7,0.0042499999999974,0.0538477426329923));
#2166=CARTESIAN_POINT('',(-0.0183902927857538,0.00424999999999739,0.0553410450861884));
#2167=CARTESIAN_POINT('',(-0.0183902927857538,0.190749236810223,0.0553410450861884));
#2168=CARTESIAN_POINT('',(-0.0175294217595138,0.0931246184051116,0.0480900717194917));
#2169=CARTESIAN_POINT('',(-0.00167507091365587,0.0207094653968491,0.0354437409508094));
#2170=CARTESIAN_POINT('',(-0.000663002874389642,0.0231009226073017,0.0354153825718318));
#2171=CARTESIAN_POINT('',(-0.00167291758878556,0.0254868443863273,0.0354436374013979));
#2172=CARTESIAN_POINT('',(-0.00405532086505202,0.026416059791278,0.0357856027903525));
#2173=CARTESIAN_POINT('',(-0.00594727342038745,0.0256089881453315,0.0363653497394529));
#2174=CARTESIAN_POINT('',(-0.00683653395954089,0.0242958213329279,0.0367088260304961));
#2175=CARTESIAN_POINT('',(-0.00708108711496316,0.0231035034766649,0.0368106592309228));
#2176=CARTESIAN_POINT('',(-0.0068391069972468,0.0219096842154813,0.0367098672236588));
#2177=CARTESIAN_POINT('',(-0.00595051024047498,0.0205930279059927,0.036366473460878));
#2178=CARTESIAN_POINT('',(-0.00405950036141474,0.0197843487590539,0.0357865143935706));
#2179=CARTESIAN_POINT('',(-0.00167507091365587,0.0207094653968491,0.0354437409508094));
#2180=CARTESIAN_POINT('',(-0.000663002874389642,0.0231009226073017,0.0354153825718318));
#2181=CARTESIAN_POINT('',(-0.00167291758878556,0.0254868443863273,0.0354436374013979));
#2182=CARTESIAN_POINT('',(-0.001,0.0231000000353972,0.035424818106589));
#2183=CARTESIAN_POINT('',(-0.0213804502480573,0.00610299011765149,0.0555838584932121));
#2184=CARTESIAN_POINT('',(-0.0213804502480573,0.00424999999999739,0.0555838584932121));
#2185=CARTESIAN_POINT('',(-0.0219172870066067,0.00424999999999739,0.058535435409823));
#2186=CARTESIAN_POINT('',(-0.0219172870066067,0.00610299011765149,0.058535435409823));
#2187=CARTESIAN_POINT('',(-0.0212015046618742,0.00610299011765149,0.0545999995210085));
#2188=CARTESIAN_POINT('',(-0.0252015046618742,-0.00249999999999994,0.0545999995210085));
#2189=CARTESIAN_POINT('',(-0.0252015046618742,0.00425000110524359,0.0545999995210085));
#2190=CARTESIAN_POINT('',(-0.0212015046618742,0.00424999999999739,0.0545999995210085));
#2191=CARTESIAN_POINT('',(0.184550877866546,0.00424999999999739,0.0577749995210099));
#2192=CARTESIAN_POINT('',(-0.0218938171765215,0.00424999999999739,0.0553477430194995));
#2193=CARTESIAN_POINT('',(-0.0235928218527111,0.00424999999999739,0.0554059075300344));
#2194=CARTESIAN_POINT('',(-0.0201948146943582,0.00424999999999739,0.0552895772959375));
#2195=CARTESIAN_POINT('',(-0.0235928239280594,0.00424999999999739,0.0538477423684111));
#2196=CARTESIAN_POINT('',(-0.0235928239280594,0.00424999999999739,0.0538477423684111));
#2197=CARTESIAN_POINT('',(-0.0235928218080088,0.00424999999999739,0.0522895772032099));
#2198=CARTESIAN_POINT('',(-0.0218938171765215,0.00424999999999739,0.0523477430194995));
#2199=CARTESIAN_POINT('',(-0.0201948145562403,0.00424999999999739,0.0524059077663908));
#2200=CARTESIAN_POINT('',(-0.0201948146252993,0.00424999999999739,0.0538477425311641));
#2201=CARTESIAN_POINT('',(-0.0201948146252993,0.00424999999999739,0.0538477425311641));
#2202=CARTESIAN_POINT('',(-0.025201505140842,0.00424999999999739,0.0585999995210085));
#2203=CARTESIAN_POINT('',(-0.025201505140842,0.00424999999999739,0.0505999995210085));
#2204=CARTESIAN_POINT('',(0.184550877866546,0.00424999999999739,0.0505999995210085));
#2205=CARTESIAN_POINT('',(0.184550877866546,0.00842499999999876,0.0527749995210099));
#2206=CARTESIAN_POINT('',(-0.0205767982906516,0.0140255152128404,0.0471744843081682));
#2207=CARTESIAN_POINT('',(-0.0137938155157346,0.0236355339059329,0.0375644656150758));
#2208=CARTESIAN_POINT('',(-0.0205493058200469,0.0140644660940674,0.0471355334269412));
#2209=CARTESIAN_POINT('',(0.184550877866546,0.0140644660940674,0.0471355334269412));
#2210=CARTESIAN_POINT('',(-0.00504266080713195,0.0236355339059328,0.0375644656150758));
#2211=CARTESIAN_POINT('',(-0.00740420200013809,0.0292500000000004,0.0585999995210085));
#2212=CARTESIAN_POINT('',(-0.00740420200013809,0.0292500000000004,0.0360999995210085));
#2213=CARTESIAN_POINT('',(-0.00740420200013808,0.03115,0.0360999995210085));
#2214=CARTESIAN_POINT('',(-0.00618103526497735,0.0307039130434786,0.0360999995210085));
#2215=CARTESIAN_POINT('',(-0.00618103526497735,0.0307039130434786,0.0585999995210085));
#2216=CARTESIAN_POINT('',(-0.00618103526497735,0.0307039130434786,0.0264999995210084));
#2217=CARTESIAN_POINT('',(-0.00740420200013809,0.0292500000000004,0.0264999995210084));
#2218=CARTESIAN_POINT('',(-0.00740420200013808,0.0311500000000004,0.0264999995210084));
#2219=CARTESIAN_POINT('',(-0.00740420200013809,0.0311500000000004,0.0585999995210085));
#2220=CARTESIAN_POINT('',(-8.24392586247005E-7,0.03805,0.0585999995210085));
#2221=CARTESIAN_POINT('',(-8.24392586239835E-7,0.03805,0.0264999995210084));
#2222=CARTESIAN_POINT('',(-8.24392586241223E-7,0.03805,0.0360999995210085));
#2223=CARTESIAN_POINT('',(-0.004,0.0231000000353972,0.0585999995210085));
#2224=CARTESIAN_POINT('',(-0.004,0.0231000000353972,0.0315999995210085));
#2225=CARTESIAN_POINT('',(-0.00225,0.0231000000353972,0.0315999995210085));
#2226=CARTESIAN_POINT('',(-0.004,0.0231000000353972,0.0264999995210084));
#2227=CARTESIAN_POINT('',(-0.00575,0.0231000000353972,0.0264999995210084));
#2228=CARTESIAN_POINT('',(-0.0204011647667143,0.0153270640520855,0.0485999995210085));
#2229=CARTESIAN_POINT('',(-0.0252015046618742,0.00738823299630664,0.0535913813734625));
#2230=CARTESIAN_POINT('',(-0.0252015046618742,0.000113006769984338,0.0420200783534484));
#2231=CARTESIAN_POINT('',(-0.0252015046618742,0.00470724300493975,0.0493272462636168));
#2232=CARTESIAN_POINT('',(-0.0248797191517285,0.00624999999999738,0.0505999995210085));
#2233=CARTESIAN_POINT('',(-0.0243347880483787,0.00624999999999738,0.0485999995210085));
#2234=CARTESIAN_POINT('',(-0.0204011647667143,0.0153270640520855,0.0485999995210085));
#2235=CARTESIAN_POINT('',(-0.0224804762159037,0.0105289321881346,0.0485999995210085));
#2236=CARTESIAN_POINT('',(-0.0211181484575293,0.0105289321881346,0.0435999995210085));
#2237=CARTESIAN_POINT('',(-0.0132249728782521,0.0271710678118656,0.0410999995210085));
#2238=CARTESIAN_POINT('',(-0.0118626451198776,0.0271710678118656,0.0360999995210085));
#2239=CARTESIAN_POINT('',(-0.0175338298130016,0.0140844799449854,0.0360999995210085));
#2240=CARTESIAN_POINT('',(-0.0101383408512733,0.03115,0.0360999995210085));
#2241=CARTESIAN_POINT('',(-0.0140180282002868,0.03115,0.0503391843469963));
#2242=CARTESIAN_POINT('',(-0.00809484921371168,0.03115,0.0285999995210085));
#2243=CARTESIAN_POINT('',(-0.0159531831225481,0.0130164383634063,0.0285999995210085));
#2244=CARTESIAN_POINT('',(-0.0215449954792729,0.000113006769984335,0.0285999995210085));
#2245=CARTESIAN_POINT('',(-0.0216831465836458,0.000113006769984338,0.0291070401488));
#2246=CARTESIAN_POINT('',(-0.0135224923198978,0.03115,0.0585999995210085));
#2247=CARTESIAN_POINT('',(-0.0135224923198978,0.03115,0.0264999995210084));
#2248=CARTESIAN_POINT('',(-0.00809484921371168,0.03115,0.0264999995210084));
#2249=CARTESIAN_POINT('',(-0.00809484921371168,0.03115,0.0264979995210085));
#2250=CARTESIAN_POINT('',(0.184550877866546,0.03115,0.0360999995210085));
#2251=CARTESIAN_POINT('',(-0.0252015046618742,-0.000125000000001352,0.0585999995210085));
#2252=CARTESIAN_POINT('',(-0.0252015046618742,-0.0044999999999996,0.048760492674307));
#2253=CARTESIAN_POINT('',(-0.0252015046618742,-0.00254845565106158,0.048760492674307));
#2254=CARTESIAN_POINT('',(-0.0252015046618742,0.00624999999999738,0.0505999995210085));
#2255=CARTESIAN_POINT('',(-0.0252015046618742,-0.00585996699977881,0.0571472195888307));
#2256=CARTESIAN_POINT('',(0.184550877866546,0.028125,0.0360999995210085));
#2257=CARTESIAN_POINT('',(-0.0127601600559749,0.0271710678118656,0.0360999995210085));
#2258=CARTESIAN_POINT('',(-0.0180341812649424,-0.00249799999999994,0.0471127192540963));
#2259=CARTESIAN_POINT('',(-0.0206777857365074,-0.00249799999999994,0.0489792690004847));
#2260=CARTESIAN_POINT('',(-0.0232861810743264,-0.00249799999999994,0.0501701664167149));
#2261=CARTESIAN_POINT('',(-0.0237015046618742,-0.00012500000000135,0.049260492674307));
#2262=CARTESIAN_POINT('',(-0.0245282484901212,-0.00012500000000135,0.0498230712398918));
#2263=CARTESIAN_POINT('',(-0.0245282484901212,-0.00394368530484133,0.0498230712398918));
#2264=CARTESIAN_POINT('',(-0.0237015046618742,-0.0049196504422408,0.049260492674307));
#2265=CARTESIAN_POINT('',(-0.185482365122047,0.00842499999999964,0.0485999995210085));
#2266=CARTESIAN_POINT('',(-0.185482365122047,0.00624999999999738,0.0485999995210085));
#2267=CARTESIAN_POINT('',(-0.185482365122047,0.0105289321881346,0.0485999995210085));
#2268=CARTESIAN_POINT('',(0.184550877866546,0.00624999999999738,0.0505999995210085));
#2269=CARTESIAN_POINT('',(0.184550877866546,0.0271710678118656,0.0410999995210085));
#2270=CARTESIAN_POINT('',(-0.185482365122047,0.0105289321881346,0.0435999995210085));
#2271=CARTESIAN_POINT('',(-0.0247015046618742,-0.00012500000000135,0.048760492674307));
#2272=CARTESIAN_POINT('',(-0.0250869419052417,-0.00012500000000135,0.0490789862086609));
#2273=CARTESIAN_POINT('',(-0.0250869419052417,-0.00284023527145088,0.0490789862086609));
#2274=CARTESIAN_POINT('',(-0.0247015046618742,-0.00327304533848109,0.048760492674307));
#2275=CARTESIAN_POINT('',(-0.0327956867725909,-0.000125000000001354,0.0554488568957405));
#2276=CARTESIAN_POINT('',(-0.0327956867725909,0.0058159660691534,0.0554488568957405));
#2277=CARTESIAN_POINT('',(-0.0262862539471579,-0.0044999999999996,0.0576842045413097));
#2278=CARTESIAN_POINT('',(-0.0209179825702082,-0.000795647405590121,0.0285999995210085));
#2279=CARTESIAN_POINT('',(-0.004,0.0231000000353972,0.0565999995210085));
#2280=CARTESIAN_POINT('',(-0.004,0.0231000000353972,0.0315999995210085));
#2281=CARTESIAN_POINT('',(-0.001,0.0231000000353972,0.0315999995210085));
#2282=CARTESIAN_POINT('',(0.00182825483078454,0.0133250000000002,0.0315999995210085));
#2283=CARTESIAN_POINT('',(-0.0218938171765215,-0.0207500000000026,0.0523477430194995));
#2284=CARTESIAN_POINT('',(-0.0201948145562403,-0.0207500000000026,0.0524059077663908));
#2285=CARTESIAN_POINT('',(-0.0235928218080088,-0.0207500000000026,0.0522895772032099));
#2286=CARTESIAN_POINT('',(-0.0201948146252993,-0.0207500000000026,0.0538477425311641));
#2287=CARTESIAN_POINT('',(-0.0235928239280594,-0.0207500000000026,0.0538477423684111));
#2288=CARTESIAN_POINT('',(-0.0235928239280594,-0.0207500000000026,0.0538477423684111));
#2289=CARTESIAN_POINT('',(-0.0235928218527111,-0.0207500000000026,0.0554059075300344));
#2290=CARTESIAN_POINT('',(-0.0218938171765215,-0.0207500000000026,0.0553477430194995));
#2291=CARTESIAN_POINT('',(-0.0201948146943582,-0.0207500000000026,0.0552895772959375));
#2292=CARTESIAN_POINT('',(-0.0201948146252993,-0.0207500000000026,0.0538477425311641));
#2293=CARTESIAN_POINT('',(-0.0209179825702082,-0.000795647405590121,0.0264979995210085));
#2294=CARTESIAN_POINT('',(-0.0215449954792729,0.000113006769984335,0.0264979995210085));
#2295=CARTESIAN_POINT('',(-0.0215449954792729,0.000113006769984335,0.0264999995210084));
#2296=CARTESIAN_POINT('',(-0.0209179825702082,-0.000795647405590121,0.0264999995210084));
#2297=CARTESIAN_POINT('',(-0.0159531831225481,0.0130164383634063,0.0264979995210085));
#2298=CARTESIAN_POINT('',(-0.0159531831225481,0.0130164383634063,0.0264999995210084));
#2299=CARTESIAN_POINT('',(0.0159531831225481,0.0130164383634063,0.0264979995210085));
#2300=CARTESIAN_POINT('',(0.0159531831225481,0.0130164383634063,0.0264999995210084));
#2301=CARTESIAN_POINT('',(0.0215449954792729,0.000113006769984335,0.0264999995210084));
#2302=CARTESIAN_POINT('',(0.0215449954792729,0.000113006769984335,0.0264979995210085));
#2303=CARTESIAN_POINT('',(0.0209179825702082,-0.000795647405590121,0.0264979995210085));
#2304=CARTESIAN_POINT('',(0.0209179825702082,-0.000795647405590121,0.0264999995210084));
#2305=CARTESIAN_POINT('',(8.24392587066864E-7,-0.0129470100020873,0.0264999995210084));
#2306=MECHANICAL_DESIGN_GEOMETRIC_PRESENTATION_REPRESENTATION('',(#1313),
#2307);
#2307=(
GEOMETRIC_REPRESENTATION_CONTEXT(3)
GLOBAL_UNCERTAINTY_ASSIGNED_CONTEXT((#2308))
GLOBAL_UNIT_ASSIGNED_CONTEXT((#2311,#2310,#2309))
REPRESENTATION_CONTEXT('sherpa_bracket','TOP_LEVEL_ASSEMBLY_PART')
);
#2308=UNCERTAINTY_MEASURE_WITH_UNIT(LENGTH_MEASURE(2.E-5),#2311,
'DISTANCE_ACCURACY_VALUE','Maximum Tolerance applied to model');
#2309=(
NAMED_UNIT(*)
SI_UNIT($,.STERADIAN.)
SOLID_ANGLE_UNIT()
);
#2310=(
NAMED_UNIT(*)
PLANE_ANGLE_UNIT()
SI_UNIT($,.RADIAN.)
);
#2311=(
LENGTH_UNIT()
NAMED_UNIT(*)
SI_UNIT($,.METRE.)
);
#2312=PRODUCT_DEFINITION_SHAPE('','',#2313);
#2313=PRODUCT_DEFINITION('','',#2315,#2314);
#2314=PRODUCT_DEFINITION_CONTEXT('',#2321,'design');
#2315=PRODUCT_DEFINITION_FORMATION_WITH_SPECIFIED_SOURCE('','',#2317,
 .NOT_KNOWN.);
#2316=PRODUCT_RELATED_PRODUCT_CATEGORY('','',(#2317));
#2317=PRODUCT('sherpa_bracket','sherpa_bracket','sherpa_bracket',(#2319));
#2318=PRODUCT_CATEGORY('','');
#2319=PRODUCT_CONTEXT('',#2321,'mechanical');
#2320=APPLICATION_PROTOCOL_DEFINITION('international standard',
'ap242_managed_model_based_3d_engineering',2020,#2321);
#2321=APPLICATION_CONTEXT('managed model based 3d engineering');
ENDSEC;
END-ISO-10303-21;
