ISO-10303-21;
HEADER;
/* Generated by software containing ST-Developer
 * from STEP Tools, Inc. (www.steptools.com) 
 */
/* OPTION: using custom renumber hook */

FILE_DESCRIPTION(
/* description */ ('STEP AP242 Edition 2',
'CAx-IF Rec.Pracs.---Representation and Presentation of Product Manufa
cturing Information (PMI)---4.0---2014-10-13',
'CAx-IF Rec.Pracs.---3D Tessellated Geometry---0.4---2014-09-14','2;1',
'CAx-IF Rec.Pracs.---User Defined Attributes---1.5---2016-08-15'),
/* implementation_level */ '2;1');

FILE_NAME(
/* name */ 'voron_sphinx_tLW - extruder_mount',
/* time_stamp */ '2026-09-03T18:54:09Z',
/* author */ (''),
/* organization */ (''),
/* preprocessor_version */ 'ST-DEVELOPER v20',
/* originating_system */ 'ONSHAPE BY PTC INC, 1.220',
/* authorisation */ '  ');

FILE_SCHEMA (('AP242_MANAGED_MODEL_BASED_3D_ENGINEERING_MIM_LF { 1 0 10303 442 3 1 4 }'));
ENDSEC;

DATA;
#10=SHAPE_REPRESENTATION_RELATIONSHIP('','',#1873,#11);
#11=ADVANCED_BREP_SHAPE_REPRESENTATION('',(#1871),#3123);
#12=B_SPLINE_CURVE_WITH_KNOTS('',3,(#2660,#2661,#2662,#2663,#2664),
 .UNSPECIFIED.,.F.,.F.,(4,1,4),(0.,0.00143697374533677,0.00287394749067355),
 .UNSPECIFIED.);
#13=B_SPLINE_CURVE_WITH_KNOTS('',3,(#2668,#2669,#2670,#2671,#2672),
 .UNSPECIFIED.,.F.,.F.,(4,1,4),(0.,0.00144267546198874,0.00288535092397747),
 .UNSPECIFIED.);
#14=ELLIPSE('',#1883,0.00268700576850888,0.0019);
#15=ELLIPSE('',#1888,0.00268700576850888,0.0019);
#16=ELLIPSE('',#1965,0.00346410161513774,0.003);
#17=ELLIPSE('',#1967,0.00346410161513777,0.003);
#18=ELLIPSE('',#1970,0.00346410161513777,0.003);
#19=ELLIPSE('',#1971,0.00346410161513774,0.003);
#20=ELLIPSE('',#2022,0.00346410161513777,0.003);
#21=ELLIPSE('',#2024,0.00346410161513774,0.003);
#22=ELLIPSE('',#2028,0.00346410161513774,0.003);
#23=ELLIPSE('',#2029,0.00346410161513777,0.003);
#24=CYLINDRICAL_SURFACE('',#1880,0.0019);
#25=CYLINDRICAL_SURFACE('',#1886,0.0019);
#26=CYLINDRICAL_SURFACE('',#1890,0.0096);
#27=CYLINDRICAL_SURFACE('',#1895,0.002);
#28=CYLINDRICAL_SURFACE('',#1898,0.00175);
#29=CYLINDRICAL_SURFACE('',#1901,0.00175);
#30=CYLINDRICAL_SURFACE('',#1904,0.00175);
#31=CYLINDRICAL_SURFACE('',#1931,0.003);
#32=CYLINDRICAL_SURFACE('',#1934,0.003);
#33=CYLINDRICAL_SURFACE('',#1937,0.003);
#34=CYLINDRICAL_SURFACE('',#1945,0.00235);
#35=CYLINDRICAL_SURFACE('',#1959,0.003);
#36=CYLINDRICAL_SURFACE('',#1961,0.003);
#37=CYLINDRICAL_SURFACE('',#1964,0.003);
#38=CYLINDRICAL_SURFACE('',#1969,0.003);
#39=CYLINDRICAL_SURFACE('',#1975,0.0015);
#40=CYLINDRICAL_SURFACE('',#1986,0.00175);
#41=CYLINDRICAL_SURFACE('',#1989,0.002);
#42=CYLINDRICAL_SURFACE('',#1991,0.00175);
#43=CYLINDRICAL_SURFACE('',#1993,0.00175);
#44=CYLINDRICAL_SURFACE('',#1995,0.00175);
#45=CYLINDRICAL_SURFACE('',#2000,0.003);
#46=CYLINDRICAL_SURFACE('',#2003,0.003);
#47=CYLINDRICAL_SURFACE('',#2006,0.003);
#48=CYLINDRICAL_SURFACE('',#2014,0.00235);
#49=CYLINDRICAL_SURFACE('',#2016,0.003);
#50=CYLINDRICAL_SURFACE('',#2018,0.003);
#51=CYLINDRICAL_SURFACE('',#2021,0.003);
#52=CYLINDRICAL_SURFACE('',#2026,0.003);
#53=CYLINDRICAL_SURFACE('',#2032,0.0015);
#54=CYLINDRICAL_SURFACE('',#2043,0.00175);
#55=CYLINDRICAL_SURFACE('',#2045,0.0019);
#56=CYLINDRICAL_SURFACE('',#2046,0.00235);
#57=CYLINDRICAL_SURFACE('',#2048,0.00235);
#58=CYLINDRICAL_SURFACE('',#2050,0.00235);
#59=CIRCLE('',#1879,0.00175);
#60=CIRCLE('',#1881,0.0019);
#61=CIRCLE('',#1882,0.0019);
#62=CIRCLE('',#1885,0.00175);
#63=CIRCLE('',#1887,0.0019);
#64=CIRCLE('',#1889,0.0019);
#65=CIRCLE('',#1891,0.0096);
#66=CIRCLE('',#1892,0.0096);
#67=CIRCLE('',#1896,0.002);
#68=CIRCLE('',#1897,0.002);
#69=CIRCLE('',#1899,0.00175);
#70=CIRCLE('',#1900,0.00175);
#71=CIRCLE('',#1902,0.00175);
#72=CIRCLE('',#1903,0.00175);
#73=CIRCLE('',#1905,0.00175);
#74=CIRCLE('',#1906,0.00175);
#75=CIRCLE('',#1908,0.00235);
#76=CIRCLE('',#1909,0.00235);
#77=CIRCLE('',#1910,0.00175);
#78=CIRCLE('',#1911,0.00175);
#79=CIRCLE('',#1912,0.00175);
#80=CIRCLE('',#1915,0.00235);
#81=CIRCLE('',#1916,0.00235);
#82=CIRCLE('',#1917,0.003);
#83=CIRCLE('',#1918,0.003);
#84=CIRCLE('',#1919,0.003);
#85=CIRCLE('',#1920,0.003);
#86=CIRCLE('',#1921,0.003);
#87=CIRCLE('',#1922,0.003);
#88=CIRCLE('',#1923,0.002);
#89=CIRCLE('',#1924,0.00235);
#90=CIRCLE('',#1925,0.00235);
#91=CIRCLE('',#1926,0.00235);
#92=CIRCLE('',#1930,0.003);
#93=CIRCLE('',#1933,0.003);
#94=CIRCLE('',#1936,0.003);
#95=CIRCLE('',#1948,0.0015);
#96=CIRCLE('',#1949,0.003);
#97=CIRCLE('',#1950,0.003);
#98=CIRCLE('',#1951,0.003);
#99=CIRCLE('',#1952,0.003);
#100=CIRCLE('',#1953,0.003);
#101=CIRCLE('',#1954,0.003);
#102=CIRCLE('',#1955,0.003);
#103=CIRCLE('',#1956,0.003);
#104=CIRCLE('',#1957,0.0015);
#105=CIRCLE('',#1960,0.003);
#106=CIRCLE('',#1962,0.003);
#107=CIRCLE('',#1966,0.003);
#108=CIRCLE('',#1972,0.003);
#109=CIRCLE('',#1974,0.0015);
#110=CIRCLE('',#1985,0.00175);
#111=CIRCLE('',#1990,0.002);
#112=CIRCLE('',#1992,0.00175);
#113=CIRCLE('',#1994,0.00175);
#114=CIRCLE('',#1996,0.00175);
#115=CIRCLE('',#1999,0.003);
#116=CIRCLE('',#2002,0.003);
#117=CIRCLE('',#2005,0.003);
#118=CIRCLE('',#2017,0.003);
#119=CIRCLE('',#2019,0.003);
#120=CIRCLE('',#2023,0.003);
#121=CIRCLE('',#2027,0.003);
#122=CIRCLE('',#2031,0.0015);
#123=CIRCLE('',#2042,0.00175);
#124=CIRCLE('',#2047,0.00235);
#125=CIRCLE('',#2049,0.00235);
#126=CIRCLE('',#2051,0.00235);
#127=ORIENTED_EDGE('',*,*,#623,.F.);
#128=ORIENTED_EDGE('',*,*,#624,.F.);
#129=ORIENTED_EDGE('',*,*,#625,.F.);
#130=ORIENTED_EDGE('',*,*,#626,.T.);
#131=ORIENTED_EDGE('',*,*,#627,.F.);
#132=ORIENTED_EDGE('',*,*,#628,.F.);
#133=ORIENTED_EDGE('',*,*,#629,.T.);
#134=ORIENTED_EDGE('',*,*,#630,.F.);
#135=ORIENTED_EDGE('',*,*,#631,.T.);
#136=ORIENTED_EDGE('',*,*,#632,.F.);
#137=ORIENTED_EDGE('',*,*,#633,.T.);
#138=ORIENTED_EDGE('',*,*,#634,.T.);
#139=ORIENTED_EDGE('',*,*,#632,.T.);
#140=ORIENTED_EDGE('',*,*,#635,.T.);
#141=ORIENTED_EDGE('',*,*,#636,.F.);
#142=ORIENTED_EDGE('',*,*,#637,.T.);
#143=ORIENTED_EDGE('',*,*,#638,.F.);
#144=ORIENTED_EDGE('',*,*,#639,.T.);
#145=ORIENTED_EDGE('',*,*,#640,.T.);
#146=ORIENTED_EDGE('',*,*,#641,.F.);
#147=ORIENTED_EDGE('',*,*,#642,.F.);
#148=ORIENTED_EDGE('',*,*,#643,.F.);
#149=ORIENTED_EDGE('',*,*,#623,.T.);
#150=ORIENTED_EDGE('',*,*,#644,.F.);
#151=ORIENTED_EDGE('',*,*,#645,.F.);
#152=ORIENTED_EDGE('',*,*,#646,.T.);
#153=ORIENTED_EDGE('',*,*,#647,.T.);
#154=ORIENTED_EDGE('',*,*,#645,.T.);
#155=ORIENTED_EDGE('',*,*,#648,.T.);
#156=ORIENTED_EDGE('',*,*,#649,.F.);
#157=ORIENTED_EDGE('',*,*,#650,.F.);
#158=ORIENTED_EDGE('',*,*,#651,.F.);
#159=ORIENTED_EDGE('',*,*,#652,.F.);
#160=ORIENTED_EDGE('',*,*,#653,.F.);
#161=ORIENTED_EDGE('',*,*,#636,.T.);
#162=ORIENTED_EDGE('',*,*,#652,.T.);
#163=ORIENTED_EDGE('',*,*,#654,.T.);
#164=ORIENTED_EDGE('',*,*,#655,.T.);
#165=ORIENTED_EDGE('',*,*,#656,.T.);
#166=ORIENTED_EDGE('',*,*,#657,.T.);
#167=ORIENTED_EDGE('',*,*,#658,.F.);
#168=ORIENTED_EDGE('',*,*,#646,.F.);
#169=ORIENTED_EDGE('',*,*,#659,.F.);
#170=ORIENTED_EDGE('',*,*,#660,.F.);
#171=ORIENTED_EDGE('',*,*,#661,.F.);
#172=ORIENTED_EDGE('',*,*,#655,.F.);
#173=ORIENTED_EDGE('',*,*,#662,.T.);
#174=ORIENTED_EDGE('',*,*,#663,.T.);
#175=ORIENTED_EDGE('',*,*,#664,.T.);
#176=ORIENTED_EDGE('',*,*,#665,.T.);
#177=ORIENTED_EDGE('',*,*,#666,.T.);
#178=ORIENTED_EDGE('',*,*,#667,.T.);
#179=ORIENTED_EDGE('',*,*,#668,.T.);
#180=ORIENTED_EDGE('',*,*,#669,.F.);
#181=ORIENTED_EDGE('',*,*,#670,.F.);
#182=ORIENTED_EDGE('',*,*,#671,.F.);
#183=ORIENTED_EDGE('',*,*,#672,.F.);
#184=ORIENTED_EDGE('',*,*,#673,.F.);
#185=ORIENTED_EDGE('',*,*,#674,.F.);
#186=ORIENTED_EDGE('',*,*,#675,.F.);
#187=ORIENTED_EDGE('',*,*,#676,.F.);
#188=ORIENTED_EDGE('',*,*,#677,.T.);
#189=ORIENTED_EDGE('',*,*,#678,.T.);
#190=ORIENTED_EDGE('',*,*,#679,.F.);
#191=ORIENTED_EDGE('',*,*,#633,.F.);
#192=ORIENTED_EDGE('',*,*,#641,.T.);
#193=ORIENTED_EDGE('',*,*,#680,.T.);
#194=ORIENTED_EDGE('',*,*,#626,.F.);
#195=ORIENTED_EDGE('',*,*,#681,.T.);
#196=ORIENTED_EDGE('',*,*,#682,.T.);
#197=ORIENTED_EDGE('',*,*,#683,.T.);
#198=ORIENTED_EDGE('',*,*,#684,.T.);
#199=ORIENTED_EDGE('',*,*,#685,.T.);
#200=ORIENTED_EDGE('',*,*,#686,.T.);
#201=ORIENTED_EDGE('',*,*,#687,.T.);
#202=ORIENTED_EDGE('',*,*,#688,.T.);
#203=ORIENTED_EDGE('',*,*,#674,.T.);
#204=ORIENTED_EDGE('',*,*,#672,.T.);
#205=ORIENTED_EDGE('',*,*,#670,.T.);
#206=ORIENTED_EDGE('',*,*,#689,.F.);
#207=ORIENTED_EDGE('',*,*,#690,.F.);
#208=ORIENTED_EDGE('',*,*,#691,.F.);
#209=ORIENTED_EDGE('',*,*,#692,.F.);
#210=ORIENTED_EDGE('',*,*,#693,.F.);
#211=ORIENTED_EDGE('',*,*,#694,.F.);
#212=ORIENTED_EDGE('',*,*,#695,.F.);
#213=ORIENTED_EDGE('',*,*,#696,.F.);
#214=ORIENTED_EDGE('',*,*,#697,.F.);
#215=ORIENTED_EDGE('',*,*,#681,.F.);
#216=ORIENTED_EDGE('',*,*,#625,.T.);
#217=ORIENTED_EDGE('',*,*,#698,.F.);
#218=ORIENTED_EDGE('',*,*,#699,.F.);
#219=ORIENTED_EDGE('',*,*,#624,.T.);
#220=ORIENTED_EDGE('',*,*,#643,.T.);
#221=ORIENTED_EDGE('',*,*,#647,.F.);
#222=ORIENTED_EDGE('',*,*,#658,.T.);
#223=ORIENTED_EDGE('',*,*,#654,.F.);
#224=ORIENTED_EDGE('',*,*,#651,.T.);
#225=ORIENTED_EDGE('',*,*,#635,.F.);
#226=ORIENTED_EDGE('',*,*,#631,.F.);
#227=ORIENTED_EDGE('',*,*,#700,.F.);
#228=ORIENTED_EDGE('',*,*,#701,.T.);
#229=ORIENTED_EDGE('',*,*,#702,.T.);
#230=ORIENTED_EDGE('',*,*,#698,.T.);
#231=ORIENTED_EDGE('',*,*,#703,.F.);
#232=ORIENTED_EDGE('',*,*,#704,.T.);
#233=ORIENTED_EDGE('',*,*,#705,.F.);
#234=ORIENTED_EDGE('',*,*,#706,.F.);
#235=ORIENTED_EDGE('',*,*,#707,.F.);
#236=ORIENTED_EDGE('',*,*,#668,.F.);
#237=ORIENTED_EDGE('',*,*,#708,.T.);
#238=ORIENTED_EDGE('',*,*,#709,.T.);
#239=ORIENTED_EDGE('',*,*,#710,.T.);
#240=ORIENTED_EDGE('',*,*,#711,.T.);
#241=ORIENTED_EDGE('',*,*,#712,.T.);
#242=ORIENTED_EDGE('',*,*,#713,.T.);
#243=ORIENTED_EDGE('',*,*,#714,.T.);
#244=ORIENTED_EDGE('',*,*,#682,.F.);
#245=ORIENTED_EDGE('',*,*,#699,.T.);
#246=ORIENTED_EDGE('',*,*,#702,.F.);
#247=ORIENTED_EDGE('',*,*,#715,.F.);
#248=ORIENTED_EDGE('',*,*,#701,.F.);
#249=ORIENTED_EDGE('',*,*,#716,.F.);
#250=ORIENTED_EDGE('',*,*,#678,.F.);
#251=ORIENTED_EDGE('',*,*,#715,.T.);
#252=ORIENTED_EDGE('',*,*,#717,.T.);
#253=ORIENTED_EDGE('',*,*,#675,.T.);
#254=ORIENTED_EDGE('',*,*,#717,.F.);
#255=ORIENTED_EDGE('',*,*,#705,.T.);
#256=ORIENTED_EDGE('',*,*,#718,.T.);
#257=ORIENTED_EDGE('',*,*,#673,.T.);
#258=ORIENTED_EDGE('',*,*,#718,.F.);
#259=ORIENTED_EDGE('',*,*,#706,.T.);
#260=ORIENTED_EDGE('',*,*,#719,.T.);
#261=ORIENTED_EDGE('',*,*,#671,.T.);
#262=ORIENTED_EDGE('',*,*,#719,.F.);
#263=ORIENTED_EDGE('',*,*,#707,.T.);
#264=ORIENTED_EDGE('',*,*,#720,.F.);
#265=ORIENTED_EDGE('',*,*,#721,.F.);
#266=ORIENTED_EDGE('',*,*,#722,.T.);
#267=ORIENTED_EDGE('',*,*,#684,.F.);
#268=ORIENTED_EDGE('',*,*,#723,.F.);
#269=ORIENTED_EDGE('',*,*,#724,.F.);
#270=ORIENTED_EDGE('',*,*,#720,.T.);
#271=ORIENTED_EDGE('',*,*,#683,.F.);
#272=ORIENTED_EDGE('',*,*,#725,.F.);
#273=ORIENTED_EDGE('',*,*,#726,.F.);
#274=ORIENTED_EDGE('',*,*,#723,.T.);
#275=ORIENTED_EDGE('',*,*,#688,.F.);
#276=ORIENTED_EDGE('',*,*,#727,.F.);
#277=ORIENTED_EDGE('',*,*,#728,.F.);
#278=ORIENTED_EDGE('',*,*,#725,.T.);
#279=ORIENTED_EDGE('',*,*,#687,.F.);
#280=ORIENTED_EDGE('',*,*,#729,.F.);
#281=ORIENTED_EDGE('',*,*,#730,.F.);
#282=ORIENTED_EDGE('',*,*,#727,.T.);
#283=ORIENTED_EDGE('',*,*,#686,.F.);
#284=ORIENTED_EDGE('',*,*,#722,.F.);
#285=ORIENTED_EDGE('',*,*,#731,.F.);
#286=ORIENTED_EDGE('',*,*,#729,.T.);
#287=ORIENTED_EDGE('',*,*,#685,.F.);
#288=ORIENTED_EDGE('',*,*,#721,.T.);
#289=ORIENTED_EDGE('',*,*,#724,.T.);
#290=ORIENTED_EDGE('',*,*,#726,.T.);
#291=ORIENTED_EDGE('',*,*,#728,.T.);
#292=ORIENTED_EDGE('',*,*,#730,.T.);
#293=ORIENTED_EDGE('',*,*,#731,.T.);
#294=ORIENTED_EDGE('',*,*,#669,.T.);
#295=ORIENTED_EDGE('',*,*,#732,.T.);
#296=ORIENTED_EDGE('',*,*,#703,.T.);
#297=ORIENTED_EDGE('',*,*,#733,.F.);
#298=ORIENTED_EDGE('',*,*,#677,.F.);
#299=ORIENTED_EDGE('',*,*,#680,.F.);
#300=ORIENTED_EDGE('',*,*,#640,.F.);
#301=ORIENTED_EDGE('',*,*,#734,.F.);
#302=ORIENTED_EDGE('',*,*,#735,.F.);
#303=ORIENTED_EDGE('',*,*,#736,.F.);
#304=ORIENTED_EDGE('',*,*,#737,.T.);
#305=ORIENTED_EDGE('',*,*,#738,.T.);
#306=ORIENTED_EDGE('',*,*,#627,.T.);
#307=ORIENTED_EDGE('',*,*,#637,.F.);
#308=ORIENTED_EDGE('',*,*,#653,.T.);
#309=ORIENTED_EDGE('',*,*,#657,.F.);
#310=ORIENTED_EDGE('',*,*,#739,.F.);
#311=ORIENTED_EDGE('',*,*,#648,.F.);
#312=ORIENTED_EDGE('',*,*,#644,.T.);
#313=ORIENTED_EDGE('',*,*,#630,.T.);
#314=ORIENTED_EDGE('',*,*,#740,.T.);
#315=ORIENTED_EDGE('',*,*,#741,.T.);
#316=ORIENTED_EDGE('',*,*,#742,.T.);
#317=ORIENTED_EDGE('',*,*,#743,.T.);
#318=ORIENTED_EDGE('',*,*,#744,.T.);
#319=ORIENTED_EDGE('',*,*,#745,.T.);
#320=ORIENTED_EDGE('',*,*,#746,.T.);
#321=ORIENTED_EDGE('',*,*,#747,.T.);
#322=ORIENTED_EDGE('',*,*,#736,.T.);
#323=ORIENTED_EDGE('',*,*,#748,.F.);
#324=ORIENTED_EDGE('',*,*,#749,.F.);
#325=ORIENTED_EDGE('',*,*,#750,.F.);
#326=ORIENTED_EDGE('',*,*,#751,.F.);
#327=ORIENTED_EDGE('',*,*,#752,.F.);
#328=ORIENTED_EDGE('',*,*,#753,.F.);
#329=ORIENTED_EDGE('',*,*,#754,.F.);
#330=ORIENTED_EDGE('',*,*,#755,.F.);
#331=ORIENTED_EDGE('',*,*,#756,.T.);
#332=ORIENTED_EDGE('',*,*,#757,.T.);
#333=ORIENTED_EDGE('',*,*,#758,.T.);
#334=ORIENTED_EDGE('',*,*,#746,.F.);
#335=ORIENTED_EDGE('',*,*,#759,.F.);
#336=ORIENTED_EDGE('',*,*,#760,.F.);
#337=ORIENTED_EDGE('',*,*,#756,.F.);
#338=ORIENTED_EDGE('',*,*,#745,.F.);
#339=ORIENTED_EDGE('',*,*,#747,.F.);
#340=ORIENTED_EDGE('',*,*,#758,.F.);
#341=ORIENTED_EDGE('',*,*,#761,.F.);
#342=ORIENTED_EDGE('',*,*,#737,.F.);
#343=ORIENTED_EDGE('',*,*,#762,.T.);
#344=ORIENTED_EDGE('',*,*,#763,.T.);
#345=ORIENTED_EDGE('',*,*,#759,.T.);
#346=ORIENTED_EDGE('',*,*,#744,.F.);
#347=ORIENTED_EDGE('',*,*,#764,.F.);
#348=ORIENTED_EDGE('',*,*,#765,.T.);
#349=ORIENTED_EDGE('',*,*,#662,.F.);
#350=ORIENTED_EDGE('',*,*,#766,.F.);
#351=ORIENTED_EDGE('',*,*,#762,.F.);
#352=ORIENTED_EDGE('',*,*,#743,.F.);
#353=ORIENTED_EDGE('',*,*,#767,.F.);
#354=ORIENTED_EDGE('',*,*,#768,.T.);
#355=ORIENTED_EDGE('',*,*,#769,.T.);
#356=ORIENTED_EDGE('',*,*,#770,.T.);
#357=ORIENTED_EDGE('',*,*,#771,.T.);
#358=ORIENTED_EDGE('',*,*,#767,.T.);
#359=ORIENTED_EDGE('',*,*,#742,.F.);
#360=ORIENTED_EDGE('',*,*,#667,.F.);
#361=ORIENTED_EDGE('',*,*,#772,.T.);
#362=ORIENTED_EDGE('',*,*,#773,.T.);
#363=ORIENTED_EDGE('',*,*,#774,.T.);
#364=ORIENTED_EDGE('',*,*,#769,.F.);
#365=ORIENTED_EDGE('',*,*,#741,.F.);
#366=ORIENTED_EDGE('',*,*,#775,.T.);
#367=ORIENTED_EDGE('',*,*,#776,.F.);
#368=ORIENTED_EDGE('',*,*,#664,.F.);
#369=ORIENTED_EDGE('',*,*,#777,.T.);
#370=ORIENTED_EDGE('',*,*,#778,.F.);
#371=ORIENTED_EDGE('',*,*,#779,.T.);
#372=ORIENTED_EDGE('',*,*,#665,.F.);
#373=ORIENTED_EDGE('',*,*,#776,.T.);
#374=ORIENTED_EDGE('',*,*,#780,.T.);
#375=ORIENTED_EDGE('',*,*,#628,.T.);
#376=ORIENTED_EDGE('',*,*,#738,.F.);
#377=ORIENTED_EDGE('',*,*,#761,.T.);
#378=ORIENTED_EDGE('',*,*,#757,.F.);
#379=ORIENTED_EDGE('',*,*,#760,.T.);
#380=ORIENTED_EDGE('',*,*,#763,.F.);
#381=ORIENTED_EDGE('',*,*,#766,.T.);
#382=ORIENTED_EDGE('',*,*,#740,.F.);
#383=ORIENTED_EDGE('',*,*,#629,.F.);
#384=ORIENTED_EDGE('',*,*,#780,.F.);
#385=ORIENTED_EDGE('',*,*,#775,.F.);
#386=ORIENTED_EDGE('',*,*,#771,.F.);
#387=ORIENTED_EDGE('',*,*,#781,.T.);
#388=ORIENTED_EDGE('',*,*,#782,.T.);
#389=ORIENTED_EDGE('',*,*,#783,.F.);
#390=ORIENTED_EDGE('',*,*,#784,.F.);
#391=ORIENTED_EDGE('',*,*,#768,.F.);
#392=ORIENTED_EDGE('',*,*,#785,.T.);
#393=ORIENTED_EDGE('',*,*,#786,.T.);
#394=ORIENTED_EDGE('',*,*,#787,.F.);
#395=ORIENTED_EDGE('',*,*,#773,.F.);
#396=ORIENTED_EDGE('',*,*,#774,.F.);
#397=ORIENTED_EDGE('',*,*,#787,.T.);
#398=ORIENTED_EDGE('',*,*,#788,.T.);
#399=ORIENTED_EDGE('',*,*,#781,.F.);
#400=ORIENTED_EDGE('',*,*,#770,.F.);
#401=ORIENTED_EDGE('',*,*,#789,.F.);
#402=ORIENTED_EDGE('',*,*,#790,.T.);
#403=ORIENTED_EDGE('',*,*,#791,.T.);
#404=ORIENTED_EDGE('',*,*,#792,.F.);
#405=ORIENTED_EDGE('',*,*,#793,.F.);
#406=ORIENTED_EDGE('',*,*,#777,.F.);
#407=ORIENTED_EDGE('',*,*,#663,.F.);
#408=ORIENTED_EDGE('',*,*,#765,.F.);
#409=ORIENTED_EDGE('',*,*,#666,.F.);
#410=ORIENTED_EDGE('',*,*,#779,.F.);
#411=ORIENTED_EDGE('',*,*,#794,.F.);
#412=ORIENTED_EDGE('',*,*,#792,.T.);
#413=ORIENTED_EDGE('',*,*,#795,.T.);
#414=ORIENTED_EDGE('',*,*,#785,.F.);
#415=ORIENTED_EDGE('',*,*,#772,.F.);
#416=ORIENTED_EDGE('',*,*,#764,.T.);
#417=ORIENTED_EDGE('',*,*,#784,.T.);
#418=ORIENTED_EDGE('',*,*,#796,.T.);
#419=ORIENTED_EDGE('',*,*,#789,.T.);
#420=ORIENTED_EDGE('',*,*,#778,.T.);
#421=ORIENTED_EDGE('',*,*,#793,.T.);
#422=ORIENTED_EDGE('',*,*,#794,.T.);
#423=ORIENTED_EDGE('',*,*,#797,.T.);
#424=ORIENTED_EDGE('',*,*,#790,.F.);
#425=ORIENTED_EDGE('',*,*,#796,.F.);
#426=ORIENTED_EDGE('',*,*,#783,.T.);
#427=ORIENTED_EDGE('',*,*,#798,.T.);
#428=ORIENTED_EDGE('',*,*,#797,.F.);
#429=ORIENTED_EDGE('',*,*,#782,.F.);
#430=ORIENTED_EDGE('',*,*,#788,.F.);
#431=ORIENTED_EDGE('',*,*,#786,.F.);
#432=ORIENTED_EDGE('',*,*,#795,.F.);
#433=ORIENTED_EDGE('',*,*,#791,.F.);
#434=ORIENTED_EDGE('',*,*,#642,.T.);
#435=ORIENTED_EDGE('',*,*,#798,.F.);
#436=ORIENTED_EDGE('',*,*,#799,.F.);
#437=ORIENTED_EDGE('',*,*,#800,.F.);
#438=ORIENTED_EDGE('',*,*,#801,.F.);
#439=ORIENTED_EDGE('',*,*,#802,.F.);
#440=ORIENTED_EDGE('',*,*,#803,.F.);
#441=ORIENTED_EDGE('',*,*,#804,.F.);
#442=ORIENTED_EDGE('',*,*,#711,.F.);
#443=ORIENTED_EDGE('',*,*,#805,.T.);
#444=ORIENTED_EDGE('',*,*,#697,.T.);
#445=ORIENTED_EDGE('',*,*,#806,.T.);
#446=ORIENTED_EDGE('',*,*,#696,.T.);
#447=ORIENTED_EDGE('',*,*,#807,.T.);
#448=ORIENTED_EDGE('',*,*,#695,.T.);
#449=ORIENTED_EDGE('',*,*,#808,.T.);
#450=ORIENTED_EDGE('',*,*,#679,.T.);
#451=ORIENTED_EDGE('',*,*,#716,.T.);
#452=ORIENTED_EDGE('',*,*,#700,.T.);
#453=ORIENTED_EDGE('',*,*,#634,.F.);
#454=ORIENTED_EDGE('',*,*,#809,.F.);
#455=ORIENTED_EDGE('',*,*,#808,.F.);
#456=ORIENTED_EDGE('',*,*,#809,.T.);
#457=ORIENTED_EDGE('',*,*,#708,.F.);
#458=ORIENTED_EDGE('',*,*,#810,.F.);
#459=ORIENTED_EDGE('',*,*,#807,.F.);
#460=ORIENTED_EDGE('',*,*,#810,.T.);
#461=ORIENTED_EDGE('',*,*,#709,.F.);
#462=ORIENTED_EDGE('',*,*,#811,.F.);
#463=ORIENTED_EDGE('',*,*,#806,.F.);
#464=ORIENTED_EDGE('',*,*,#811,.T.);
#465=ORIENTED_EDGE('',*,*,#710,.F.);
#466=ORIENTED_EDGE('',*,*,#812,.T.);
#467=ORIENTED_EDGE('',*,*,#694,.T.);
#468=ORIENTED_EDGE('',*,*,#813,.F.);
#469=ORIENTED_EDGE('',*,*,#814,.T.);
#470=ORIENTED_EDGE('',*,*,#815,.T.);
#471=ORIENTED_EDGE('',*,*,#689,.T.);
#472=ORIENTED_EDGE('',*,*,#812,.F.);
#473=ORIENTED_EDGE('',*,*,#816,.T.);
#474=ORIENTED_EDGE('',*,*,#817,.T.);
#475=ORIENTED_EDGE('',*,*,#690,.T.);
#476=ORIENTED_EDGE('',*,*,#815,.F.);
#477=ORIENTED_EDGE('',*,*,#818,.T.);
#478=ORIENTED_EDGE('',*,*,#819,.T.);
#479=ORIENTED_EDGE('',*,*,#691,.T.);
#480=ORIENTED_EDGE('',*,*,#817,.F.);
#481=ORIENTED_EDGE('',*,*,#820,.T.);
#482=ORIENTED_EDGE('',*,*,#821,.T.);
#483=ORIENTED_EDGE('',*,*,#692,.T.);
#484=ORIENTED_EDGE('',*,*,#819,.F.);
#485=ORIENTED_EDGE('',*,*,#822,.T.);
#486=ORIENTED_EDGE('',*,*,#813,.T.);
#487=ORIENTED_EDGE('',*,*,#693,.T.);
#488=ORIENTED_EDGE('',*,*,#821,.F.);
#489=ORIENTED_EDGE('',*,*,#823,.T.);
#490=ORIENTED_EDGE('',*,*,#814,.F.);
#491=ORIENTED_EDGE('',*,*,#823,.F.);
#492=ORIENTED_EDGE('',*,*,#822,.F.);
#493=ORIENTED_EDGE('',*,*,#820,.F.);
#494=ORIENTED_EDGE('',*,*,#818,.F.);
#495=ORIENTED_EDGE('',*,*,#816,.F.);
#496=ORIENTED_EDGE('',*,*,#805,.F.);
#497=ORIENTED_EDGE('',*,*,#732,.F.);
#498=ORIENTED_EDGE('',*,*,#676,.T.);
#499=ORIENTED_EDGE('',*,*,#733,.T.);
#500=ORIENTED_EDGE('',*,*,#704,.F.);
#501=ORIENTED_EDGE('',*,*,#824,.F.);
#502=ORIENTED_EDGE('',*,*,#749,.T.);
#503=ORIENTED_EDGE('',*,*,#825,.F.);
#504=ORIENTED_EDGE('',*,*,#826,.F.);
#505=ORIENTED_EDGE('',*,*,#827,.T.);
#506=ORIENTED_EDGE('',*,*,#750,.T.);
#507=ORIENTED_EDGE('',*,*,#824,.T.);
#508=ORIENTED_EDGE('',*,*,#828,.T.);
#509=ORIENTED_EDGE('',*,*,#748,.T.);
#510=ORIENTED_EDGE('',*,*,#735,.T.);
#511=ORIENTED_EDGE('',*,*,#829,.T.);
#512=ORIENTED_EDGE('',*,*,#825,.T.);
#513=ORIENTED_EDGE('',*,*,#830,.F.);
#514=ORIENTED_EDGE('',*,*,#751,.T.);
#515=ORIENTED_EDGE('',*,*,#827,.F.);
#516=ORIENTED_EDGE('',*,*,#831,.F.);
#517=ORIENTED_EDGE('',*,*,#832,.T.);
#518=ORIENTED_EDGE('',*,*,#833,.F.);
#519=ORIENTED_EDGE('',*,*,#834,.T.);
#520=ORIENTED_EDGE('',*,*,#752,.T.);
#521=ORIENTED_EDGE('',*,*,#830,.T.);
#522=ORIENTED_EDGE('',*,*,#835,.T.);
#523=ORIENTED_EDGE('',*,*,#799,.T.);
#524=ORIENTED_EDGE('',*,*,#836,.F.);
#525=ORIENTED_EDGE('',*,*,#837,.F.);
#526=ORIENTED_EDGE('',*,*,#753,.T.);
#527=ORIENTED_EDGE('',*,*,#834,.F.);
#528=ORIENTED_EDGE('',*,*,#838,.F.);
#529=ORIENTED_EDGE('',*,*,#839,.F.);
#530=ORIENTED_EDGE('',*,*,#803,.T.);
#531=ORIENTED_EDGE('',*,*,#840,.T.);
#532=ORIENTED_EDGE('',*,*,#841,.F.);
#533=ORIENTED_EDGE('',*,*,#754,.T.);
#534=ORIENTED_EDGE('',*,*,#837,.T.);
#535=ORIENTED_EDGE('',*,*,#842,.F.);
#536=ORIENTED_EDGE('',*,*,#843,.F.);
#537=ORIENTED_EDGE('',*,*,#844,.F.);
#538=ORIENTED_EDGE('',*,*,#800,.T.);
#539=ORIENTED_EDGE('',*,*,#835,.F.);
#540=ORIENTED_EDGE('',*,*,#831,.T.);
#541=ORIENTED_EDGE('',*,*,#828,.F.);
#542=ORIENTED_EDGE('',*,*,#826,.T.);
#543=ORIENTED_EDGE('',*,*,#829,.F.);
#544=ORIENTED_EDGE('',*,*,#734,.T.);
#545=ORIENTED_EDGE('',*,*,#639,.F.);
#546=ORIENTED_EDGE('',*,*,#845,.F.);
#547=ORIENTED_EDGE('',*,*,#840,.F.);
#548=ORIENTED_EDGE('',*,*,#802,.T.);
#549=ORIENTED_EDGE('',*,*,#846,.F.);
#550=ORIENTED_EDGE('',*,*,#847,.T.);
#551=ORIENTED_EDGE('',*,*,#848,.F.);
#552=ORIENTED_EDGE('',*,*,#755,.T.);
#553=ORIENTED_EDGE('',*,*,#841,.T.);
#554=ORIENTED_EDGE('',*,*,#845,.T.);
#555=ORIENTED_EDGE('',*,*,#638,.T.);
#556=ORIENTED_EDGE('',*,*,#838,.T.);
#557=ORIENTED_EDGE('',*,*,#833,.T.);
#558=ORIENTED_EDGE('',*,*,#849,.T.);
#559=ORIENTED_EDGE('',*,*,#850,.T.);
#560=ORIENTED_EDGE('',*,*,#851,.F.);
#561=ORIENTED_EDGE('',*,*,#852,.F.);
#562=ORIENTED_EDGE('',*,*,#853,.F.);
#563=ORIENTED_EDGE('',*,*,#843,.T.);
#564=ORIENTED_EDGE('',*,*,#854,.T.);
#565=ORIENTED_EDGE('',*,*,#855,.F.);
#566=ORIENTED_EDGE('',*,*,#842,.T.);
#567=ORIENTED_EDGE('',*,*,#839,.T.);
#568=ORIENTED_EDGE('',*,*,#852,.T.);
#569=ORIENTED_EDGE('',*,*,#856,.F.);
#570=ORIENTED_EDGE('',*,*,#854,.F.);
#571=ORIENTED_EDGE('',*,*,#857,.T.);
#572=ORIENTED_EDGE('',*,*,#836,.T.);
#573=ORIENTED_EDGE('',*,*,#801,.T.);
#574=ORIENTED_EDGE('',*,*,#848,.T.);
#575=ORIENTED_EDGE('',*,*,#858,.T.);
#576=ORIENTED_EDGE('',*,*,#859,.T.);
#577=ORIENTED_EDGE('',*,*,#860,.F.);
#578=ORIENTED_EDGE('',*,*,#861,.F.);
#579=ORIENTED_EDGE('',*,*,#804,.T.);
#580=ORIENTED_EDGE('',*,*,#844,.T.);
#581=ORIENTED_EDGE('',*,*,#853,.T.);
#582=ORIENTED_EDGE('',*,*,#862,.F.);
#583=ORIENTED_EDGE('',*,*,#859,.F.);
#584=ORIENTED_EDGE('',*,*,#863,.T.);
#585=ORIENTED_EDGE('',*,*,#846,.T.);
#586=ORIENTED_EDGE('',*,*,#832,.F.);
#587=ORIENTED_EDGE('',*,*,#857,.F.);
#588=ORIENTED_EDGE('',*,*,#864,.F.);
#589=ORIENTED_EDGE('',*,*,#849,.F.);
#590=ORIENTED_EDGE('',*,*,#847,.F.);
#591=ORIENTED_EDGE('',*,*,#863,.F.);
#592=ORIENTED_EDGE('',*,*,#858,.F.);
#593=ORIENTED_EDGE('',*,*,#865,.F.);
#594=ORIENTED_EDGE('',*,*,#850,.F.);
#595=ORIENTED_EDGE('',*,*,#864,.T.);
#596=ORIENTED_EDGE('',*,*,#861,.T.);
#597=ORIENTED_EDGE('',*,*,#866,.F.);
#598=ORIENTED_EDGE('',*,*,#865,.T.);
#599=ORIENTED_EDGE('',*,*,#860,.T.);
#600=ORIENTED_EDGE('',*,*,#862,.T.);
#601=ORIENTED_EDGE('',*,*,#855,.T.);
#602=ORIENTED_EDGE('',*,*,#856,.T.);
#603=ORIENTED_EDGE('',*,*,#851,.T.);
#604=ORIENTED_EDGE('',*,*,#650,.T.);
#605=ORIENTED_EDGE('',*,*,#866,.T.);
#606=ORIENTED_EDGE('',*,*,#660,.T.);
#607=ORIENTED_EDGE('',*,*,#867,.F.);
#608=ORIENTED_EDGE('',*,*,#739,.T.);
#609=ORIENTED_EDGE('',*,*,#656,.F.);
#610=ORIENTED_EDGE('',*,*,#661,.T.);
#611=ORIENTED_EDGE('',*,*,#867,.T.);
#612=ORIENTED_EDGE('',*,*,#659,.T.);
#613=ORIENTED_EDGE('',*,*,#649,.T.);
#614=ORIENTED_EDGE('',*,*,#712,.F.);
#615=ORIENTED_EDGE('',*,*,#868,.F.);
#616=ORIENTED_EDGE('',*,*,#713,.F.);
#617=ORIENTED_EDGE('',*,*,#869,.F.);
#618=ORIENTED_EDGE('',*,*,#714,.F.);
#619=ORIENTED_EDGE('',*,*,#870,.F.);
#620=ORIENTED_EDGE('',*,*,#870,.T.);
#621=ORIENTED_EDGE('',*,*,#869,.T.);
#622=ORIENTED_EDGE('',*,*,#868,.T.);
#623=EDGE_CURVE('',#871,#872,#1049,.T.);
#624=EDGE_CURVE('',#873,#871,#1050,.T.);
#625=EDGE_CURVE('',#874,#873,#1051,.T.);
#626=EDGE_CURVE('',#874,#875,#1052,.T.);
#627=EDGE_CURVE('',#876,#875,#1053,.T.);
#628=EDGE_CURVE('',#877,#876,#1054,.T.);
#629=EDGE_CURVE('',#877,#878,#1055,.F.);
#630=EDGE_CURVE('',#872,#878,#1056,.T.);
#631=EDGE_CURVE('',#879,#880,#1057,.T.);
#632=EDGE_CURVE('',#881,#880,#1058,.T.);
#633=EDGE_CURVE('',#881,#882,#1059,.T.);
#634=EDGE_CURVE('',#882,#879,#1060,.T.);
#635=EDGE_CURVE('',#880,#883,#1061,.T.);
#636=EDGE_CURVE('',#884,#883,#1062,.T.);
#637=EDGE_CURVE('',#884,#885,#1063,.T.);
#638=EDGE_CURVE('',#886,#885,#1064,.F.);
#639=EDGE_CURVE('',#886,#887,#1065,.T.);
#640=EDGE_CURVE('',#887,#888,#1066,.T.);
#641=EDGE_CURVE('',#881,#888,#1067,.T.);
#642=EDGE_CURVE('',#889,#889,#59,.F.);
#643=EDGE_CURVE('',#871,#890,#1068,.T.);
#644=EDGE_CURVE('',#891,#872,#1069,.T.);
#645=EDGE_CURVE('',#890,#891,#1070,.F.);
#646=EDGE_CURVE('',#892,#893,#1071,.T.);
#647=EDGE_CURVE('',#893,#890,#60,.F.);
#648=EDGE_CURVE('',#891,#894,#61,.T.);
#649=EDGE_CURVE('',#892,#894,#14,.F.);
#650=EDGE_CURVE('',#895,#895,#62,.F.);
#651=EDGE_CURVE('',#896,#883,#1072,.T.);
#652=EDGE_CURVE('',#897,#896,#1073,.T.);
#653=EDGE_CURVE('',#884,#897,#1074,.T.);
#654=EDGE_CURVE('',#896,#898,#63,.F.);
#655=EDGE_CURVE('',#898,#899,#1075,.F.);
#656=EDGE_CURVE('',#899,#900,#15,.T.);
#657=EDGE_CURVE('',#900,#897,#64,.T.);
#658=EDGE_CURVE('',#893,#898,#65,.F.);
#659=EDGE_CURVE('',#901,#892,#12,.T.);
#660=EDGE_CURVE('',#902,#901,#66,.T.);
#661=EDGE_CURVE('',#899,#902,#13,.T.);
#662=EDGE_CURVE('',#903,#904,#1076,.T.);
#663=EDGE_CURVE('',#904,#905,#1077,.T.);
#664=EDGE_CURVE('',#905,#903,#1078,.T.);
#665=EDGE_CURVE('',#906,#907,#1079,.T.);
#666=EDGE_CURVE('',#907,#908,#1080,.T.);
#667=EDGE_CURVE('',#908,#906,#1081,.F.);
#668=EDGE_CURVE('',#909,#909,#67,.T.);
#669=EDGE_CURVE('',#910,#910,#68,.F.);
#670=EDGE_CURVE('',#911,#911,#69,.T.);
#671=EDGE_CURVE('',#912,#912,#70,.F.);
#672=EDGE_CURVE('',#913,#913,#71,.T.);
#673=EDGE_CURVE('',#914,#914,#72,.F.);
#674=EDGE_CURVE('',#915,#915,#73,.T.);
#675=EDGE_CURVE('',#916,#916,#74,.F.);
#676=EDGE_CURVE('',#917,#918,#75,.T.);
#677=EDGE_CURVE('',#917,#918,#76,.T.);
#678=EDGE_CURVE('',#919,#920,#1082,.T.);
#679=EDGE_CURVE('',#882,#920,#1083,.T.);
#680=EDGE_CURVE('',#888,#875,#1084,.T.);
#681=EDGE_CURVE('',#874,#921,#1085,.T.);
#682=EDGE_CURVE('',#921,#919,#1086,.T.);
#683=EDGE_CURVE('',#922,#923,#1087,.T.);
#684=EDGE_CURVE('',#923,#924,#1088,.T.);
#685=EDGE_CURVE('',#924,#925,#1089,.T.);
#686=EDGE_CURVE('',#925,#926,#1090,.T.);
#687=EDGE_CURVE('',#926,#927,#1091,.T.);
#688=EDGE_CURVE('',#927,#922,#1092,.T.);
#689=EDGE_CURVE('',#928,#929,#1093,.T.);
#690=EDGE_CURVE('',#930,#928,#1094,.T.);
#691=EDGE_CURVE('',#931,#930,#1095,.T.);
#692=EDGE_CURVE('',#932,#931,#1096,.T.);
#693=EDGE_CURVE('',#933,#932,#1097,.T.);
#694=EDGE_CURVE('',#929,#933,#1098,.T.);
#695=EDGE_CURVE('',#934,#934,#77,.T.);
#696=EDGE_CURVE('',#935,#935,#78,.T.);
#697=EDGE_CURVE('',#936,#936,#79,.T.);
#698=EDGE_CURVE('',#937,#873,#1099,.T.);
#699=EDGE_CURVE('',#921,#937,#1100,.T.);
#700=EDGE_CURVE('',#938,#879,#1101,.T.);
#701=EDGE_CURVE('',#938,#939,#1102,.T.);
#702=EDGE_CURVE('',#939,#937,#1103,.T.);
#703=EDGE_CURVE('',#940,#941,#80,.T.);
#704=EDGE_CURVE('',#940,#941,#81,.T.);
#705=EDGE_CURVE('',#942,#942,#82,.T.);
#706=EDGE_CURVE('',#943,#943,#83,.T.);
#707=EDGE_CURVE('',#944,#944,#84,.T.);
#708=EDGE_CURVE('',#945,#945,#85,.T.);
#709=EDGE_CURVE('',#946,#946,#86,.T.);
#710=EDGE_CURVE('',#947,#947,#87,.T.);
#711=EDGE_CURVE('',#948,#948,#88,.T.);
#712=EDGE_CURVE('',#949,#949,#89,.F.);
#713=EDGE_CURVE('',#950,#950,#90,.F.);
#714=EDGE_CURVE('',#951,#951,#91,.F.);
#715=EDGE_CURVE('',#919,#939,#1104,.T.);
#716=EDGE_CURVE('',#920,#938,#1105,.T.);
#717=EDGE_CURVE('',#952,#952,#92,.T.);
#718=EDGE_CURVE('',#953,#953,#93,.T.);
#719=EDGE_CURVE('',#954,#954,#94,.T.);
#720=EDGE_CURVE('',#955,#923,#1106,.T.);
#721=EDGE_CURVE('',#956,#955,#1107,.T.);
#722=EDGE_CURVE('',#956,#924,#1108,.T.);
#723=EDGE_CURVE('',#957,#922,#1109,.T.);
#724=EDGE_CURVE('',#955,#957,#1110,.T.);
#725=EDGE_CURVE('',#958,#927,#1111,.T.);
#726=EDGE_CURVE('',#957,#958,#1112,.T.);
#727=EDGE_CURVE('',#959,#926,#1113,.T.);
#728=EDGE_CURVE('',#958,#959,#1114,.T.);
#729=EDGE_CURVE('',#960,#925,#1115,.T.);
#730=EDGE_CURVE('',#959,#960,#1116,.T.);
#731=EDGE_CURVE('',#960,#956,#1117,.T.);
#732=EDGE_CURVE('',#917,#940,#1118,.T.);
#733=EDGE_CURVE('',#918,#941,#1119,.T.);
#734=EDGE_CURVE('',#961,#887,#1120,.T.);
#735=EDGE_CURVE('',#962,#961,#1121,.T.);
#736=EDGE_CURVE('',#963,#962,#1122,.T.);
#737=EDGE_CURVE('',#963,#964,#1123,.T.);
#738=EDGE_CURVE('',#964,#876,#1124,.T.);
#739=EDGE_CURVE('',#894,#900,#1125,.T.);
#740=EDGE_CURVE('',#878,#965,#95,.F.);
#741=EDGE_CURVE('',#965,#966,#96,.T.);
#742=EDGE_CURVE('',#966,#967,#1126,.T.);
#743=EDGE_CURVE('',#967,#968,#97,.T.);
#744=EDGE_CURVE('',#968,#969,#1127,.T.);
#745=EDGE_CURVE('',#969,#970,#98,.T.);
#746=EDGE_CURVE('',#970,#971,#1128,.T.);
#747=EDGE_CURVE('',#971,#963,#99,.T.);
#748=EDGE_CURVE('',#972,#962,#100,.T.);
#749=EDGE_CURVE('',#973,#972,#1129,.T.);
#750=EDGE_CURVE('',#974,#973,#101,.T.);
#751=EDGE_CURVE('',#975,#974,#1130,.T.);
#752=EDGE_CURVE('',#976,#975,#102,.T.);
#753=EDGE_CURVE('',#977,#976,#1131,.T.);
#754=EDGE_CURVE('',#978,#977,#103,.T.);
#755=EDGE_CURVE('',#885,#978,#104,.F.);
#756=EDGE_CURVE('',#970,#979,#1132,.F.);
#757=EDGE_CURVE('',#979,#980,#1133,.T.);
#758=EDGE_CURVE('',#980,#971,#1134,.F.);
#759=EDGE_CURVE('',#981,#969,#1135,.T.);
#760=EDGE_CURVE('',#979,#981,#105,.F.);
#761=EDGE_CURVE('',#964,#980,#106,.F.);
#762=EDGE_CURVE('',#968,#982,#1136,.F.);
#763=EDGE_CURVE('',#982,#981,#1137,.T.);
#764=EDGE_CURVE('',#983,#984,#1138,.T.);
#765=EDGE_CURVE('',#983,#904,#16,.F.);
#766=EDGE_CURVE('',#982,#903,#107,.F.);
#767=EDGE_CURVE('',#985,#967,#1139,.T.);
#768=EDGE_CURVE('',#985,#984,#17,.F.);
#769=EDGE_CURVE('',#966,#986,#1140,.F.);
#770=EDGE_CURVE('',#986,#987,#1141,.T.);
#771=EDGE_CURVE('',#987,#985,#1142,.T.);
#772=EDGE_CURVE('',#908,#988,#18,.F.);
#773=EDGE_CURVE('',#988,#989,#1143,.T.);
#774=EDGE_CURVE('',#989,#986,#19,.F.);
#775=EDGE_CURVE('',#965,#990,#1144,.F.);
#776=EDGE_CURVE('',#906,#990,#108,.F.);
#777=EDGE_CURVE('',#905,#991,#1145,.T.);
#778=EDGE_CURVE('',#992,#991,#1146,.T.);
#779=EDGE_CURVE('',#992,#907,#1147,.T.);
#780=EDGE_CURVE('',#990,#877,#109,.T.);
#781=EDGE_CURVE('',#987,#993,#1148,.T.);
#782=EDGE_CURVE('',#993,#994,#1149,.T.);
#783=EDGE_CURVE('',#995,#994,#1150,.T.);
#784=EDGE_CURVE('',#984,#995,#1151,.T.);
#785=EDGE_CURVE('',#988,#996,#1152,.T.);
#786=EDGE_CURVE('',#996,#997,#1153,.T.);
#787=EDGE_CURVE('',#989,#997,#1154,.T.);
#788=EDGE_CURVE('',#997,#993,#1155,.T.);
#789=EDGE_CURVE('',#998,#983,#1156,.T.);
#790=EDGE_CURVE('',#998,#999,#1157,.T.);
#791=EDGE_CURVE('',#999,#1000,#1158,.T.);
#792=EDGE_CURVE('',#1001,#1000,#1159,.T.);
#793=EDGE_CURVE('',#991,#1001,#1160,.T.);
#794=EDGE_CURVE('',#1001,#992,#1161,.T.);
#795=EDGE_CURVE('',#1000,#996,#1162,.T.);
#796=EDGE_CURVE('',#995,#998,#1163,.T.);
#797=EDGE_CURVE('',#994,#999,#1164,.T.);
#798=EDGE_CURVE('',#1002,#1002,#110,.T.);
#799=EDGE_CURVE('',#1003,#1004,#1165,.T.);
#800=EDGE_CURVE('',#1005,#1003,#1166,.T.);
#801=EDGE_CURVE('',#1004,#1005,#1167,.T.);
#802=EDGE_CURVE('',#1006,#1007,#1168,.T.);
#803=EDGE_CURVE('',#1008,#1006,#1169,.F.);
#804=EDGE_CURVE('',#1007,#1008,#1170,.T.);
#805=EDGE_CURVE('',#1009,#1009,#111,.F.);
#806=EDGE_CURVE('',#1010,#1010,#112,.F.);
#807=EDGE_CURVE('',#1011,#1011,#113,.F.);
#808=EDGE_CURVE('',#1012,#1012,#114,.F.);
#809=EDGE_CURVE('',#1013,#1013,#115,.T.);
#810=EDGE_CURVE('',#1014,#1014,#116,.T.);
#811=EDGE_CURVE('',#1015,#1015,#117,.T.);
#812=EDGE_CURVE('',#1016,#929,#1171,.T.);
#813=EDGE_CURVE('',#1017,#933,#1172,.T.);
#814=EDGE_CURVE('',#1017,#1016,#1173,.T.);
#815=EDGE_CURVE('',#1018,#928,#1174,.T.);
#816=EDGE_CURVE('',#1016,#1018,#1175,.T.);
#817=EDGE_CURVE('',#1019,#930,#1176,.T.);
#818=EDGE_CURVE('',#1018,#1019,#1177,.T.);
#819=EDGE_CURVE('',#1020,#931,#1178,.T.);
#820=EDGE_CURVE('',#1019,#1020,#1179,.T.);
#821=EDGE_CURVE('',#1021,#932,#1180,.T.);
#822=EDGE_CURVE('',#1020,#1021,#1181,.T.);
#823=EDGE_CURVE('',#1021,#1017,#1182,.T.);
#824=EDGE_CURVE('',#973,#1022,#1183,.F.);
#825=EDGE_CURVE('',#1023,#972,#1184,.F.);
#826=EDGE_CURVE('',#1022,#1023,#1185,.T.);
#827=EDGE_CURVE('',#1024,#974,#1186,.T.);
#828=EDGE_CURVE('',#1022,#1024,#118,.F.);
#829=EDGE_CURVE('',#961,#1023,#119,.F.);
#830=EDGE_CURVE('',#975,#1025,#1187,.F.);
#831=EDGE_CURVE('',#1025,#1024,#1188,.T.);
#832=EDGE_CURVE('',#1026,#1027,#1189,.T.);
#833=EDGE_CURVE('',#1028,#1027,#20,.F.);
#834=EDGE_CURVE('',#1028,#976,#1190,.T.);
#835=EDGE_CURVE('',#1025,#1003,#120,.F.);
#836=EDGE_CURVE('',#1026,#1004,#21,.F.);
#837=EDGE_CURVE('',#977,#1029,#1191,.F.);
#838=EDGE_CURVE('',#1030,#1028,#1192,.T.);
#839=EDGE_CURVE('',#1029,#1030,#1193,.T.);
#840=EDGE_CURVE('',#1006,#1031,#121,.F.);
#841=EDGE_CURVE('',#978,#1031,#1194,.F.);
#842=EDGE_CURVE('',#1032,#1029,#22,.F.);
#843=EDGE_CURVE('',#1033,#1032,#1195,.T.);
#844=EDGE_CURVE('',#1008,#1033,#23,.F.);
#845=EDGE_CURVE('',#1031,#886,#122,.T.);
#846=EDGE_CURVE('',#1034,#1007,#1196,.T.);
#847=EDGE_CURVE('',#1034,#1035,#1197,.T.);
#848=EDGE_CURVE('',#1005,#1035,#1198,.T.);
#849=EDGE_CURVE('',#1027,#1036,#1199,.T.);
#850=EDGE_CURVE('',#1036,#1037,#1200,.T.);
#851=EDGE_CURVE('',#1038,#1037,#1201,.T.);
#852=EDGE_CURVE('',#1030,#1038,#1202,.T.);
#853=EDGE_CURVE('',#1033,#1039,#1203,.T.);
#854=EDGE_CURVE('',#1032,#1040,#1204,.T.);
#855=EDGE_CURVE('',#1039,#1040,#1205,.T.);
#856=EDGE_CURVE('',#1040,#1038,#1206,.T.);
#857=EDGE_CURVE('',#1041,#1026,#1207,.T.);
#858=EDGE_CURVE('',#1035,#1042,#1208,.T.);
#859=EDGE_CURVE('',#1042,#1043,#1209,.T.);
#860=EDGE_CURVE('',#1044,#1043,#1210,.T.);
#861=EDGE_CURVE('',#1041,#1044,#1211,.T.);
#862=EDGE_CURVE('',#1043,#1039,#1212,.T.);
#863=EDGE_CURVE('',#1042,#1034,#1213,.T.);
#864=EDGE_CURVE('',#1036,#1041,#1214,.T.);
#865=EDGE_CURVE('',#1037,#1044,#1215,.T.);
#866=EDGE_CURVE('',#1045,#1045,#123,.T.);
#867=EDGE_CURVE('',#902,#901,#1216,.T.);
#868=EDGE_CURVE('',#1046,#1046,#124,.T.);
#869=EDGE_CURVE('',#1047,#1047,#125,.T.);
#870=EDGE_CURVE('',#1048,#1048,#126,.T.);
#871=VERTEX_POINT('',#2588);
#872=VERTEX_POINT('',#2589);
#873=VERTEX_POINT('',#2591);
#874=VERTEX_POINT('',#2593);
#875=VERTEX_POINT('',#2595);
#876=VERTEX_POINT('',#2597);
#877=VERTEX_POINT('',#2599);
#878=VERTEX_POINT('',#2601);
#879=VERTEX_POINT('',#2605);
#880=VERTEX_POINT('',#2606);
#881=VERTEX_POINT('',#2608);
#882=VERTEX_POINT('',#2610);
#883=VERTEX_POINT('',#2614);
#884=VERTEX_POINT('',#2616);
#885=VERTEX_POINT('',#2618);
#886=VERTEX_POINT('',#2620);
#887=VERTEX_POINT('',#2622);
#888=VERTEX_POINT('',#2624);
#889=VERTEX_POINT('',#2628);
#890=VERTEX_POINT('',#2630);
#891=VERTEX_POINT('',#2632);
#892=VERTEX_POINT('',#2636);
#893=VERTEX_POINT('',#2637);
#894=VERTEX_POINT('',#2640);
#895=VERTEX_POINT('',#2644);
#896=VERTEX_POINT('',#2646);
#897=VERTEX_POINT('',#2648);
#898=VERTEX_POINT('',#2652);
#899=VERTEX_POINT('',#2654);
#900=VERTEX_POINT('',#2656);
#901=VERTEX_POINT('',#2665);
#902=VERTEX_POINT('',#2667);
#903=VERTEX_POINT('',#2675);
#904=VERTEX_POINT('',#2676);
#905=VERTEX_POINT('',#2678);
#906=VERTEX_POINT('',#2682);
#907=VERTEX_POINT('',#2683);
#908=VERTEX_POINT('',#2685);
#909=VERTEX_POINT('',#2689);
#910=VERTEX_POINT('',#2691);
#911=VERTEX_POINT('',#2694);
#912=VERTEX_POINT('',#2696);
#913=VERTEX_POINT('',#2699);
#914=VERTEX_POINT('',#2701);
#915=VERTEX_POINT('',#2704);
#916=VERTEX_POINT('',#2706);
#917=VERTEX_POINT('',#2709);
#918=VERTEX_POINT('',#2710);
#919=VERTEX_POINT('',#2713);
#920=VERTEX_POINT('',#2714);
#921=VERTEX_POINT('',#2718);
#922=VERTEX_POINT('',#2721);
#923=VERTEX_POINT('',#2722);
#924=VERTEX_POINT('',#2724);
#925=VERTEX_POINT('',#2726);
#926=VERTEX_POINT('',#2728);
#927=VERTEX_POINT('',#2730);
#928=VERTEX_POINT('',#2733);
#929=VERTEX_POINT('',#2734);
#930=VERTEX_POINT('',#2736);
#931=VERTEX_POINT('',#2738);
#932=VERTEX_POINT('',#2740);
#933=VERTEX_POINT('',#2742);
#934=VERTEX_POINT('',#2745);
#935=VERTEX_POINT('',#2747);
#936=VERTEX_POINT('',#2749);
#937=VERTEX_POINT('',#2752);
#938=VERTEX_POINT('',#2756);
#939=VERTEX_POINT('',#2758);
#940=VERTEX_POINT('',#2761);
#941=VERTEX_POINT('',#2762);
#942=VERTEX_POINT('',#2765);
#943=VERTEX_POINT('',#2767);
#944=VERTEX_POINT('',#2769);
#945=VERTEX_POINT('',#2771);
#946=VERTEX_POINT('',#2773);
#947=VERTEX_POINT('',#2775);
#948=VERTEX_POINT('',#2777);
#949=VERTEX_POINT('',#2779);
#950=VERTEX_POINT('',#2781);
#951=VERTEX_POINT('',#2783);
#952=VERTEX_POINT('',#2790);
#953=VERTEX_POINT('',#2794);
#954=VERTEX_POINT('',#2798);
#955=VERTEX_POINT('',#2802);
#956=VERTEX_POINT('',#2804);
#957=VERTEX_POINT('',#2808);
#958=VERTEX_POINT('',#2812);
#959=VERTEX_POINT('',#2816);
#960=VERTEX_POINT('',#2820);
#961=VERTEX_POINT('',#2830);
#962=VERTEX_POINT('',#2832);
#963=VERTEX_POINT('',#2834);
#964=VERTEX_POINT('',#2836);
#965=VERTEX_POINT('',#2841);
#966=VERTEX_POINT('',#2843);
#967=VERTEX_POINT('',#2845);
#968=VERTEX_POINT('',#2847);
#969=VERTEX_POINT('',#2849);
#970=VERTEX_POINT('',#2851);
#971=VERTEX_POINT('',#2853);
#972=VERTEX_POINT('',#2856);
#973=VERTEX_POINT('',#2858);
#974=VERTEX_POINT('',#2860);
#975=VERTEX_POINT('',#2862);
#976=VERTEX_POINT('',#2864);
#977=VERTEX_POINT('',#2866);
#978=VERTEX_POINT('',#2868);
#979=VERTEX_POINT('',#2872);
#980=VERTEX_POINT('',#2874);
#981=VERTEX_POINT('',#2878);
#982=VERTEX_POINT('',#2884);
#983=VERTEX_POINT('',#2888);
#984=VERTEX_POINT('',#2889);
#985=VERTEX_POINT('',#2893);
#986=VERTEX_POINT('',#2897);
#987=VERTEX_POINT('',#2899);
#988=VERTEX_POINT('',#2903);
#989=VERTEX_POINT('',#2905);
#990=VERTEX_POINT('',#2908);
#991=VERTEX_POINT('',#2912);
#992=VERTEX_POINT('',#2914);
#993=VERTEX_POINT('',#2920);
#994=VERTEX_POINT('',#2922);
#995=VERTEX_POINT('',#2924);
#996=VERTEX_POINT('',#2928);
#997=VERTEX_POINT('',#2930);
#998=VERTEX_POINT('',#2936);
#999=VERTEX_POINT('',#2938);
#1000=VERTEX_POINT('',#2940);
#1001=VERTEX_POINT('',#2942);
#1002=VERTEX_POINT('',#2954);
#1003=VERTEX_POINT('',#2958);
#1004=VERTEX_POINT('',#2959);
#1005=VERTEX_POINT('',#2961);
#1006=VERTEX_POINT('',#2965);
#1007=VERTEX_POINT('',#2966);
#1008=VERTEX_POINT('',#2968);
#1009=VERTEX_POINT('',#2972);
#1010=VERTEX_POINT('',#2975);
#1011=VERTEX_POINT('',#2978);
#1012=VERTEX_POINT('',#2981);
#1013=VERTEX_POINT('',#2985);
#1014=VERTEX_POINT('',#2989);
#1015=VERTEX_POINT('',#2993);
#1016=VERTEX_POINT('',#2997);
#1017=VERTEX_POINT('',#2999);
#1018=VERTEX_POINT('',#3003);
#1019=VERTEX_POINT('',#3007);
#1020=VERTEX_POINT('',#3011);
#1021=VERTEX_POINT('',#3015);
#1022=VERTEX_POINT('',#3023);
#1023=VERTEX_POINT('',#3025);
#1024=VERTEX_POINT('',#3029);
#1025=VERTEX_POINT('',#3035);
#1026=VERTEX_POINT('',#3039);
#1027=VERTEX_POINT('',#3040);
#1028=VERTEX_POINT('',#3042);
#1029=VERTEX_POINT('',#3048);
#1030=VERTEX_POINT('',#3050);
#1031=VERTEX_POINT('',#3054);
#1032=VERTEX_POINT('',#3057);
#1033=VERTEX_POINT('',#3059);
#1034=VERTEX_POINT('',#3064);
#1035=VERTEX_POINT('',#3066);
#1036=VERTEX_POINT('',#3071);
#1037=VERTEX_POINT('',#3073);
#1038=VERTEX_POINT('',#3075);
#1039=VERTEX_POINT('',#3079);
#1040=VERTEX_POINT('',#3081);
#1041=VERTEX_POINT('',#3087);
#1042=VERTEX_POINT('',#3089);
#1043=VERTEX_POINT('',#3091);
#1044=VERTEX_POINT('',#3093);
#1045=VERTEX_POINT('',#3105);
#1046=VERTEX_POINT('',#3112);
#1047=VERTEX_POINT('',#3115);
#1048=VERTEX_POINT('',#3118);
#1049=LINE('',#2587,#1217);
#1050=LINE('',#2590,#1218);
#1051=LINE('',#2592,#1219);
#1052=LINE('',#2594,#1220);
#1053=LINE('',#2596,#1221);
#1054=LINE('',#2598,#1222);
#1055=LINE('',#2600,#1223);
#1056=LINE('',#2602,#1224);
#1057=LINE('',#2604,#1225);
#1058=LINE('',#2607,#1226);
#1059=LINE('',#2609,#1227);
#1060=LINE('',#2611,#1228);
#1061=LINE('',#2613,#1229);
#1062=LINE('',#2615,#1230);
#1063=LINE('',#2617,#1231);
#1064=LINE('',#2619,#1232);
#1065=LINE('',#2621,#1233);
#1066=LINE('',#2623,#1234);
#1067=LINE('',#2625,#1235);
#1068=LINE('',#2629,#1236);
#1069=LINE('',#2631,#1237);
#1070=LINE('',#2633,#1238);
#1071=LINE('',#2635,#1239);
#1072=LINE('',#2645,#1240);
#1073=LINE('',#2647,#1241);
#1074=LINE('',#2649,#1242);
#1075=LINE('',#2653,#1243);
#1076=LINE('',#2674,#1244);
#1077=LINE('',#2677,#1245);
#1078=LINE('',#2679,#1246);
#1079=LINE('',#2681,#1247);
#1080=LINE('',#2684,#1248);
#1081=LINE('',#2686,#1249);
#1082=LINE('',#2712,#1250);
#1083=LINE('',#2715,#1251);
#1084=LINE('',#2716,#1252);
#1085=LINE('',#2717,#1253);
#1086=LINE('',#2719,#1254);
#1087=LINE('',#2720,#1255);
#1088=LINE('',#2723,#1256);
#1089=LINE('',#2725,#1257);
#1090=LINE('',#2727,#1258);
#1091=LINE('',#2729,#1259);
#1092=LINE('',#2731,#1260);
#1093=LINE('',#2732,#1261);
#1094=LINE('',#2735,#1262);
#1095=LINE('',#2737,#1263);
#1096=LINE('',#2739,#1264);
#1097=LINE('',#2741,#1265);
#1098=LINE('',#2743,#1266);
#1099=LINE('',#2751,#1267);
#1100=LINE('',#2753,#1268);
#1101=LINE('',#2755,#1269);
#1102=LINE('',#2757,#1270);
#1103=LINE('',#2759,#1271);
#1104=LINE('',#2785,#1272);
#1105=LINE('',#2787,#1273);
#1106=LINE('',#2801,#1274);
#1107=LINE('',#2803,#1275);
#1108=LINE('',#2805,#1276);
#1109=LINE('',#2807,#1277);
#1110=LINE('',#2809,#1278);
#1111=LINE('',#2811,#1279);
#1112=LINE('',#2813,#1280);
#1113=LINE('',#2815,#1281);
#1114=LINE('',#2817,#1282);
#1115=LINE('',#2819,#1283);
#1116=LINE('',#2821,#1284);
#1117=LINE('',#2823,#1285);
#1118=LINE('',#2826,#1286);
#1119=LINE('',#2827,#1287);
#1120=LINE('',#2829,#1288);
#1121=LINE('',#2831,#1289);
#1122=LINE('',#2833,#1290);
#1123=LINE('',#2835,#1291);
#1124=LINE('',#2837,#1292);
#1125=LINE('',#2839,#1293);
#1126=LINE('',#2844,#1294);
#1127=LINE('',#2848,#1295);
#1128=LINE('',#2852,#1296);
#1129=LINE('',#2857,#1297);
#1130=LINE('',#2861,#1298);
#1131=LINE('',#2865,#1299);
#1132=LINE('',#2871,#1300);
#1133=LINE('',#2873,#1301);
#1134=LINE('',#2875,#1302);
#1135=LINE('',#2877,#1303);
#1136=LINE('',#2883,#1304);
#1137=LINE('',#2885,#1305);
#1138=LINE('',#2887,#1306);
#1139=LINE('',#2892,#1307);
#1140=LINE('',#2896,#1308);
#1141=LINE('',#2898,#1309);
#1142=LINE('',#2900,#1310);
#1143=LINE('',#2904,#1311);
#1144=LINE('',#2907,#1312);
#1145=LINE('',#2911,#1313);
#1146=LINE('',#2913,#1314);
#1147=LINE('',#2915,#1315);
#1148=LINE('',#2919,#1316);
#1149=LINE('',#2921,#1317);
#1150=LINE('',#2923,#1318);
#1151=LINE('',#2925,#1319);
#1152=LINE('',#2927,#1320);
#1153=LINE('',#2929,#1321);
#1154=LINE('',#2931,#1322);
#1155=LINE('',#2933,#1323);
#1156=LINE('',#2935,#1324);
#1157=LINE('',#2937,#1325);
#1158=LINE('',#2939,#1326);
#1159=LINE('',#2941,#1327);
#1160=LINE('',#2943,#1328);
#1161=LINE('',#2945,#1329);
#1162=LINE('',#2946,#1330);
#1163=LINE('',#2948,#1331);
#1164=LINE('',#2951,#1332);
#1165=LINE('',#2957,#1333);
#1166=LINE('',#2960,#1334);
#1167=LINE('',#2962,#1335);
#1168=LINE('',#2964,#1336);
#1169=LINE('',#2967,#1337);
#1170=LINE('',#2969,#1338);
#1171=LINE('',#2996,#1339);
#1172=LINE('',#2998,#1340);
#1173=LINE('',#3000,#1341);
#1174=LINE('',#3002,#1342);
#1175=LINE('',#3004,#1343);
#1176=LINE('',#3006,#1344);
#1177=LINE('',#3008,#1345);
#1178=LINE('',#3010,#1346);
#1179=LINE('',#3012,#1347);
#1180=LINE('',#3014,#1348);
#1181=LINE('',#3016,#1349);
#1182=LINE('',#3018,#1350);
#1183=LINE('',#3022,#1351);
#1184=LINE('',#3024,#1352);
#1185=LINE('',#3026,#1353);
#1186=LINE('',#3028,#1354);
#1187=LINE('',#3034,#1355);
#1188=LINE('',#3036,#1356);
#1189=LINE('',#3038,#1357);
#1190=LINE('',#3043,#1358);
#1191=LINE('',#3047,#1359);
#1192=LINE('',#3049,#1360);
#1193=LINE('',#3051,#1361);
#1194=LINE('',#3055,#1362);
#1195=LINE('',#3058,#1363);
#1196=LINE('',#3063,#1364);
#1197=LINE('',#3065,#1365);
#1198=LINE('',#3067,#1366);
#1199=LINE('',#3070,#1367);
#1200=LINE('',#3072,#1368);
#1201=LINE('',#3074,#1369);
#1202=LINE('',#3076,#1370);
#1203=LINE('',#3078,#1371);
#1204=LINE('',#3080,#1372);
#1205=LINE('',#3082,#1373);
#1206=LINE('',#3084,#1374);
#1207=LINE('',#3086,#1375);
#1208=LINE('',#3088,#1376);
#1209=LINE('',#3090,#1377);
#1210=LINE('',#3092,#1378);
#1211=LINE('',#3094,#1379);
#1212=LINE('',#3096,#1380);
#1213=LINE('',#3097,#1381);
#1214=LINE('',#3099,#1382);
#1215=LINE('',#3102,#1383);
#1216=LINE('',#3108,#1384);
#1217=VECTOR('',#2059,1.);
#1218=VECTOR('',#2060,1.);
#1219=VECTOR('',#2061,1.);
#1220=VECTOR('',#2062,1.);
#1221=VECTOR('',#2063,1.);
#1222=VECTOR('',#2064,1.);
#1223=VECTOR('',#2065,1.);
#1224=VECTOR('',#2066,1.);
#1225=VECTOR('',#2069,1.);
#1226=VECTOR('',#2070,1.);
#1227=VECTOR('',#2071,1.);
#1228=VECTOR('',#2072,1.);
#1229=VECTOR('',#2075,1.);
#1230=VECTOR('',#2076,1.);
#1231=VECTOR('',#2077,1.);
#1232=VECTOR('',#2078,1.);
#1233=VECTOR('',#2079,1.);
#1234=VECTOR('',#2080,1.);
#1235=VECTOR('',#2081,1.);
#1236=VECTOR('',#2086,1.);
#1237=VECTOR('',#2087,1.);
#1238=VECTOR('',#2088,1.);
#1239=VECTOR('',#2091,1.);
#1240=VECTOR('',#2102,1.);
#1241=VECTOR('',#2103,1.);
#1242=VECTOR('',#2104,1.);
#1243=VECTOR('',#2109,1.);
#1244=VECTOR('',#2122,1.);
#1245=VECTOR('',#2123,1.);
#1246=VECTOR('',#2124,1.);
#1247=VECTOR('',#2127,1.);
#1248=VECTOR('',#2128,1.);
#1249=VECTOR('',#2129,1.);
#1250=VECTOR('',#2160,1.);
#1251=VECTOR('',#2161,1.);
#1252=VECTOR('',#2162,1.);
#1253=VECTOR('',#2163,1.);
#1254=VECTOR('',#2164,1.);
#1255=VECTOR('',#2165,1.);
#1256=VECTOR('',#2166,1.);
#1257=VECTOR('',#2167,1.);
#1258=VECTOR('',#2168,1.);
#1259=VECTOR('',#2169,1.);
#1260=VECTOR('',#2170,1.);
#1261=VECTOR('',#2171,1.);
#1262=VECTOR('',#2172,1.);
#1263=VECTOR('',#2173,1.);
#1264=VECTOR('',#2174,1.);
#1265=VECTOR('',#2175,1.);
#1266=VECTOR('',#2176,1.);
#1267=VECTOR('',#2185,1.);
#1268=VECTOR('',#2186,1.);
#1269=VECTOR('',#2189,1.);
#1270=VECTOR('',#2190,1.);
#1271=VECTOR('',#2191,1.);
#1272=VECTOR('',#2218,1.);
#1273=VECTOR('',#2221,1.);
#1274=VECTOR('',#2242,1.);
#1275=VECTOR('',#2243,1.);
#1276=VECTOR('',#2244,1.);
#1277=VECTOR('',#2247,1.);
#1278=VECTOR('',#2248,1.);
#1279=VECTOR('',#2251,1.);
#1280=VECTOR('',#2252,1.);
#1281=VECTOR('',#2255,1.);
#1282=VECTOR('',#2256,1.);
#1283=VECTOR('',#2259,1.);
#1284=VECTOR('',#2260,1.);
#1285=VECTOR('',#2263,1.);
#1286=VECTOR('',#2268,1.);
#1287=VECTOR('',#2269,1.);
#1288=VECTOR('',#2272,1.);
#1289=VECTOR('',#2273,1.);
#1290=VECTOR('',#2274,1.);
#1291=VECTOR('',#2275,1.);
#1292=VECTOR('',#2276,1.);
#1293=VECTOR('',#2279,1.);
#1294=VECTOR('',#2284,1.);
#1295=VECTOR('',#2287,1.);
#1296=VECTOR('',#2290,1.);
#1297=VECTOR('',#2295,1.);
#1298=VECTOR('',#2298,1.);
#1299=VECTOR('',#2301,1.);
#1300=VECTOR('',#2308,1.);
#1301=VECTOR('',#2309,1.);
#1302=VECTOR('',#2310,1.);
#1303=VECTOR('',#2313,1.);
#1304=VECTOR('',#2322,1.);
#1305=VECTOR('',#2323,1.);
#1306=VECTOR('',#2326,1.);
#1307=VECTOR('',#2331,1.);
#1308=VECTOR('',#2336,1.);
#1309=VECTOR('',#2337,1.);
#1310=VECTOR('',#2338,1.);
#1311=VECTOR('',#2343,1.);
#1312=VECTOR('',#2346,1.);
#1313=VECTOR('',#2351,1.);
#1314=VECTOR('',#2352,1.);
#1315=VECTOR('',#2353,1.);
#1316=VECTOR('',#2360,1.);
#1317=VECTOR('',#2361,1.);
#1318=VECTOR('',#2362,1.);
#1319=VECTOR('',#2363,1.);
#1320=VECTOR('',#2366,1.);
#1321=VECTOR('',#2367,1.);
#1322=VECTOR('',#2368,1.);
#1323=VECTOR('',#2371,1.);
#1324=VECTOR('',#2374,1.);
#1325=VECTOR('',#2375,1.);
#1326=VECTOR('',#2376,1.);
#1327=VECTOR('',#2377,1.);
#1328=VECTOR('',#2378,1.);
#1329=VECTOR('',#2381,1.);
#1330=VECTOR('',#2382,1.);
#1331=VECTOR('',#2385,1.);
#1332=VECTOR('',#2390,1.);
#1333=VECTOR('',#2399,1.);
#1334=VECTOR('',#2400,1.);
#1335=VECTOR('',#2401,1.);
#1336=VECTOR('',#2404,1.);
#1337=VECTOR('',#2405,1.);
#1338=VECTOR('',#2406,1.);
#1339=VECTOR('',#2445,1.);
#1340=VECTOR('',#2446,1.);
#1341=VECTOR('',#2447,1.);
#1342=VECTOR('',#2450,1.);
#1343=VECTOR('',#2451,1.);
#1344=VECTOR('',#2454,1.);
#1345=VECTOR('',#2455,1.);
#1346=VECTOR('',#2458,1.);
#1347=VECTOR('',#2459,1.);
#1348=VECTOR('',#2462,1.);
#1349=VECTOR('',#2463,1.);
#1350=VECTOR('',#2466,1.);
#1351=VECTOR('',#2473,1.);
#1352=VECTOR('',#2474,1.);
#1353=VECTOR('',#2475,1.);
#1354=VECTOR('',#2478,1.);
#1355=VECTOR('',#2487,1.);
#1356=VECTOR('',#2488,1.);
#1357=VECTOR('',#2491,1.);
#1358=VECTOR('',#2494,1.);
#1359=VECTOR('',#2501,1.);
#1360=VECTOR('',#2502,1.);
#1361=VECTOR('',#2503,1.);
#1362=VECTOR('',#2508,1.);
#1363=VECTOR('',#2511,1.);
#1364=VECTOR('',#2518,1.);
#1365=VECTOR('',#2519,1.);
#1366=VECTOR('',#2520,1.);
#1367=VECTOR('',#2525,1.);
#1368=VECTOR('',#2526,1.);
#1369=VECTOR('',#2527,1.);
#1370=VECTOR('',#2528,1.);
#1371=VECTOR('',#2531,1.);
#1372=VECTOR('',#2532,1.);
#1373=VECTOR('',#2533,1.);
#1374=VECTOR('',#2536,1.);
#1375=VECTOR('',#2539,1.);
#1376=VECTOR('',#2540,1.);
#1377=VECTOR('',#2541,1.);
#1378=VECTOR('',#2542,1.);
#1379=VECTOR('',#2543,1.);
#1380=VECTOR('',#2546,1.);
#1381=VECTOR('',#2547,1.);
#1382=VECTOR('',#2550,1.);
#1383=VECTOR('',#2555,1.);
#1384=VECTOR('',#2564,1.);
#1385=EDGE_LOOP('',(#127,#128,#129,#130,#131,#132,#133,#134));
#1386=EDGE_LOOP('',(#135,#136,#137,#138));
#1387=EDGE_LOOP('',(#139,#140,#141,#142,#143,#144,#145,#146));
#1388=EDGE_LOOP('',(#147));
#1389=EDGE_LOOP('',(#148,#149,#150,#151));
#1390=EDGE_LOOP('',(#152,#153,#154,#155,#156));
#1391=EDGE_LOOP('',(#157));
#1392=EDGE_LOOP('',(#158,#159,#160,#161));
#1393=EDGE_LOOP('',(#162,#163,#164,#165,#166));
#1394=EDGE_LOOP('',(#167,#168,#169,#170,#171,#172));
#1395=EDGE_LOOP('',(#173,#174,#175));
#1396=EDGE_LOOP('',(#176,#177,#178));
#1397=EDGE_LOOP('',(#179));
#1398=EDGE_LOOP('',(#180));
#1399=EDGE_LOOP('',(#181));
#1400=EDGE_LOOP('',(#182));
#1401=EDGE_LOOP('',(#183));
#1402=EDGE_LOOP('',(#184));
#1403=EDGE_LOOP('',(#185));
#1404=EDGE_LOOP('',(#186));
#1405=EDGE_LOOP('',(#187,#188));
#1406=EDGE_LOOP('',(#189,#190,#191,#192,#193,#194,#195,#196));
#1407=EDGE_LOOP('',(#197,#198,#199,#200,#201,#202));
#1408=EDGE_LOOP('',(#203));
#1409=EDGE_LOOP('',(#204));
#1410=EDGE_LOOP('',(#205));
#1411=EDGE_LOOP('',(#206,#207,#208,#209,#210,#211));
#1412=EDGE_LOOP('',(#212));
#1413=EDGE_LOOP('',(#213));
#1414=EDGE_LOOP('',(#214));
#1415=EDGE_LOOP('',(#215,#216,#217,#218));
#1416=EDGE_LOOP('',(#219,#220,#221,#222,#223,#224,#225,#226,#227,#228,#229,
#230));
#1417=EDGE_LOOP('',(#231,#232));
#1418=EDGE_LOOP('',(#233));
#1419=EDGE_LOOP('',(#234));
#1420=EDGE_LOOP('',(#235));
#1421=EDGE_LOOP('',(#236));
#1422=EDGE_LOOP('',(#237));
#1423=EDGE_LOOP('',(#238));
#1424=EDGE_LOOP('',(#239));
#1425=EDGE_LOOP('',(#240));
#1426=EDGE_LOOP('',(#241));
#1427=EDGE_LOOP('',(#242));
#1428=EDGE_LOOP('',(#243));
#1429=EDGE_LOOP('',(#244,#245,#246,#247));
#1430=EDGE_LOOP('',(#248,#249,#250,#251));
#1431=EDGE_LOOP('',(#252));
#1432=EDGE_LOOP('',(#253));
#1433=EDGE_LOOP('',(#254));
#1434=EDGE_LOOP('',(#255));
#1435=EDGE_LOOP('',(#256));
#1436=EDGE_LOOP('',(#257));
#1437=EDGE_LOOP('',(#258));
#1438=EDGE_LOOP('',(#259));
#1439=EDGE_LOOP('',(#260));
#1440=EDGE_LOOP('',(#261));
#1441=EDGE_LOOP('',(#262));
#1442=EDGE_LOOP('',(#263));
#1443=EDGE_LOOP('',(#264,#265,#266,#267));
#1444=EDGE_LOOP('',(#268,#269,#270,#271));
#1445=EDGE_LOOP('',(#272,#273,#274,#275));
#1446=EDGE_LOOP('',(#276,#277,#278,#279));
#1447=EDGE_LOOP('',(#280,#281,#282,#283));
#1448=EDGE_LOOP('',(#284,#285,#286,#287));
#1449=EDGE_LOOP('',(#288,#289,#290,#291,#292,#293));
#1450=EDGE_LOOP('',(#294));
#1451=EDGE_LOOP('',(#295,#296,#297,#298));
#1452=EDGE_LOOP('',(#299,#300,#301,#302,#303,#304,#305,#306));
#1453=EDGE_LOOP('',(#307,#308,#309,#310,#311,#312,#313,#314,#315,#316,#317,
#318,#319,#320,#321,#322,#323,#324,#325,#326,#327,#328,#329,#330));
#1454=EDGE_LOOP('',(#331,#332,#333,#334));
#1455=EDGE_LOOP('',(#335,#336,#337,#338));
#1456=EDGE_LOOP('',(#339,#340,#341,#342));
#1457=EDGE_LOOP('',(#343,#344,#345,#346));
#1458=EDGE_LOOP('',(#347,#348,#349,#350,#351,#352,#353,#354));
#1459=EDGE_LOOP('',(#355,#356,#357,#358,#359));
#1460=EDGE_LOOP('',(#360,#361,#362,#363,#364,#365,#366,#367));
#1461=EDGE_LOOP('',(#368,#369,#370,#371,#372,#373,#374,#375,#376,#377,#378,
#379,#380,#381));
#1462=EDGE_LOOP('',(#382,#383,#384,#385));
#1463=EDGE_LOOP('',(#386,#387,#388,#389,#390,#391));
#1464=EDGE_LOOP('',(#392,#393,#394,#395));
#1465=EDGE_LOOP('',(#396,#397,#398,#399,#400));
#1466=EDGE_LOOP('',(#401,#402,#403,#404,#405,#406,#407,#408));
#1467=EDGE_LOOP('',(#409,#410,#411,#412,#413,#414,#415));
#1468=EDGE_LOOP('',(#416,#417,#418,#419));
#1469=EDGE_LOOP('',(#420,#421,#422));
#1470=EDGE_LOOP('',(#423,#424,#425,#426));
#1471=EDGE_LOOP('',(#427));
#1472=EDGE_LOOP('',(#428,#429,#430,#431,#432,#433));
#1473=EDGE_LOOP('',(#434));
#1474=EDGE_LOOP('',(#435));
#1475=EDGE_LOOP('',(#436,#437,#438));
#1476=EDGE_LOOP('',(#439,#440,#441));
#1477=EDGE_LOOP('',(#442));
#1478=EDGE_LOOP('',(#443));
#1479=EDGE_LOOP('',(#444));
#1480=EDGE_LOOP('',(#445));
#1481=EDGE_LOOP('',(#446));
#1482=EDGE_LOOP('',(#447));
#1483=EDGE_LOOP('',(#448));
#1484=EDGE_LOOP('',(#449));
#1485=EDGE_LOOP('',(#450,#451,#452,#453));
#1486=EDGE_LOOP('',(#454));
#1487=EDGE_LOOP('',(#455));
#1488=EDGE_LOOP('',(#456));
#1489=EDGE_LOOP('',(#457));
#1490=EDGE_LOOP('',(#458));
#1491=EDGE_LOOP('',(#459));
#1492=EDGE_LOOP('',(#460));
#1493=EDGE_LOOP('',(#461));
#1494=EDGE_LOOP('',(#462));
#1495=EDGE_LOOP('',(#463));
#1496=EDGE_LOOP('',(#464));
#1497=EDGE_LOOP('',(#465));
#1498=EDGE_LOOP('',(#466,#467,#468,#469));
#1499=EDGE_LOOP('',(#470,#471,#472,#473));
#1500=EDGE_LOOP('',(#474,#475,#476,#477));
#1501=EDGE_LOOP('',(#478,#479,#480,#481));
#1502=EDGE_LOOP('',(#482,#483,#484,#485));
#1503=EDGE_LOOP('',(#486,#487,#488,#489));
#1504=EDGE_LOOP('',(#490,#491,#492,#493,#494,#495));
#1505=EDGE_LOOP('',(#496));
#1506=EDGE_LOOP('',(#497,#498,#499,#500));
#1507=EDGE_LOOP('',(#501,#502,#503,#504));
#1508=EDGE_LOOP('',(#505,#506,#507,#508));
#1509=EDGE_LOOP('',(#509,#510,#511,#512));
#1510=EDGE_LOOP('',(#513,#514,#515,#516));
#1511=EDGE_LOOP('',(#517,#518,#519,#520,#521,#522,#523,#524));
#1512=EDGE_LOOP('',(#525,#526,#527,#528,#529));
#1513=EDGE_LOOP('',(#530,#531,#532,#533,#534,#535,#536,#537));
#1514=EDGE_LOOP('',(#538,#539,#540,#541,#542,#543,#544,#545,#546,#547,#548,
#549,#550,#551));
#1515=EDGE_LOOP('',(#552,#553,#554,#555));
#1516=EDGE_LOOP('',(#556,#557,#558,#559,#560,#561));
#1517=EDGE_LOOP('',(#562,#563,#564,#565));
#1518=EDGE_LOOP('',(#566,#567,#568,#569,#570));
#1519=EDGE_LOOP('',(#571,#572,#573,#574,#575,#576,#577,#578));
#1520=EDGE_LOOP('',(#579,#580,#581,#582,#583,#584,#585));
#1521=EDGE_LOOP('',(#586,#587,#588,#589));
#1522=EDGE_LOOP('',(#590,#591,#592));
#1523=EDGE_LOOP('',(#593,#594,#595,#596));
#1524=EDGE_LOOP('',(#597));
#1525=EDGE_LOOP('',(#598,#599,#600,#601,#602,#603));
#1526=EDGE_LOOP('',(#604));
#1527=EDGE_LOOP('',(#605));
#1528=EDGE_LOOP('',(#606,#607));
#1529=EDGE_LOOP('',(#608,#609,#610,#611,#612,#613));
#1530=EDGE_LOOP('',(#614));
#1531=EDGE_LOOP('',(#615));
#1532=EDGE_LOOP('',(#616));
#1533=EDGE_LOOP('',(#617));
#1534=EDGE_LOOP('',(#618));
#1535=EDGE_LOOP('',(#619));
#1536=EDGE_LOOP('',(#620));
#1537=EDGE_LOOP('',(#621));
#1538=EDGE_LOOP('',(#622));
#1539=FACE_BOUND('',#1385,.T.);
#1540=FACE_BOUND('',#1386,.T.);
#1541=FACE_BOUND('',#1387,.T.);
#1542=FACE_BOUND('',#1388,.T.);
#1543=FACE_BOUND('',#1389,.T.);
#1544=FACE_BOUND('',#1390,.T.);
#1545=FACE_BOUND('',#1391,.T.);
#1546=FACE_BOUND('',#1392,.T.);
#1547=FACE_BOUND('',#1393,.T.);
#1548=FACE_BOUND('',#1394,.T.);
#1549=FACE_BOUND('',#1395,.T.);
#1550=FACE_BOUND('',#1396,.T.);
#1551=FACE_BOUND('',#1397,.T.);
#1552=FACE_BOUND('',#1398,.T.);
#1553=FACE_BOUND('',#1399,.T.);
#1554=FACE_BOUND('',#1400,.T.);
#1555=FACE_BOUND('',#1401,.T.);
#1556=FACE_BOUND('',#1402,.T.);
#1557=FACE_BOUND('',#1403,.T.);
#1558=FACE_BOUND('',#1404,.T.);
#1559=FACE_BOUND('',#1405,.T.);
#1560=FACE_BOUND('',#1406,.T.);
#1561=FACE_BOUND('',#1407,.T.);
#1562=FACE_BOUND('',#1408,.T.);
#1563=FACE_BOUND('',#1409,.T.);
#1564=FACE_BOUND('',#1410,.T.);
#1565=FACE_BOUND('',#1411,.T.);
#1566=FACE_BOUND('',#1412,.T.);
#1567=FACE_BOUND('',#1413,.T.);
#1568=FACE_BOUND('',#1414,.T.);
#1569=FACE_BOUND('',#1415,.T.);
#1570=FACE_BOUND('',#1416,.T.);
#1571=FACE_BOUND('',#1417,.T.);
#1572=FACE_BOUND('',#1418,.T.);
#1573=FACE_BOUND('',#1419,.T.);
#1574=FACE_BOUND('',#1420,.T.);
#1575=FACE_BOUND('',#1421,.T.);
#1576=FACE_BOUND('',#1422,.T.);
#1577=FACE_BOUND('',#1423,.T.);
#1578=FACE_BOUND('',#1424,.T.);
#1579=FACE_BOUND('',#1425,.T.);
#1580=FACE_BOUND('',#1426,.T.);
#1581=FACE_BOUND('',#1427,.T.);
#1582=FACE_BOUND('',#1428,.T.);
#1583=FACE_BOUND('',#1429,.T.);
#1584=FACE_BOUND('',#1430,.T.);
#1585=FACE_BOUND('',#1431,.T.);
#1586=FACE_BOUND('',#1432,.T.);
#1587=FACE_BOUND('',#1433,.T.);
#1588=FACE_BOUND('',#1434,.T.);
#1589=FACE_BOUND('',#1435,.T.);
#1590=FACE_BOUND('',#1436,.T.);
#1591=FACE_BOUND('',#1437,.T.);
#1592=FACE_BOUND('',#1438,.T.);
#1593=FACE_BOUND('',#1439,.T.);
#1594=FACE_BOUND('',#1440,.T.);
#1595=FACE_BOUND('',#1441,.T.);
#1596=FACE_BOUND('',#1442,.T.);
#1597=FACE_BOUND('',#1443,.T.);
#1598=FACE_BOUND('',#1444,.T.);
#1599=FACE_BOUND('',#1445,.T.);
#1600=FACE_BOUND('',#1446,.T.);
#1601=FACE_BOUND('',#1447,.T.);
#1602=FACE_BOUND('',#1448,.T.);
#1603=FACE_BOUND('',#1449,.T.);
#1604=FACE_BOUND('',#1450,.T.);
#1605=FACE_BOUND('',#1451,.T.);
#1606=FACE_BOUND('',#1452,.T.);
#1607=FACE_BOUND('',#1453,.T.);
#1608=FACE_BOUND('',#1454,.T.);
#1609=FACE_BOUND('',#1455,.T.);
#1610=FACE_BOUND('',#1456,.T.);
#1611=FACE_BOUND('',#1457,.T.);
#1612=FACE_BOUND('',#1458,.T.);
#1613=FACE_BOUND('',#1459,.T.);
#1614=FACE_BOUND('',#1460,.T.);
#1615=FACE_BOUND('',#1461,.T.);
#1616=FACE_BOUND('',#1462,.T.);
#1617=FACE_BOUND('',#1463,.T.);
#1618=FACE_BOUND('',#1464,.T.);
#1619=FACE_BOUND('',#1465,.T.);
#1620=FACE_BOUND('',#1466,.T.);
#1621=FACE_BOUND('',#1467,.T.);
#1622=FACE_BOUND('',#1468,.T.);
#1623=FACE_BOUND('',#1469,.T.);
#1624=FACE_BOUND('',#1470,.T.);
#1625=FACE_BOUND('',#1471,.T.);
#1626=FACE_BOUND('',#1472,.T.);
#1627=FACE_BOUND('',#1473,.T.);
#1628=FACE_BOUND('',#1474,.T.);
#1629=FACE_BOUND('',#1475,.T.);
#1630=FACE_BOUND('',#1476,.T.);
#1631=FACE_BOUND('',#1477,.T.);
#1632=FACE_BOUND('',#1478,.T.);
#1633=FACE_BOUND('',#1479,.T.);
#1634=FACE_BOUND('',#1480,.T.);
#1635=FACE_BOUND('',#1481,.T.);
#1636=FACE_BOUND('',#1482,.T.);
#1637=FACE_BOUND('',#1483,.T.);
#1638=FACE_BOUND('',#1484,.T.);
#1639=FACE_BOUND('',#1485,.T.);
#1640=FACE_BOUND('',#1486,.T.);
#1641=FACE_BOUND('',#1487,.T.);
#1642=FACE_BOUND('',#1488,.T.);
#1643=FACE_BOUND('',#1489,.T.);
#1644=FACE_BOUND('',#1490,.T.);
#1645=FACE_BOUND('',#1491,.T.);
#1646=FACE_BOUND('',#1492,.T.);
#1647=FACE_BOUND('',#1493,.T.);
#1648=FACE_BOUND('',#1494,.T.);
#1649=FACE_BOUND('',#1495,.T.);
#1650=FACE_BOUND('',#1496,.T.);
#1651=FACE_BOUND('',#1497,.T.);
#1652=FACE_BOUND('',#1498,.T.);
#1653=FACE_BOUND('',#1499,.T.);
#1654=FACE_BOUND('',#1500,.T.);
#1655=FACE_BOUND('',#1501,.T.);
#1656=FACE_BOUND('',#1502,.T.);
#1657=FACE_BOUND('',#1503,.T.);
#1658=FACE_BOUND('',#1504,.T.);
#1659=FACE_BOUND('',#1505,.T.);
#1660=FACE_BOUND('',#1506,.T.);
#1661=FACE_BOUND('',#1507,.T.);
#1662=FACE_BOUND('',#1508,.T.);
#1663=FACE_BOUND('',#1509,.T.);
#1664=FACE_BOUND('',#1510,.T.);
#1665=FACE_BOUND('',#1511,.T.);
#1666=FACE_BOUND('',#1512,.T.);
#1667=FACE_BOUND('',#1513,.T.);
#1668=FACE_BOUND('',#1514,.T.);
#1669=FACE_BOUND('',#1515,.T.);
#1670=FACE_BOUND('',#1516,.T.);
#1671=FACE_BOUND('',#1517,.T.);
#1672=FACE_BOUND('',#1518,.T.);
#1673=FACE_BOUND('',#1519,.T.);
#1674=FACE_BOUND('',#1520,.T.);
#1675=FACE_BOUND('',#1521,.T.);
#1676=FACE_BOUND('',#1522,.T.);
#1677=FACE_BOUND('',#1523,.T.);
#1678=FACE_BOUND('',#1524,.T.);
#1679=FACE_BOUND('',#1525,.T.);
#1680=FACE_BOUND('',#1526,.T.);
#1681=FACE_BOUND('',#1527,.T.);
#1682=FACE_BOUND('',#1528,.T.);
#1683=FACE_BOUND('',#1529,.T.);
#1684=FACE_BOUND('',#1530,.T.);
#1685=FACE_BOUND('',#1531,.T.);
#1686=FACE_BOUND('',#1532,.T.);
#1687=FACE_BOUND('',#1533,.T.);
#1688=FACE_BOUND('',#1534,.T.);
#1689=FACE_BOUND('',#1535,.T.);
#1690=FACE_BOUND('',#1536,.T.);
#1691=FACE_BOUND('',#1537,.T.);
#1692=FACE_BOUND('',#1538,.T.);
#1693=PLANE('',#1875);
#1694=PLANE('',#1876);
#1695=PLANE('',#1877);
#1696=PLANE('',#1878);
#1697=PLANE('',#1884);
#1698=PLANE('',#1893);
#1699=PLANE('',#1894);
#1700=PLANE('',#1907);
#1701=PLANE('',#1913);
#1702=PLANE('',#1914);
#1703=PLANE('',#1927);
#1704=PLANE('',#1928);
#1705=PLANE('',#1929);
#1706=PLANE('',#1932);
#1707=PLANE('',#1935);
#1708=PLANE('',#1938);
#1709=PLANE('',#1939);
#1710=PLANE('',#1940);
#1711=PLANE('',#1941);
#1712=PLANE('',#1942);
#1713=PLANE('',#1943);
#1714=PLANE('',#1944);
#1715=PLANE('',#1946);
#1716=PLANE('',#1947);
#1717=PLANE('',#1958);
#1718=PLANE('',#1963);
#1719=PLANE('',#1968);
#1720=PLANE('',#1973);
#1721=PLANE('',#1976);
#1722=PLANE('',#1977);
#1723=PLANE('',#1978);
#1724=PLANE('',#1979);
#1725=PLANE('',#1980);
#1726=PLANE('',#1981);
#1727=PLANE('',#1982);
#1728=PLANE('',#1983);
#1729=PLANE('',#1984);
#1730=PLANE('',#1987);
#1731=PLANE('',#1988);
#1732=PLANE('',#1997);
#1733=PLANE('',#1998);
#1734=PLANE('',#2001);
#1735=PLANE('',#2004);
#1736=PLANE('',#2007);
#1737=PLANE('',#2008);
#1738=PLANE('',#2009);
#1739=PLANE('',#2010);
#1740=PLANE('',#2011);
#1741=PLANE('',#2012);
#1742=PLANE('',#2013);
#1743=PLANE('',#2015);
#1744=PLANE('',#2020);
#1745=PLANE('',#2025);
#1746=PLANE('',#2030);
#1747=PLANE('',#2033);
#1748=PLANE('',#2034);
#1749=PLANE('',#2035);
#1750=PLANE('',#2036);
#1751=PLANE('',#2037);
#1752=PLANE('',#2038);
#1753=PLANE('',#2039);
#1754=PLANE('',#2040);
#1755=PLANE('',#2041);
#1756=PLANE('',#2044);
#1757=PLANE('',#2052);
#1758=PLANE('',#2053);
#1759=PLANE('',#2054);
#1760=ADVANCED_FACE('',(#1539),#1693,.T.);
#1761=ADVANCED_FACE('',(#1540),#1694,.T.);
#1762=ADVANCED_FACE('',(#1541),#1695,.T.);
#1763=ADVANCED_FACE('',(#1542,#1543),#1696,.F.);
#1764=ADVANCED_FACE('',(#1544),#24,.T.);
#1765=ADVANCED_FACE('',(#1545,#1546),#1697,.F.);
#1766=ADVANCED_FACE('',(#1547),#25,.T.);
#1767=ADVANCED_FACE('',(#1548),#26,.F.);
#1768=ADVANCED_FACE('',(#1549),#1698,.F.);
#1769=ADVANCED_FACE('',(#1550),#1699,.F.);
#1770=ADVANCED_FACE('',(#1551,#1552),#27,.F.);
#1771=ADVANCED_FACE('',(#1553,#1554),#28,.F.);
#1772=ADVANCED_FACE('',(#1555,#1556),#29,.F.);
#1773=ADVANCED_FACE('',(#1557,#1558),#30,.F.);
#1774=ADVANCED_FACE('',(#1559,#1560,#1561,#1562,#1563,#1564,#1565,#1566,
#1567,#1568),#1700,.F.);
#1775=ADVANCED_FACE('',(#1569),#1701,.T.);
#1776=ADVANCED_FACE('',(#1570,#1571,#1572,#1573,#1574,#1575,#1576,#1577,
#1578,#1579,#1580,#1581,#1582),#1702,.F.);
#1777=ADVANCED_FACE('',(#1583),#1703,.T.);
#1778=ADVANCED_FACE('',(#1584),#1704,.T.);
#1779=ADVANCED_FACE('',(#1585,#1586),#1705,.T.);
#1780=ADVANCED_FACE('',(#1587,#1588),#31,.F.);
#1781=ADVANCED_FACE('',(#1589,#1590),#1706,.T.);
#1782=ADVANCED_FACE('',(#1591,#1592),#32,.F.);
#1783=ADVANCED_FACE('',(#1593,#1594),#1707,.T.);
#1784=ADVANCED_FACE('',(#1595,#1596),#33,.F.);
#1785=ADVANCED_FACE('',(#1597),#1708,.F.);
#1786=ADVANCED_FACE('',(#1598),#1709,.F.);
#1787=ADVANCED_FACE('',(#1599),#1710,.F.);
#1788=ADVANCED_FACE('',(#1600),#1711,.F.);
#1789=ADVANCED_FACE('',(#1601),#1712,.F.);
#1790=ADVANCED_FACE('',(#1602),#1713,.F.);
#1791=ADVANCED_FACE('',(#1603,#1604),#1714,.T.);
#1792=ADVANCED_FACE('',(#1605),#34,.F.);
#1793=ADVANCED_FACE('',(#1606),#1715,.F.);
#1794=ADVANCED_FACE('',(#1607),#1716,.F.);
#1795=ADVANCED_FACE('',(#1608),#1717,.F.);
#1796=ADVANCED_FACE('',(#1609),#35,.F.);
#1797=ADVANCED_FACE('',(#1610),#36,.F.);
#1798=ADVANCED_FACE('',(#1611),#1718,.F.);
#1799=ADVANCED_FACE('',(#1612),#37,.F.);
#1800=ADVANCED_FACE('',(#1613),#1719,.F.);
#1801=ADVANCED_FACE('',(#1614),#38,.F.);
#1802=ADVANCED_FACE('',(#1615),#1720,.F.);
#1803=ADVANCED_FACE('',(#1616),#39,.T.);
#1804=ADVANCED_FACE('',(#1617),#1721,.F.);
#1805=ADVANCED_FACE('',(#1618),#1722,.F.);
#1806=ADVANCED_FACE('',(#1619),#1723,.F.);
#1807=ADVANCED_FACE('',(#1620),#1724,.F.);
#1808=ADVANCED_FACE('',(#1621),#1725,.F.);
#1809=ADVANCED_FACE('',(#1622),#1726,.T.);
#1810=ADVANCED_FACE('',(#1623),#1727,.T.);
#1811=ADVANCED_FACE('',(#1624),#1728,.F.);
#1812=ADVANCED_FACE('',(#1625,#1626),#1729,.F.);
#1813=ADVANCED_FACE('',(#1627,#1628),#40,.F.);
#1814=ADVANCED_FACE('',(#1629),#1730,.F.);
#1815=ADVANCED_FACE('',(#1630),#1731,.F.);
#1816=ADVANCED_FACE('',(#1631,#1632),#41,.F.);
#1817=ADVANCED_FACE('',(#1633,#1634),#42,.F.);
#1818=ADVANCED_FACE('',(#1635,#1636),#43,.F.);
#1819=ADVANCED_FACE('',(#1637,#1638),#44,.F.);
#1820=ADVANCED_FACE('',(#1639),#1732,.T.);
#1821=ADVANCED_FACE('',(#1640,#1641),#1733,.T.);
#1822=ADVANCED_FACE('',(#1642,#1643),#45,.F.);
#1823=ADVANCED_FACE('',(#1644,#1645),#1734,.T.);
#1824=ADVANCED_FACE('',(#1646,#1647),#46,.F.);
#1825=ADVANCED_FACE('',(#1648,#1649),#1735,.T.);
#1826=ADVANCED_FACE('',(#1650,#1651),#47,.F.);
#1827=ADVANCED_FACE('',(#1652),#1736,.F.);
#1828=ADVANCED_FACE('',(#1653),#1737,.F.);
#1829=ADVANCED_FACE('',(#1654),#1738,.F.);
#1830=ADVANCED_FACE('',(#1655),#1739,.F.);
#1831=ADVANCED_FACE('',(#1656),#1740,.F.);
#1832=ADVANCED_FACE('',(#1657),#1741,.F.);
#1833=ADVANCED_FACE('',(#1658,#1659),#1742,.T.);
#1834=ADVANCED_FACE('',(#1660),#48,.F.);
#1835=ADVANCED_FACE('',(#1661),#1743,.F.);
#1836=ADVANCED_FACE('',(#1662),#49,.F.);
#1837=ADVANCED_FACE('',(#1663),#50,.F.);
#1838=ADVANCED_FACE('',(#1664),#1744,.F.);
#1839=ADVANCED_FACE('',(#1665),#51,.F.);
#1840=ADVANCED_FACE('',(#1666),#1745,.F.);
#1841=ADVANCED_FACE('',(#1667),#52,.F.);
#1842=ADVANCED_FACE('',(#1668),#1746,.F.);
#1843=ADVANCED_FACE('',(#1669),#53,.T.);
#1844=ADVANCED_FACE('',(#1670),#1747,.F.);
#1845=ADVANCED_FACE('',(#1671),#1748,.F.);
#1846=ADVANCED_FACE('',(#1672),#1749,.F.);
#1847=ADVANCED_FACE('',(#1673),#1750,.F.);
#1848=ADVANCED_FACE('',(#1674),#1751,.F.);
#1849=ADVANCED_FACE('',(#1675),#1752,.T.);
#1850=ADVANCED_FACE('',(#1676),#1753,.T.);
#1851=ADVANCED_FACE('',(#1677),#1754,.F.);
#1852=ADVANCED_FACE('',(#1678,#1679),#1755,.F.);
#1853=ADVANCED_FACE('',(#1680,#1681),#54,.F.);
#1854=ADVANCED_FACE('',(#1682),#1756,.T.);
#1855=ADVANCED_FACE('',(#1683),#55,.T.);
#1856=ADVANCED_FACE('',(#1684,#1685),#56,.F.);
#1857=ADVANCED_FACE('',(#1686,#1687),#57,.F.);
#1858=ADVANCED_FACE('',(#1688,#1689),#58,.F.);
#1859=ADVANCED_FACE('',(#1690),#1757,.T.);
#1860=ADVANCED_FACE('',(#1691),#1758,.T.);
#1861=ADVANCED_FACE('',(#1692),#1759,.T.);
#1862=CLOSED_SHELL('',(#1760,#1761,#1762,#1763,#1764,#1765,#1766,#1767,
#1768,#1769,#1770,#1771,#1772,#1773,#1774,#1775,#1776,#1777,#1778,#1779,
#1780,#1781,#1782,#1783,#1784,#1785,#1786,#1787,#1788,#1789,#1790,#1791,
#1792,#1793,#1794,#1795,#1796,#1797,#1798,#1799,#1800,#1801,#1802,#1803,
#1804,#1805,#1806,#1807,#1808,#1809,#1810,#1811,#1812,#1813,#1814,#1815,
#1816,#1817,#1818,#1819,#1820,#1821,#1822,#1823,#1824,#1825,#1826,#1827,
#1828,#1829,#1830,#1831,#1832,#1833,#1834,#1835,#1836,#1837,#1838,#1839,
#1840,#1841,#1842,#1843,#1844,#1845,#1846,#1847,#1848,#1849,#1850,#1851,
#1852,#1853,#1854,#1855,#1856,#1857,#1858,#1859,#1860,#1861));
#1863=STYLED_ITEM('',(#1864),#1871);
#1864=PRESENTATION_STYLE_ASSIGNMENT((#1865));
#1865=SURFACE_STYLE_USAGE(.BOTH.,#1866);
#1866=SURFACE_SIDE_STYLE('',(#1867));
#1867=SURFACE_STYLE_FILL_AREA(#1868);
#1868=FILL_AREA_STYLE('',(#1869));
#1869=FILL_AREA_STYLE_COLOUR('',#1870);
#1870=COLOUR_RGB('',0.917647058823529,0.917647058823529,0.917647058823529);
#1871=MANIFOLD_SOLID_BREP('extruder_mount',#1862);
#1872=SHAPE_DEFINITION_REPRESENTATION(#3128,#1873);
#1873=SHAPE_REPRESENTATION('extruder_mount',(#1874),#3123);
#1874=AXIS2_PLACEMENT_3D('',#2585,#2055,#2056);
#1875=AXIS2_PLACEMENT_3D('',#2586,#2057,#2058);
#1876=AXIS2_PLACEMENT_3D('',#2603,#2067,#2068);
#1877=AXIS2_PLACEMENT_3D('',#2612,#2073,#2074);
#1878=AXIS2_PLACEMENT_3D('',#2626,#2082,#2083);
#1879=AXIS2_PLACEMENT_3D('',#2627,#2084,#2085);
#1880=AXIS2_PLACEMENT_3D('',#2634,#2089,#2090);
#1881=AXIS2_PLACEMENT_3D('',#2638,#2092,#2093);
#1882=AXIS2_PLACEMENT_3D('',#2639,#2094,#2095);
#1883=AXIS2_PLACEMENT_3D('',#2641,#2096,#2097);
#1884=AXIS2_PLACEMENT_3D('',#2642,#2098,#2099);
#1885=AXIS2_PLACEMENT_3D('',#2643,#2100,#2101);
#1886=AXIS2_PLACEMENT_3D('',#2650,#2105,#2106);
#1887=AXIS2_PLACEMENT_3D('',#2651,#2107,#2108);
#1888=AXIS2_PLACEMENT_3D('',#2655,#2110,#2111);
#1889=AXIS2_PLACEMENT_3D('',#2657,#2112,#2113);
#1890=AXIS2_PLACEMENT_3D('',#2658,#2114,#2115);
#1891=AXIS2_PLACEMENT_3D('',#2659,#2116,#2117);
#1892=AXIS2_PLACEMENT_3D('',#2666,#2118,#2119);
#1893=AXIS2_PLACEMENT_3D('',#2673,#2120,#2121);
#1894=AXIS2_PLACEMENT_3D('',#2680,#2125,#2126);
#1895=AXIS2_PLACEMENT_3D('',#2687,#2130,#2131);
#1896=AXIS2_PLACEMENT_3D('',#2688,#2132,#2133);
#1897=AXIS2_PLACEMENT_3D('',#2690,#2134,#2135);
#1898=AXIS2_PLACEMENT_3D('',#2692,#2136,#2137);
#1899=AXIS2_PLACEMENT_3D('',#2693,#2138,#2139);
#1900=AXIS2_PLACEMENT_3D('',#2695,#2140,#2141);
#1901=AXIS2_PLACEMENT_3D('',#2697,#2142,#2143);
#1902=AXIS2_PLACEMENT_3D('',#2698,#2144,#2145);
#1903=AXIS2_PLACEMENT_3D('',#2700,#2146,#2147);
#1904=AXIS2_PLACEMENT_3D('',#2702,#2148,#2149);
#1905=AXIS2_PLACEMENT_3D('',#2703,#2150,#2151);
#1906=AXIS2_PLACEMENT_3D('',#2705,#2152,#2153);
#1907=AXIS2_PLACEMENT_3D('',#2707,#2154,#2155);
#1908=AXIS2_PLACEMENT_3D('',#2708,#2156,#2157);
#1909=AXIS2_PLACEMENT_3D('',#2711,#2158,#2159);
#1910=AXIS2_PLACEMENT_3D('',#2744,#2177,#2178);
#1911=AXIS2_PLACEMENT_3D('',#2746,#2179,#2180);
#1912=AXIS2_PLACEMENT_3D('',#2748,#2181,#2182);
#1913=AXIS2_PLACEMENT_3D('',#2750,#2183,#2184);
#1914=AXIS2_PLACEMENT_3D('',#2754,#2187,#2188);
#1915=AXIS2_PLACEMENT_3D('',#2760,#2192,#2193);
#1916=AXIS2_PLACEMENT_3D('',#2763,#2194,#2195);
#1917=AXIS2_PLACEMENT_3D('',#2764,#2196,#2197);
#1918=AXIS2_PLACEMENT_3D('',#2766,#2198,#2199);
#1919=AXIS2_PLACEMENT_3D('',#2768,#2200,#2201);
#1920=AXIS2_PLACEMENT_3D('',#2770,#2202,#2203);
#1921=AXIS2_PLACEMENT_3D('',#2772,#2204,#2205);
#1922=AXIS2_PLACEMENT_3D('',#2774,#2206,#2207);
#1923=AXIS2_PLACEMENT_3D('',#2776,#2208,#2209);
#1924=AXIS2_PLACEMENT_3D('',#2778,#2210,#2211);
#1925=AXIS2_PLACEMENT_3D('',#2780,#2212,#2213);
#1926=AXIS2_PLACEMENT_3D('',#2782,#2214,#2215);
#1927=AXIS2_PLACEMENT_3D('',#2784,#2216,#2217);
#1928=AXIS2_PLACEMENT_3D('',#2786,#2219,#2220);
#1929=AXIS2_PLACEMENT_3D('',#2788,#2222,#2223);
#1930=AXIS2_PLACEMENT_3D('',#2789,#2224,#2225);
#1931=AXIS2_PLACEMENT_3D('',#2791,#2226,#2227);
#1932=AXIS2_PLACEMENT_3D('',#2792,#2228,#2229);
#1933=AXIS2_PLACEMENT_3D('',#2793,#2230,#2231);
#1934=AXIS2_PLACEMENT_3D('',#2795,#2232,#2233);
#1935=AXIS2_PLACEMENT_3D('',#2796,#2234,#2235);
#1936=AXIS2_PLACEMENT_3D('',#2797,#2236,#2237);
#1937=AXIS2_PLACEMENT_3D('',#2799,#2238,#2239);
#1938=AXIS2_PLACEMENT_3D('',#2800,#2240,#2241);
#1939=AXIS2_PLACEMENT_3D('',#2806,#2245,#2246);
#1940=AXIS2_PLACEMENT_3D('',#2810,#2249,#2250);
#1941=AXIS2_PLACEMENT_3D('',#2814,#2253,#2254);
#1942=AXIS2_PLACEMENT_3D('',#2818,#2257,#2258);
#1943=AXIS2_PLACEMENT_3D('',#2822,#2261,#2262);
#1944=AXIS2_PLACEMENT_3D('',#2824,#2264,#2265);
#1945=AXIS2_PLACEMENT_3D('',#2825,#2266,#2267);
#1946=AXIS2_PLACEMENT_3D('',#2828,#2270,#2271);
#1947=AXIS2_PLACEMENT_3D('',#2838,#2277,#2278);
#1948=AXIS2_PLACEMENT_3D('',#2840,#2280,#2281);
#1949=AXIS2_PLACEMENT_3D('',#2842,#2282,#2283);
#1950=AXIS2_PLACEMENT_3D('',#2846,#2285,#2286);
#1951=AXIS2_PLACEMENT_3D('',#2850,#2288,#2289);
#1952=AXIS2_PLACEMENT_3D('',#2854,#2291,#2292);
#1953=AXIS2_PLACEMENT_3D('',#2855,#2293,#2294);
#1954=AXIS2_PLACEMENT_3D('',#2859,#2296,#2297);
#1955=AXIS2_PLACEMENT_3D('',#2863,#2299,#2300);
#1956=AXIS2_PLACEMENT_3D('',#2867,#2302,#2303);
#1957=AXIS2_PLACEMENT_3D('',#2869,#2304,#2305);
#1958=AXIS2_PLACEMENT_3D('',#2870,#2306,#2307);
#1959=AXIS2_PLACEMENT_3D('',#2876,#2311,#2312);
#1960=AXIS2_PLACEMENT_3D('',#2879,#2314,#2315);
#1961=AXIS2_PLACEMENT_3D('',#2880,#2316,#2317);
#1962=AXIS2_PLACEMENT_3D('',#2881,#2318,#2319);
#1963=AXIS2_PLACEMENT_3D('',#2882,#2320,#2321);
#1964=AXIS2_PLACEMENT_3D('',#2886,#2324,#2325);
#1965=AXIS2_PLACEMENT_3D('',#2890,#2327,#2328);
#1966=AXIS2_PLACEMENT_3D('',#2891,#2329,#2330);
#1967=AXIS2_PLACEMENT_3D('',#2894,#2332,#2333);
#1968=AXIS2_PLACEMENT_3D('',#2895,#2334,#2335);
#1969=AXIS2_PLACEMENT_3D('',#2901,#2339,#2340);
#1970=AXIS2_PLACEMENT_3D('',#2902,#2341,#2342);
#1971=AXIS2_PLACEMENT_3D('',#2906,#2344,#2345);
#1972=AXIS2_PLACEMENT_3D('',#2909,#2347,#2348);
#1973=AXIS2_PLACEMENT_3D('',#2910,#2349,#2350);
#1974=AXIS2_PLACEMENT_3D('',#2916,#2354,#2355);
#1975=AXIS2_PLACEMENT_3D('',#2917,#2356,#2357);
#1976=AXIS2_PLACEMENT_3D('',#2918,#2358,#2359);
#1977=AXIS2_PLACEMENT_3D('',#2926,#2364,#2365);
#1978=AXIS2_PLACEMENT_3D('',#2932,#2369,#2370);
#1979=AXIS2_PLACEMENT_3D('',#2934,#2372,#2373);
#1980=AXIS2_PLACEMENT_3D('',#2944,#2379,#2380);
#1981=AXIS2_PLACEMENT_3D('',#2947,#2383,#2384);
#1982=AXIS2_PLACEMENT_3D('',#2949,#2386,#2387);
#1983=AXIS2_PLACEMENT_3D('',#2950,#2388,#2389);
#1984=AXIS2_PLACEMENT_3D('',#2952,#2391,#2392);
#1985=AXIS2_PLACEMENT_3D('',#2953,#2393,#2394);
#1986=AXIS2_PLACEMENT_3D('',#2955,#2395,#2396);
#1987=AXIS2_PLACEMENT_3D('',#2956,#2397,#2398);
#1988=AXIS2_PLACEMENT_3D('',#2963,#2402,#2403);
#1989=AXIS2_PLACEMENT_3D('',#2970,#2407,#2408);
#1990=AXIS2_PLACEMENT_3D('',#2971,#2409,#2410);
#1991=AXIS2_PLACEMENT_3D('',#2973,#2411,#2412);
#1992=AXIS2_PLACEMENT_3D('',#2974,#2413,#2414);
#1993=AXIS2_PLACEMENT_3D('',#2976,#2415,#2416);
#1994=AXIS2_PLACEMENT_3D('',#2977,#2417,#2418);
#1995=AXIS2_PLACEMENT_3D('',#2979,#2419,#2420);
#1996=AXIS2_PLACEMENT_3D('',#2980,#2421,#2422);
#1997=AXIS2_PLACEMENT_3D('',#2982,#2423,#2424);
#1998=AXIS2_PLACEMENT_3D('',#2983,#2425,#2426);
#1999=AXIS2_PLACEMENT_3D('',#2984,#2427,#2428);
#2000=AXIS2_PLACEMENT_3D('',#2986,#2429,#2430);
#2001=AXIS2_PLACEMENT_3D('',#2987,#2431,#2432);
#2002=AXIS2_PLACEMENT_3D('',#2988,#2433,#2434);
#2003=AXIS2_PLACEMENT_3D('',#2990,#2435,#2436);
#2004=AXIS2_PLACEMENT_3D('',#2991,#2437,#2438);
#2005=AXIS2_PLACEMENT_3D('',#2992,#2439,#2440);
#2006=AXIS2_PLACEMENT_3D('',#2994,#2441,#2442);
#2007=AXIS2_PLACEMENT_3D('',#2995,#2443,#2444);
#2008=AXIS2_PLACEMENT_3D('',#3001,#2448,#2449);
#2009=AXIS2_PLACEMENT_3D('',#3005,#2452,#2453);
#2010=AXIS2_PLACEMENT_3D('',#3009,#2456,#2457);
#2011=AXIS2_PLACEMENT_3D('',#3013,#2460,#2461);
#2012=AXIS2_PLACEMENT_3D('',#3017,#2464,#2465);
#2013=AXIS2_PLACEMENT_3D('',#3019,#2467,#2468);
#2014=AXIS2_PLACEMENT_3D('',#3020,#2469,#2470);
#2015=AXIS2_PLACEMENT_3D('',#3021,#2471,#2472);
#2016=AXIS2_PLACEMENT_3D('',#3027,#2476,#2477);
#2017=AXIS2_PLACEMENT_3D('',#3030,#2479,#2480);
#2018=AXIS2_PLACEMENT_3D('',#3031,#2481,#2482);
#2019=AXIS2_PLACEMENT_3D('',#3032,#2483,#2484);
#2020=AXIS2_PLACEMENT_3D('',#3033,#2485,#2486);
#2021=AXIS2_PLACEMENT_3D('',#3037,#2489,#2490);
#2022=AXIS2_PLACEMENT_3D('',#3041,#2492,#2493);
#2023=AXIS2_PLACEMENT_3D('',#3044,#2495,#2496);
#2024=AXIS2_PLACEMENT_3D('',#3045,#2497,#2498);
#2025=AXIS2_PLACEMENT_3D('',#3046,#2499,#2500);
#2026=AXIS2_PLACEMENT_3D('',#3052,#2504,#2505);
#2027=AXIS2_PLACEMENT_3D('',#3053,#2506,#2507);
#2028=AXIS2_PLACEMENT_3D('',#3056,#2509,#2510);
#2029=AXIS2_PLACEMENT_3D('',#3060,#2512,#2513);
#2030=AXIS2_PLACEMENT_3D('',#3061,#2514,#2515);
#2031=AXIS2_PLACEMENT_3D('',#3062,#2516,#2517);
#2032=AXIS2_PLACEMENT_3D('',#3068,#2521,#2522);
#2033=AXIS2_PLACEMENT_3D('',#3069,#2523,#2524);
#2034=AXIS2_PLACEMENT_3D('',#3077,#2529,#2530);
#2035=AXIS2_PLACEMENT_3D('',#3083,#2534,#2535);
#2036=AXIS2_PLACEMENT_3D('',#3085,#2537,#2538);
#2037=AXIS2_PLACEMENT_3D('',#3095,#2544,#2545);
#2038=AXIS2_PLACEMENT_3D('',#3098,#2548,#2549);
#2039=AXIS2_PLACEMENT_3D('',#3100,#2551,#2552);
#2040=AXIS2_PLACEMENT_3D('',#3101,#2553,#2554);
#2041=AXIS2_PLACEMENT_3D('',#3103,#2556,#2557);
#2042=AXIS2_PLACEMENT_3D('',#3104,#2558,#2559);
#2043=AXIS2_PLACEMENT_3D('',#3106,#2560,#2561);
#2044=AXIS2_PLACEMENT_3D('',#3107,#2562,#2563);
#2045=AXIS2_PLACEMENT_3D('',#3109,#2565,#2566);
#2046=AXIS2_PLACEMENT_3D('',#3110,#2567,#2568);
#2047=AXIS2_PLACEMENT_3D('',#3111,#2569,#2570);
#2048=AXIS2_PLACEMENT_3D('',#3113,#2571,#2572);
#2049=AXIS2_PLACEMENT_3D('',#3114,#2573,#2574);
#2050=AXIS2_PLACEMENT_3D('',#3116,#2575,#2576);
#2051=AXIS2_PLACEMENT_3D('',#3117,#2577,#2578);
#2052=AXIS2_PLACEMENT_3D('',#3119,#2579,#2580);
#2053=AXIS2_PLACEMENT_3D('',#3120,#2581,#2582);
#2054=AXIS2_PLACEMENT_3D('',#3121,#2583,#2584);
#2055=DIRECTION('',(0.,0.,1.));
#2056=DIRECTION('',(1.,0.,0.));
#2057=DIRECTION('',(0.917547185188043,0.397626914272035,1.24350831442354E-16));
#2058=DIRECTION('',(-0.397626914272035,0.917547185188043,0.));
#2059=DIRECTION('',(1.35525271560688E-16,3.29533152135701E-31,-1.));
#2060=DIRECTION('',(-0.397626914272035,0.917547185188043,-5.38884955365559E-17));
#2061=DIRECTION('',(-1.35525271560688E-16,3.28389667682967E-32,1.));
#2062=DIRECTION('',(-0.397626914272035,0.917547185188043,-3.92090409416055E-32));
#2063=DIRECTION('',(-1.35525271560688E-16,3.28389667682967E-32,1.));
#2064=DIRECTION('',(0.397626914272035,-0.917547185188043,3.92090409416055E-32));
#2065=DIRECTION('',(-1.14097755365725E-16,-4.94452373935852E-17,1.));
#2066=DIRECTION('',(0.397626914272035,-0.917547185188043,-5.10942772494753E-17));
#2067=DIRECTION('',(-1.,-2.99167370481829E-16,1.35525271560688E-16));
#2068=DIRECTION('',(-2.99167370481829E-16,1.,0.));
#2069=DIRECTION('',(-2.99167370481829E-16,1.,7.7057723583501E-33));
#2070=DIRECTION('',(1.35525271560688E-16,3.28389667682967E-32,1.));
#2071=DIRECTION('',(2.99167370481829E-16,-1.,-4.23339557331081E-45));
#2072=DIRECTION('',(1.35525271560688E-16,3.28389667682967E-32,1.));
#2073=DIRECTION('',(-0.917547185188043,0.397626914272035,1.24350831442354E-16));
#2074=DIRECTION('',(0.397626914272035,0.917547185188043,0.));
#2075=DIRECTION('',(0.397626914272035,0.917547185188043,5.38884955365559E-17));
#2076=DIRECTION('',(1.35525271560688E-16,-5.08974541630115E-32,1.));
#2077=DIRECTION('',(-0.397626914272035,-0.917547185188043,-5.10942772494753E-17));
#2078=DIRECTION('',(1.14097755365725E-16,-4.94452373935852E-17,1.));
#2079=DIRECTION('',(-0.397626914272035,-0.917547185188043,3.92090409416055E-32));
#2080=DIRECTION('',(1.35525271560688E-16,1.26129650849937E-31,1.));
#2081=DIRECTION('',(0.397626914272035,0.917547185188043,3.92090409416132E-32));
#2082=DIRECTION('',(1.02798428206033E-15,-1.,-1.90215303149356E-31));
#2083=DIRECTION('',(1.,1.02798428206033E-15,0.));
#2084=DIRECTION('',(1.02798428206033E-15,-1.,-1.90215303149356E-31));
#2085=DIRECTION('',(1.,1.02798428206033E-15,0.));
#2086=DIRECTION('',(-1.,-1.02798428206033E-15,-1.35525271560688E-16));
#2087=DIRECTION('',(1.,1.02798428206033E-15,-1.28498035257541E-16));
#2088=DIRECTION('',(1.95538341844879E-46,-1.90215303149356E-31,1.));
#2089=DIRECTION('',(0.,0.,1.));
#2090=DIRECTION('',(1.,0.,0.));
#2091=DIRECTION('',(0.,0.,1.));
#2092=DIRECTION('',(-1.35525271560688E-16,3.28389667682967E-32,1.));
#2093=DIRECTION('',(1.,0.,1.35525271560688E-16));
#2094=DIRECTION('',(1.28498035257541E-16,-5.81213426289701E-32,1.));
#2095=DIRECTION('',(1.,0.,-1.28498035257541E-16));
#2096=DIRECTION('',(0.707106781186548,7.26894656798044E-16,0.707106781186548));
#2097=DIRECTION('',(-0.707106781186548,-7.26894656798044E-16,0.707106781186548));
#2098=DIRECTION('',(1.02798428206033E-15,-1.,-1.90215303149356E-31));
#2099=DIRECTION('',(1.,1.02798428206033E-15,0.));
#2100=DIRECTION('',(1.02798428206033E-15,-1.,-1.90215303149356E-31));
#2101=DIRECTION('',(1.,1.02798428206033E-15,0.));
#2102=DIRECTION('',(-1.,-1.02798428206033E-15,-1.35525271560688E-16));
#2103=DIRECTION('',(1.95538341844879E-46,-1.90215303149356E-31,1.));
#2104=DIRECTION('',(1.,1.02798428206033E-15,-1.28498035257541E-16));
#2105=DIRECTION('',(0.,0.,1.));
#2106=DIRECTION('',(1.,0.,0.));
#2107=DIRECTION('',(-1.35525271560688E-16,3.28389667682967E-32,1.));
#2108=DIRECTION('',(1.,0.,1.35525271560688E-16));
#2109=DIRECTION('',(0.,0.,1.));
#2110=DIRECTION('',(-0.707106781186548,-7.26894656798044E-16,0.707106781186548));
#2111=DIRECTION('',(-0.707106781186548,-7.26894656798044E-16,-0.707106781186548));
#2112=DIRECTION('',(1.28498035257541E-16,-5.81213426289701E-32,1.));
#2113=DIRECTION('',(1.,0.,-1.28498035257541E-16));
#2114=DIRECTION('',(0.,0.,1.));
#2115=DIRECTION('',(1.,0.,0.));
#2116=DIRECTION('',(-1.35525271560688E-16,3.28389667682967E-32,1.));
#2117=DIRECTION('',(1.,0.,1.35525271560688E-16));
#2118=DIRECTION('',(0.,0.,1.));
#2119=DIRECTION('',(1.,0.,0.));
#2120=DIRECTION('',(-0.707106781186548,0.707106781186548,0.));
#2121=DIRECTION('',(1.2325951644079E-32,1.2325951644079E-32,1.));
#2122=DIRECTION('',(-2.46519032881566E-32,-1.4011487815067E-45,-1.));
#2123=DIRECTION('',(0.654653670707979,0.654653670707979,0.377964473009223));
#2124=DIRECTION('',(-0.707106781186548,-0.707106781186548,-6.9726111936845E-32));
#2125=DIRECTION('',(-0.707106781186548,0.707106781186548,0.));
#2126=DIRECTION('',(1.2325951644079E-32,1.2325951644079E-32,1.));
#2127=DIRECTION('',(-0.707106781186548,-0.707106781186548,-6.9726111936845E-32));
#2128=DIRECTION('',(0.654653670707976,0.654653670707976,-0.377964473009232));
#2129=DIRECTION('',(-2.46519032881552E-32,0.,-1.));
#2130=DIRECTION('',(-1.35525271560688E-16,3.28389667682967E-32,1.));
#2131=DIRECTION('',(1.,0.,1.35525271560688E-16));
#2132=DIRECTION('',(-1.35525271560688E-16,3.28389667682967E-32,1.));
#2133=DIRECTION('',(-1.,2.42308806247929E-16,-1.35525271560688E-16));
#2134=DIRECTION('',(9.86076131526265E-32,4.20389539297445E-45,-1.));
#2135=DIRECTION('',(-1.,0.,-9.86076131526265E-32));
#2136=DIRECTION('',(-1.35525271560688E-16,3.28389667682967E-32,1.));
#2137=DIRECTION('',(1.,0.,1.35525271560688E-16));
#2138=DIRECTION('',(-9.86076131526265E-32,-4.20389539297445E-45,1.));
#2139=DIRECTION('',(1.,0.,9.86076131526265E-32));
#2140=DIRECTION('',(-1.35525271560688E-16,3.28389667682967E-32,1.));
#2141=DIRECTION('',(1.,0.,1.35525271560688E-16));
#2142=DIRECTION('',(-1.35525271560688E-16,3.28389667682967E-32,1.));
#2143=DIRECTION('',(1.,0.,1.35525271560688E-16));
#2144=DIRECTION('',(-9.86076131526265E-32,-4.20389539297445E-45,1.));
#2145=DIRECTION('',(1.,0.,9.86076131526265E-32));
#2146=DIRECTION('',(-1.35525271560688E-16,3.28389667682967E-32,1.));
#2147=DIRECTION('',(1.,0.,1.35525271560688E-16));
#2148=DIRECTION('',(-1.35525271560688E-16,3.28389667682967E-32,1.));
#2149=DIRECTION('',(1.,0.,1.35525271560688E-16));
#2150=DIRECTION('',(-9.86076131526265E-32,-4.20389539297445E-45,1.));
#2151=DIRECTION('',(1.,0.,9.86076131526265E-32));
#2152=DIRECTION('',(-1.35525271560688E-16,3.28389667682967E-32,1.));
#2153=DIRECTION('',(1.,0.,1.35525271560688E-16));
#2154=DIRECTION('',(-9.86076131526265E-32,-4.20389539297445E-45,1.));
#2155=DIRECTION('',(1.,1.84889274661189E-32,9.86076131526265E-32));
#2156=DIRECTION('',(-9.86076131526265E-32,4.20389539297445E-45,-1.));
#2157=DIRECTION('',(-1.,0.,9.86076131526265E-32));
#2158=DIRECTION('',(-9.86076131526265E-32,-4.20389539297445E-45,1.));
#2159=DIRECTION('',(1.,0.,9.86076131526265E-32));
#2160=DIRECTION('',(-1.,-4.95611196773694E-16,-9.86076131526265E-32));
#2161=DIRECTION('',(0.707106781186549,-0.707106781186546,-6.97261119368452E-32));
#2162=DIRECTION('',(1.,3.44181874743062E-16,9.86076131526265E-32));
#2163=DIRECTION('',(-2.99167370481829E-16,-1.,-4.23339557331081E-45));
#2164=DIRECTION('',(-0.707106781186549,-0.707106781186546,-6.97261119368452E-32));
#2165=DIRECTION('',(0.258819045102519,-0.965925826289069,2.55215282759973E-32));
#2166=DIRECTION('',(0.965925826289068,-0.258819045102524,9.52476402128424E-32));
#2167=DIRECTION('',(0.707106781186549,0.707106781186546,6.97261119368451E-32));
#2168=DIRECTION('',(-0.258819045102519,0.965925826289069,-2.55215282759972E-32));
#2169=DIRECTION('',(-0.965925826289068,0.258819045102524,-9.52476402128424E-32));
#2170=DIRECTION('',(-0.70710678118655,-0.707106781186545,-6.97261119368452E-32));
#2171=DIRECTION('',(-0.258819045102519,-0.965925826289069,2.55215282759973E-32));
#2172=DIRECTION('',(0.70710678118655,-0.707106781186545,-6.97261119368452E-32));
#2173=DIRECTION('',(0.965925826289068,0.258819045102524,-9.52476402128424E-32));
#2174=DIRECTION('',(0.258819045102519,0.965925826289069,-2.55215282759972E-32));
#2175=DIRECTION('',(-0.707106781186549,0.707106781186546,6.97261119368451E-32));
#2176=DIRECTION('',(-0.965925826289068,-0.258819045102524,9.52476402128424E-32));
#2177=DIRECTION('',(-9.86076131526265E-32,4.20389539297445E-45,-1.));
#2178=DIRECTION('',(-1.,0.,9.86076131526265E-32));
#2179=DIRECTION('',(-9.86076131526265E-32,4.20389539297445E-45,-1.));
#2180=DIRECTION('',(-1.,0.,9.86076131526265E-32));
#2181=DIRECTION('',(-9.86076131526265E-32,4.20389539297445E-45,-1.));
#2182=DIRECTION('',(-1.,0.,9.86076131526265E-32));
#2183=DIRECTION('',(1.,-2.99167370481829E-16,1.35525271560688E-16));
#2184=DIRECTION('',(2.99167370481829E-16,1.,0.));
#2185=DIRECTION('',(2.99167370481829E-16,1.,7.7057723583501E-33));
#2186=DIRECTION('',(-1.35525271560688E-16,3.28389667682967E-32,1.));
#2187=DIRECTION('',(1.35525271560688E-16,-3.28389667682967E-32,-1.));
#2188=DIRECTION('',(1.,4.45050988904582E-48,1.35525271560688E-16));
#2189=DIRECTION('',(-0.707106781186549,0.707106781186546,9.58308385427111E-17));
#2190=DIRECTION('',(1.,4.95611196773694E-16,1.35525271560688E-16));
#2191=DIRECTION('',(0.707106781186549,0.707106781186546,9.58308385427111E-17));
#2192=DIRECTION('',(-1.35525271560688E-16,3.28389667682967E-32,1.));
#2193=DIRECTION('',(1.,0.,1.35525271560688E-16));
#2194=DIRECTION('',(-1.35525271560688E-16,-3.28389667682967E-32,-1.));
#2195=DIRECTION('',(-1.,0.,1.35525271560688E-16));
#2196=DIRECTION('',(-1.35525271560688E-16,3.28389667682967E-32,1.));
#2197=DIRECTION('',(1.,0.,1.35525271560688E-16));
#2198=DIRECTION('',(-1.35525271560688E-16,3.28389667682967E-32,1.));
#2199=DIRECTION('',(1.,0.,1.35525271560688E-16));
#2200=DIRECTION('',(-1.35525271560688E-16,3.28389667682967E-32,1.));
#2201=DIRECTION('',(1.,0.,1.35525271560688E-16));
#2202=DIRECTION('',(-1.35525271560688E-16,-3.28389667682967E-32,-1.));
#2203=DIRECTION('',(-1.,0.,1.35525271560688E-16));
#2204=DIRECTION('',(-1.35525271560688E-16,-3.28389667682967E-32,-1.));
#2205=DIRECTION('',(-1.,0.,1.35525271560688E-16));
#2206=DIRECTION('',(-1.35525271560688E-16,-3.28389667682967E-32,-1.));
#2207=DIRECTION('',(-1.,0.,1.35525271560688E-16));
#2208=DIRECTION('',(-1.35525271560688E-16,-3.28389667682967E-32,-1.));
#2209=DIRECTION('',(1.,2.42308806247929E-16,-1.35525271560688E-16));
#2210=DIRECTION('',(-1.35525271560688E-16,3.28389667682967E-32,1.));
#2211=DIRECTION('',(1.,0.,1.35525271560688E-16));
#2212=DIRECTION('',(-1.35525271560688E-16,3.28389667682967E-32,1.));
#2213=DIRECTION('',(1.,0.,1.35525271560688E-16));
#2214=DIRECTION('',(-1.35525271560688E-16,3.28389667682967E-32,1.));
#2215=DIRECTION('',(1.,0.,1.35525271560688E-16));
#2216=DIRECTION('',(0.707106781186546,-0.707106781186549,9.58308385427106E-17));
#2217=DIRECTION('',(0.707106781186549,0.707106781186546,0.));
#2218=DIRECTION('',(-1.35525271560688E-16,3.28389667682967E-32,1.));
#2219=DIRECTION('',(4.95611196773694E-16,-1.,1.00006808799569E-31));
#2220=DIRECTION('',(1.,4.95611196773694E-16,0.));
#2221=DIRECTION('',(1.35525271560688E-16,3.28389667682967E-32,1.));
#2222=DIRECTION('',(-1.35525271560688E-16,3.28389667682967E-32,1.));
#2223=DIRECTION('',(1.,4.45050988904582E-48,1.35525271560688E-16));
#2224=DIRECTION('',(-1.35525271560688E-16,3.28389667682967E-32,1.));
#2225=DIRECTION('',(1.,0.,1.35525271560688E-16));
#2226=DIRECTION('',(-1.35525271560688E-16,3.28389667682967E-32,1.));
#2227=DIRECTION('',(1.,0.,1.35525271560688E-16));
#2228=DIRECTION('',(-1.35525271560688E-16,3.28389667682967E-32,1.));
#2229=DIRECTION('',(1.,4.45050988904582E-48,1.35525271560688E-16));
#2230=DIRECTION('',(-1.35525271560688E-16,3.28389667682967E-32,1.));
#2231=DIRECTION('',(1.,0.,1.35525271560688E-16));
#2232=DIRECTION('',(-1.35525271560688E-16,3.28389667682967E-32,1.));
#2233=DIRECTION('',(1.,0.,1.35525271560688E-16));
#2234=DIRECTION('',(-1.35525271560688E-16,3.28389667682967E-32,1.));
#2235=DIRECTION('',(1.,4.45050988904582E-48,1.35525271560688E-16));
#2236=DIRECTION('',(-1.35525271560688E-16,3.28389667682967E-32,1.));
#2237=DIRECTION('',(1.,0.,1.35525271560688E-16));
#2238=DIRECTION('',(-1.35525271560688E-16,3.28389667682967E-32,1.));
#2239=DIRECTION('',(1.,0.,1.35525271560688E-16));
#2240=DIRECTION('',(-0.258819045102524,-0.965925826289067,-2.5521528276006E-32));
#2241=DIRECTION('',(0.965925826289068,-0.258819045102524,0.));
#2242=DIRECTION('',(9.86076131526265E-32,4.20389539297445E-45,-1.));
#2243=DIRECTION('',(-0.965925826289068,0.258819045102524,-9.52476402128424E-32));
#2244=DIRECTION('',(9.86076131526265E-32,4.20389539297445E-45,-1.));
#2245=DIRECTION('',(-0.965925826289069,-0.258819045102519,-9.52476402128447E-32));
#2246=DIRECTION('',(0.258819045102519,-0.965925826289069,0.));
#2247=DIRECTION('',(9.86076131526265E-32,4.20389539297445E-45,-1.));
#2248=DIRECTION('',(-0.258819045102519,0.965925826289069,-2.55215282759973E-32));
#2249=DIRECTION('',(-0.707106781186545,0.70710678118655,-6.97261119368388E-32));
#2250=DIRECTION('',(-0.70710678118655,-0.707106781186545,0.));
#2251=DIRECTION('',(9.86076131526265E-32,4.20389539297445E-45,-1.));
#2252=DIRECTION('',(0.70710678118655,0.707106781186545,6.97261119368452E-32));
#2253=DIRECTION('',(0.258819045102524,0.965925826289068,2.55215282760059E-32));
#2254=DIRECTION('',(-0.965925826289068,0.258819045102524,0.));
#2255=DIRECTION('',(9.86076131526265E-32,4.20389539297445E-45,-1.));
#2256=DIRECTION('',(0.965925826289068,-0.258819045102524,9.52476402128424E-32));
#2257=DIRECTION('',(0.965925826289069,0.258819045102519,9.52476402128447E-32));
#2258=DIRECTION('',(-0.258819045102519,0.965925826289069,0.));
#2259=DIRECTION('',(9.86076131526265E-32,4.20389539297445E-45,-1.));
#2260=DIRECTION('',(0.258819045102519,-0.965925826289069,2.55215282759972E-32));
#2261=DIRECTION('',(0.707106781186546,-0.707106781186549,6.97261119368389E-32));
#2262=DIRECTION('',(0.707106781186549,0.707106781186546,0.));
#2263=DIRECTION('',(-0.707106781186549,-0.707106781186546,-6.97261119368451E-32));
#2264=DIRECTION('',(9.86076131526265E-32,4.20389539297445E-45,-1.));
#2265=DIRECTION('',(1.,-4.14536090644533E-76,9.86076131526265E-32));
#2266=DIRECTION('',(-1.35525271560688E-16,3.28389667682967E-32,1.));
#2267=DIRECTION('',(1.,0.,1.35525271560688E-16));
#2268=DIRECTION('',(-1.35525271560688E-16,3.28389667682967E-32,1.));
#2269=DIRECTION('',(-1.35525271560688E-16,3.28389667682967E-32,1.));
#2270=DIRECTION('',(-3.44181874743062E-16,1.,-7.9484308809117E-32));
#2271=DIRECTION('',(-1.,-3.44181874743062E-16,0.));
#2272=DIRECTION('',(-1.,-3.44181874743062E-16,9.86076131526265E-32));
#2273=DIRECTION('',(-2.4651903288158E-32,5.47382212626912E-48,1.));
#2274=DIRECTION('',(-1.,-3.44181874743062E-16,1.28498035257541E-16));
#2275=DIRECTION('',(2.4651903288158E-32,5.47382212626912E-48,1.));
#2276=DIRECTION('',(1.,3.44181874743062E-16,9.86076131526265E-32));
#2277=DIRECTION('',(1.28498035257541E-16,-5.81213426289701E-32,1.));
#2278=DIRECTION('',(1.,0.,-1.28498035257541E-16));
#2279=DIRECTION('',(-1.,-1.02798428206033E-15,0.));
#2280=DIRECTION('',(1.28498035257541E-16,-5.81213426289701E-32,1.));
#2281=DIRECTION('',(1.,0.,-1.28498035257541E-16));
#2282=DIRECTION('',(1.28498035257541E-16,-5.81213426289701E-32,1.));
#2283=DIRECTION('',(1.,0.,-1.28498035257541E-16));
#2284=DIRECTION('',(-0.707106781186548,-0.707106781186548,9.08618320997555E-17));
#2285=DIRECTION('',(1.28498035257541E-16,-5.81213426289701E-32,1.));
#2286=DIRECTION('',(1.,0.,-1.28498035257541E-16));
#2287=DIRECTION('',(0.,-1.,-5.81213426289701E-32));
#2288=DIRECTION('',(1.28498035257541E-16,-5.81213426289701E-32,1.));
#2289=DIRECTION('',(1.,0.,-1.28498035257541E-16));
#2290=DIRECTION('',(0.707106781186548,-0.707106781186548,-9.08618320997555E-17));
#2291=DIRECTION('',(1.28498035257541E-16,-5.81213426289701E-32,1.));
#2292=DIRECTION('',(1.,0.,-1.28498035257541E-16));
#2293=DIRECTION('',(1.28498035257541E-16,5.81213426289701E-32,-1.));
#2294=DIRECTION('',(-1.,0.,-1.28498035257541E-16));
#2295=DIRECTION('',(-0.707106781186548,-0.707106781186548,-9.08618320997555E-17));
#2296=DIRECTION('',(1.28498035257541E-16,5.81213426289701E-32,-1.));
#2297=DIRECTION('',(-1.,0.,-1.28498035257541E-16));
#2298=DIRECTION('',(0.,-1.,-5.81213426289701E-32));
#2299=DIRECTION('',(1.28498035257541E-16,5.81213426289701E-32,-1.));
#2300=DIRECTION('',(-1.,0.,-1.28498035257541E-16));
#2301=DIRECTION('',(0.707106781186548,-0.707106781186548,9.08618320997555E-17));
#2302=DIRECTION('',(1.28498035257541E-16,5.81213426289701E-32,-1.));
#2303=DIRECTION('',(-1.,0.,-1.28498035257541E-16));
#2304=DIRECTION('',(1.28498035257541E-16,5.81213426289701E-32,-1.));
#2305=DIRECTION('',(-1.,0.,-1.28498035257541E-16));
#2306=DIRECTION('',(-0.707106781186548,-0.707106781186548,0.));
#2307=DIRECTION('',(1.23259516440776E-32,-1.23259516440776E-32,1.));
#2308=DIRECTION('',(-2.46519032881566E-32,-1.4011487815067E-45,-1.));
#2309=DIRECTION('',(0.707106781186548,-0.707106781186548,6.9726111936839E-32));
#2310=DIRECTION('',(2.4651903288158E-32,5.47382212626912E-48,1.));
#2311=DIRECTION('',(-2.46519032881566E-32,-1.4011487815067E-45,-1.));
#2312=DIRECTION('',(-0.923879532511288,-0.382683432365086,0.));
#2313=DIRECTION('',(-2.46519032881566E-32,-1.4011487815067E-45,-1.));
#2314=DIRECTION('',(-9.86076131526265E-32,-4.20389539297445E-45,1.));
#2315=DIRECTION('',(1.,0.,9.86076131526265E-32));
#2316=DIRECTION('',(2.4651903288158E-32,5.47382212626912E-48,1.));
#2317=DIRECTION('',(-0.382683432365089,-0.923879532511287,0.));
#2318=DIRECTION('',(-9.86076131526265E-32,-4.20389539297445E-45,1.));
#2319=DIRECTION('',(1.,0.,9.86076131526265E-32));
#2320=DIRECTION('',(-1.,0.,0.));
#2321=DIRECTION('',(0.,-1.,1.41224610857735E-45));
#2322=DIRECTION('',(-2.46519032881566E-32,-1.4011487815067E-45,-1.));
#2323=DIRECTION('',(0.,-1.,-4.20389539297445E-45));
#2324=DIRECTION('',(-2.46519032881566E-32,-1.4011487815067E-45,-1.));
#2325=DIRECTION('',(-0.923879532511289,0.382683432365084,0.));
#2326=DIRECTION('',(-2.46519032881566E-32,-1.4011487815067E-45,-1.));
#2327=DIRECTION('',(-0.499999999999994,-5.13992141030159E-16,0.866025403784442));
#2328=DIRECTION('',(-0.866025403784442,-8.90260502955357E-16,-0.499999999999994));
#2329=DIRECTION('',(-9.86076131526265E-32,-4.20389539297445E-45,1.));
#2330=DIRECTION('',(1.,0.,9.86076131526265E-32));
#2331=DIRECTION('',(-2.46519032881566E-32,-1.4011487815067E-45,-1.));
#2332=DIRECTION('',(-0.5,-5.1399214103017E-16,-0.866025403784436));
#2333=DIRECTION('',(0.866025403784436,8.9026050295535E-16,-0.5));
#2334=DIRECTION('',(-0.707106781186548,0.707106781186548,0.));
#2335=DIRECTION('',(1.2325951644079E-32,1.2325951644079E-32,1.));
#2336=DIRECTION('',(-2.46519032881552E-32,0.,-1.));
#2337=DIRECTION('',(-0.654653670707978,-0.654653670707978,-0.377964473009223));
#2338=DIRECTION('',(-0.654653670707976,-0.654653670707976,0.377964473009232));
#2339=DIRECTION('',(-2.46519032881552E-32,0.,-1.));
#2340=DIRECTION('',(-0.38268343236509,0.923879532511287,0.));
#2341=DIRECTION('',(0.5,5.1399214103017E-16,0.866025403784436));
#2342=DIRECTION('',(0.866025403784436,8.9026050295535E-16,-0.5));
#2343=DIRECTION('',(-2.46519032881552E-32,0.,-1.));
#2344=DIRECTION('',(0.499999999999994,5.13992141030159E-16,-0.866025403784442));
#2345=DIRECTION('',(-0.866025403784442,-8.90260502955357E-16,-0.499999999999994));
#2346=DIRECTION('',(-2.46519032881552E-32,0.,-1.));
#2347=DIRECTION('',(-9.86076131526265E-32,-4.20389539297445E-45,1.));
#2348=DIRECTION('',(1.,0.,9.86076131526265E-32));
#2349=DIRECTION('',(-9.86076131526265E-32,-4.20389539297445E-45,1.));
#2350=DIRECTION('',(1.,1.84889274661189E-32,9.86076131526265E-32));
#2351=DIRECTION('',(1.02798428206033E-15,-1.,-1.02563207914049E-45));
#2352=DIRECTION('',(-1.,-1.02798428206033E-15,-9.86076131526265E-32));
#2353=DIRECTION('',(-1.02798428206033E-15,1.,1.02563207914054E-45));
#2354=DIRECTION('',(-9.86076131526265E-32,-4.20389539297445E-45,1.));
#2355=DIRECTION('',(1.,0.,9.86076131526265E-32));
#2356=DIRECTION('',(-2.46519032881552E-32,0.,-1.));
#2357=DIRECTION('',(-1.,0.,2.46519032881552E-32));
#2358=DIRECTION('',(-0.5,-5.1399214103017E-16,-0.866025403784436));
#2359=DIRECTION('',(-0.866025403784436,0.,0.5));
#2360=DIRECTION('',(-1.02798428206033E-15,1.,1.90215303149356E-31));
#2361=DIRECTION('',(-0.866025403784436,-8.90260502955351E-16,0.5));
#2362=DIRECTION('',(-1.02798428206033E-15,1.,1.90215303149356E-31));
#2363=DIRECTION('',(-0.866025403784436,-8.90260502955351E-16,0.5));
#2364=DIRECTION('',(1.,1.02798428206033E-15,-5.90195020932454E-15));
#2365=DIRECTION('',(-5.90195020932454E-15,0.,-1.));
#2366=DIRECTION('',(-1.02798428206033E-15,1.,1.90215303149356E-31));
#2367=DIRECTION('',(-5.90195020932454E-15,-5.87689674553895E-30,-1.));
#2368=DIRECTION('',(-1.02798428206033E-15,1.,1.90215303149356E-31));
#2369=DIRECTION('',(0.499999999999994,5.13992141030159E-16,-0.866025403784442));
#2370=DIRECTION('',(-0.866025403784442,0.,-0.499999999999994));
#2371=DIRECTION('',(-0.866025403784442,-8.90260502955357E-16,-0.499999999999994));
#2372=DIRECTION('',(-0.499999999999994,-5.13992141030159E-16,0.866025403784442));
#2373=DIRECTION('',(0.866025403784442,0.,0.499999999999994));
#2374=DIRECTION('',(0.866025403784442,8.90260502955357E-16,0.499999999999994));
#2375=DIRECTION('',(-1.02798428206033E-15,1.,1.90215303149356E-31));
#2376=DIRECTION('',(0.866025403784442,8.90260502955357E-16,0.499999999999994));
#2377=DIRECTION('',(-1.02798428206033E-15,1.,1.90215303149356E-31));
#2378=DIRECTION('',(0.866025403784442,8.90260502955357E-16,0.499999999999994));
#2379=DIRECTION('',(0.5,5.1399214103017E-16,0.866025403784436));
#2380=DIRECTION('',(0.866025403784436,0.,-0.5));
#2381=DIRECTION('',(0.866025403784436,8.90260502955351E-16,-0.5));
#2382=DIRECTION('',(0.866025403784436,8.90260502955351E-16,-0.5));
#2383=DIRECTION('',(-1.02798428206033E-15,1.,1.90215303149356E-31));
#2384=DIRECTION('',(-1.,-1.02798428206033E-15,-1.95538341844879E-46));
#2385=DIRECTION('',(6.70676160150518E-15,6.70423020672373E-30,1.));
#2386=DIRECTION('',(-1.02798428206033E-15,1.,1.90215303149356E-31));
#2387=DIRECTION('',(-1.,-1.02798428206033E-15,-1.95538341844879E-46));
#2388=DIRECTION('',(-1.,-1.02798428206033E-15,6.70676160150518E-15));
#2389=DIRECTION('',(6.70676160150518E-15,0.,1.));
#2390=DIRECTION('',(6.70676160150518E-15,6.70423020672373E-30,1.));
#2391=DIRECTION('',(-1.02798428206033E-15,1.,1.90215303149356E-31));
#2392=DIRECTION('',(-1.,-1.02798428206033E-15,-1.95538341844879E-46));
#2393=DIRECTION('',(-1.02798428206033E-15,1.,1.90215303149356E-31));
#2394=DIRECTION('',(-1.,-1.02798428206033E-15,0.));
#2395=DIRECTION('',(-1.02798428206033E-15,1.,1.90215303149356E-31));
#2396=DIRECTION('',(-1.,-1.02798428206033E-15,0.));
#2397=DIRECTION('',(0.707106781186548,0.707106781186548,0.));
#2398=DIRECTION('',(-1.2325951644079E-32,1.2325951644079E-32,1.));
#2399=DIRECTION('',(2.46519032881566E-32,-1.4011487815067E-45,-1.));
#2400=DIRECTION('',(0.707106781186548,-0.707106781186548,-6.9726111936845E-32));
#2401=DIRECTION('',(-0.654653670707979,0.654653670707979,0.377964473009223));
#2402=DIRECTION('',(0.707106781186548,0.707106781186548,0.));
#2403=DIRECTION('',(-1.2325951644079E-32,1.2325951644079E-32,1.));
#2404=DIRECTION('',(0.707106781186548,-0.707106781186548,-6.9726111936845E-32));
#2405=DIRECTION('',(2.46519032881552E-32,0.,-1.));
#2406=DIRECTION('',(-0.654653670707976,0.654653670707976,-0.377964473009232));
#2407=DIRECTION('',(1.35525271560688E-16,3.28389667682967E-32,1.));
#2408=DIRECTION('',(-1.,0.,1.35525271560688E-16));
#2409=DIRECTION('',(9.86076131526265E-32,-4.20389539297445E-45,1.));
#2410=DIRECTION('',(1.,0.,-9.86076131526265E-32));
#2411=DIRECTION('',(1.35525271560688E-16,3.28389667682967E-32,1.));
#2412=DIRECTION('',(-1.,0.,1.35525271560688E-16));
#2413=DIRECTION('',(-1.35525271560688E-16,-3.28389667682967E-32,-1.));
#2414=DIRECTION('',(-1.,0.,1.35525271560688E-16));
#2415=DIRECTION('',(1.35525271560688E-16,3.28389667682967E-32,1.));
#2416=DIRECTION('',(-1.,0.,1.35525271560688E-16));
#2417=DIRECTION('',(-1.35525271560688E-16,-3.28389667682967E-32,-1.));
#2418=DIRECTION('',(-1.,0.,1.35525271560688E-16));
#2419=DIRECTION('',(1.35525271560688E-16,3.28389667682967E-32,1.));
#2420=DIRECTION('',(-1.,0.,1.35525271560688E-16));
#2421=DIRECTION('',(-1.35525271560688E-16,-3.28389667682967E-32,-1.));
#2422=DIRECTION('',(-1.,0.,1.35525271560688E-16));
#2423=DIRECTION('',(-0.707106781186546,-0.707106781186549,9.58308385427106E-17));
#2424=DIRECTION('',(-0.707106781186549,0.707106781186546,0.));
#2425=DIRECTION('',(1.35525271560688E-16,3.28389667682967E-32,1.));
#2426=DIRECTION('',(-1.,4.45050988904582E-48,1.35525271560688E-16));
#2427=DIRECTION('',(-1.35525271560688E-16,-3.28389667682967E-32,-1.));
#2428=DIRECTION('',(-1.,0.,1.35525271560688E-16));
#2429=DIRECTION('',(1.35525271560688E-16,3.28389667682967E-32,1.));
#2430=DIRECTION('',(-1.,0.,1.35525271560688E-16));
#2431=DIRECTION('',(1.35525271560688E-16,3.28389667682967E-32,1.));
#2432=DIRECTION('',(-1.,4.45050988904582E-48,1.35525271560688E-16));
#2433=DIRECTION('',(-1.35525271560688E-16,-3.28389667682967E-32,-1.));
#2434=DIRECTION('',(-1.,0.,1.35525271560688E-16));
#2435=DIRECTION('',(1.35525271560688E-16,3.28389667682967E-32,1.));
#2436=DIRECTION('',(-1.,0.,1.35525271560688E-16));
#2437=DIRECTION('',(1.35525271560688E-16,3.28389667682967E-32,1.));
#2438=DIRECTION('',(-1.,4.45050988904582E-48,1.35525271560688E-16));
#2439=DIRECTION('',(-1.35525271560688E-16,-3.28389667682967E-32,-1.));
#2440=DIRECTION('',(-1.,0.,1.35525271560688E-16));
#2441=DIRECTION('',(1.35525271560688E-16,3.28389667682967E-32,1.));
#2442=DIRECTION('',(-1.,0.,1.35525271560688E-16));
#2443=DIRECTION('',(0.258819045102524,-0.965925826289067,-2.5521528276006E-32));
#2444=DIRECTION('',(-0.965925826289068,-0.258819045102524,0.));
#2445=DIRECTION('',(-9.86076131526265E-32,4.20389539297445E-45,-1.));
#2446=DIRECTION('',(-9.86076131526265E-32,4.20389539297445E-45,-1.));
#2447=DIRECTION('',(0.965925826289068,0.258819045102524,-9.52476402128424E-32));
#2448=DIRECTION('',(0.965925826289069,-0.258819045102519,-9.52476402128447E-32));
#2449=DIRECTION('',(-0.258819045102519,-0.965925826289069,0.));
#2450=DIRECTION('',(-9.86076131526265E-32,4.20389539297445E-45,-1.));
#2451=DIRECTION('',(0.258819045102519,0.965925826289069,-2.55215282759973E-32));
#2452=DIRECTION('',(0.707106781186545,0.70710678118655,-6.97261119368388E-32));
#2453=DIRECTION('',(0.70710678118655,-0.707106781186545,0.));
#2454=DIRECTION('',(-9.86076131526265E-32,4.20389539297445E-45,-1.));
#2455=DIRECTION('',(-0.70710678118655,0.707106781186545,6.97261119368452E-32));
#2456=DIRECTION('',(-0.258819045102524,0.965925826289068,2.55215282760059E-32));
#2457=DIRECTION('',(0.965925826289068,0.258819045102524,0.));
#2458=DIRECTION('',(-9.86076131526265E-32,4.20389539297445E-45,-1.));
#2459=DIRECTION('',(-0.965925826289068,-0.258819045102524,9.52476402128424E-32));
#2460=DIRECTION('',(-0.965925826289069,0.258819045102519,9.52476402128447E-32));
#2461=DIRECTION('',(0.258819045102519,0.965925826289069,0.));
#2462=DIRECTION('',(-9.86076131526265E-32,4.20389539297445E-45,-1.));
#2463=DIRECTION('',(-0.258819045102519,-0.965925826289069,2.55215282759972E-32));
#2464=DIRECTION('',(-0.707106781186546,-0.707106781186549,6.97261119368389E-32));
#2465=DIRECTION('',(-0.707106781186549,0.707106781186546,0.));
#2466=DIRECTION('',(0.707106781186549,-0.707106781186546,-6.97261119368451E-32));
#2467=DIRECTION('',(-9.86076131526265E-32,4.20389539297445E-45,-1.));
#2468=DIRECTION('',(-1.,-4.14536090644533E-76,9.86076131526265E-32));
#2469=DIRECTION('',(1.35525271560688E-16,3.28389667682967E-32,1.));
#2470=DIRECTION('',(-1.,0.,1.35525271560688E-16));
#2471=DIRECTION('',(0.707106781186548,-0.707106781186548,0.));
#2472=DIRECTION('',(-1.23259516440776E-32,-1.23259516440776E-32,1.));
#2473=DIRECTION('',(2.46519032881566E-32,-1.4011487815067E-45,-1.));
#2474=DIRECTION('',(-2.4651903288158E-32,5.47382212626912E-48,1.));
#2475=DIRECTION('',(-0.707106781186548,-0.707106781186548,6.9726111936839E-32));
#2476=DIRECTION('',(2.46519032881566E-32,-1.4011487815067E-45,-1.));
#2477=DIRECTION('',(0.923879532511288,-0.382683432365086,0.));
#2478=DIRECTION('',(2.46519032881566E-32,-1.4011487815067E-45,-1.));
#2479=DIRECTION('',(-9.86076131526265E-32,4.20389539297445E-45,-1.));
#2480=DIRECTION('',(-1.,0.,9.86076131526265E-32));
#2481=DIRECTION('',(-2.4651903288158E-32,5.47382212626912E-48,1.));
#2482=DIRECTION('',(0.382683432365089,-0.923879532511287,0.));
#2483=DIRECTION('',(-9.86076131526265E-32,4.20389539297445E-45,-1.));
#2484=DIRECTION('',(-1.,0.,9.86076131526265E-32));
#2485=DIRECTION('',(1.,0.,0.));
#2486=DIRECTION('',(0.,-1.,1.41224610857735E-45));
#2487=DIRECTION('',(2.46519032881566E-32,-1.4011487815067E-45,-1.));
#2488=DIRECTION('',(0.,-1.,-4.20389539297445E-45));
#2489=DIRECTION('',(2.46519032881566E-32,-1.4011487815067E-45,-1.));
#2490=DIRECTION('',(0.923879532511289,0.382683432365084,0.));
#2491=DIRECTION('',(2.46519032881566E-32,-1.4011487815067E-45,-1.));
#2492=DIRECTION('',(-0.5,5.1399214103017E-16,0.866025403784436));
#2493=DIRECTION('',(-0.866025403784436,8.9026050295535E-16,-0.5));
#2494=DIRECTION('',(2.46519032881566E-32,-1.4011487815067E-45,-1.));
#2495=DIRECTION('',(-9.86076131526265E-32,4.20389539297445E-45,-1.));
#2496=DIRECTION('',(-1.,0.,9.86076131526265E-32));
#2497=DIRECTION('',(-0.499999999999994,5.13992141030159E-16,-0.866025403784442));
#2498=DIRECTION('',(0.866025403784442,-8.90260502955357E-16,-0.499999999999994));
#2499=DIRECTION('',(0.707106781186548,0.707106781186548,0.));
#2500=DIRECTION('',(-1.2325951644079E-32,1.2325951644079E-32,1.));
#2501=DIRECTION('',(2.46519032881552E-32,0.,-1.));
#2502=DIRECTION('',(0.654653670707976,-0.654653670707976,0.377964473009232));
#2503=DIRECTION('',(0.654653670707978,-0.654653670707978,-0.377964473009223));
#2504=DIRECTION('',(2.46519032881552E-32,0.,-1.));
#2505=DIRECTION('',(0.38268343236509,0.923879532511287,0.));
#2506=DIRECTION('',(-9.86076131526265E-32,4.20389539297445E-45,-1.));
#2507=DIRECTION('',(-1.,0.,9.86076131526265E-32));
#2508=DIRECTION('',(2.46519032881552E-32,0.,-1.));
#2509=DIRECTION('',(0.499999999999994,-5.13992141030159E-16,0.866025403784442));
#2510=DIRECTION('',(0.866025403784442,-8.90260502955357E-16,-0.499999999999994));
#2511=DIRECTION('',(2.46519032881552E-32,0.,-1.));
#2512=DIRECTION('',(0.5,-5.1399214103017E-16,-0.866025403784436));
#2513=DIRECTION('',(-0.866025403784436,8.9026050295535E-16,-0.5));
#2514=DIRECTION('',(9.86076131526265E-32,-4.20389539297445E-45,1.));
#2515=DIRECTION('',(-1.,1.84889274661189E-32,9.86076131526265E-32));
#2516=DIRECTION('',(-9.86076131526265E-32,4.20389539297445E-45,-1.));
#2517=DIRECTION('',(-1.,0.,9.86076131526265E-32));
#2518=DIRECTION('',(1.02798428206033E-15,1.,1.02563207914054E-45));
#2519=DIRECTION('',(1.,-1.02798428206033E-15,-9.86076131526265E-32));
#2520=DIRECTION('',(-1.02798428206033E-15,-1.,-1.02563207914049E-45));
#2521=DIRECTION('',(2.46519032881552E-32,0.,-1.));
#2522=DIRECTION('',(1.,0.,2.46519032881552E-32));
#2523=DIRECTION('',(0.5,-5.1399214103017E-16,-0.866025403784436));
#2524=DIRECTION('',(0.866025403784436,0.,0.5));
#2525=DIRECTION('',(0.866025403784436,-8.90260502955351E-16,0.5));
#2526=DIRECTION('',(1.02798428206033E-15,1.,1.90215303149356E-31));
#2527=DIRECTION('',(0.866025403784436,-8.90260502955351E-16,0.5));
#2528=DIRECTION('',(1.02798428206033E-15,1.,1.90215303149356E-31));
#2529=DIRECTION('',(-1.,1.02798428206033E-15,-5.90195020932454E-15));
#2530=DIRECTION('',(5.90195020932454E-15,0.,-1.));
#2531=DIRECTION('',(1.02798428206033E-15,1.,1.90215303149356E-31));
#2532=DIRECTION('',(1.02798428206033E-15,1.,1.90215303149356E-31));
#2533=DIRECTION('',(5.90195020932454E-15,-5.87689674553895E-30,-1.));
#2534=DIRECTION('',(-0.499999999999994,5.13992141030159E-16,-0.866025403784442));
#2535=DIRECTION('',(0.866025403784442,0.,-0.499999999999994));
#2536=DIRECTION('',(0.866025403784442,-8.90260502955357E-16,-0.499999999999994));
#2537=DIRECTION('',(0.499999999999994,-5.13992141030159E-16,0.866025403784442));
#2538=DIRECTION('',(-0.866025403784442,0.,0.499999999999994));
#2539=DIRECTION('',(-0.866025403784442,8.90260502955357E-16,0.499999999999994));
#2540=DIRECTION('',(-0.866025403784442,8.90260502955357E-16,0.499999999999994));
#2541=DIRECTION('',(1.02798428206033E-15,1.,1.90215303149356E-31));
#2542=DIRECTION('',(-0.866025403784442,8.90260502955357E-16,0.499999999999994));
#2543=DIRECTION('',(1.02798428206033E-15,1.,1.90215303149356E-31));
#2544=DIRECTION('',(-0.5,5.1399214103017E-16,0.866025403784436));
#2545=DIRECTION('',(-0.866025403784436,0.,-0.5));
#2546=DIRECTION('',(-0.866025403784436,8.90260502955351E-16,-0.5));
#2547=DIRECTION('',(-0.866025403784436,8.90260502955351E-16,-0.5));
#2548=DIRECTION('',(1.02798428206033E-15,1.,1.90215303149356E-31));
#2549=DIRECTION('',(1.,-1.02798428206033E-15,-1.95538341844879E-46));
#2550=DIRECTION('',(-6.70676160150518E-15,6.70423020672373E-30,1.));
#2551=DIRECTION('',(1.02798428206033E-15,1.,1.90215303149356E-31));
#2552=DIRECTION('',(1.,-1.02798428206033E-15,-1.95538341844879E-46));
#2553=DIRECTION('',(1.,-1.02798428206033E-15,6.70676160150518E-15));
#2554=DIRECTION('',(-6.70676160150518E-15,0.,1.));
#2555=DIRECTION('',(-6.70676160150518E-15,6.70423020672373E-30,1.));
#2556=DIRECTION('',(1.02798428206033E-15,1.,1.90215303149356E-31));
#2557=DIRECTION('',(1.,-1.02798428206033E-15,-1.95538341844879E-46));
#2558=DIRECTION('',(-1.02798428206033E-15,-1.,-1.90215303149356E-31));
#2559=DIRECTION('',(1.,-1.02798428206033E-15,0.));
#2560=DIRECTION('',(1.02798428206033E-15,1.,1.90215303149356E-31));
#2561=DIRECTION('',(1.,-1.02798428206033E-15,0.));
#2562=DIRECTION('',(0.,0.,1.));
#2563=DIRECTION('',(1.,0.,0.));
#2564=DIRECTION('',(1.,0.,0.));
#2565=DIRECTION('',(-1.,-1.02798428206033E-15,0.));
#2566=DIRECTION('',(1.02798428206033E-15,-1.,0.));
#2567=DIRECTION('',(2.56996070515082E-16,7.39726178914165E-32,1.));
#2568=DIRECTION('',(1.,0.,-2.56996070515082E-16));
#2569=DIRECTION('',(2.56996070515082E-16,7.39726178914165E-32,1.));
#2570=DIRECTION('',(1.,0.,-2.56996070515082E-16));
#2571=DIRECTION('',(2.56996070515082E-16,7.39726178914165E-32,1.));
#2572=DIRECTION('',(1.,0.,-2.56996070515082E-16));
#2573=DIRECTION('',(2.56996070515082E-16,7.39726178914165E-32,1.));
#2574=DIRECTION('',(1.,0.,-2.56996070515082E-16));
#2575=DIRECTION('',(2.56996070515082E-16,7.39726178914165E-32,1.));
#2576=DIRECTION('',(1.,0.,-2.56996070515082E-16));
#2577=DIRECTION('',(2.56996070515082E-16,7.39726178914165E-32,1.));
#2578=DIRECTION('',(1.,0.,-2.56996070515082E-16));
#2579=DIRECTION('',(2.56996070515082E-16,7.39726178914165E-32,1.));
#2580=DIRECTION('',(1.,-1.90106721238077E-47,-2.56996070515082E-16));
#2581=DIRECTION('',(2.56996070515082E-16,7.39726178914165E-32,1.));
#2582=DIRECTION('',(1.,-1.90106721238077E-47,-2.56996070515082E-16));
#2583=DIRECTION('',(2.56996070515082E-16,7.39726178914165E-32,1.));
#2584=DIRECTION('',(1.,-1.90106721238077E-47,-2.56996070515082E-16));
#2585=CARTESIAN_POINT('',(0.,0.,0.));
#2586=CARTESIAN_POINT('',(0.0193511647667136,0.01775,0.0164999995210085));
#2587=CARTESIAN_POINT('',(0.0135441602472093,0.0311500000000004,0.0164999995210085));
#2588=CARTESIAN_POINT('',(0.0135441602472093,0.0311500000000004,0.0264999995210084));
#2589=CARTESIAN_POINT('',(0.0135441602472093,0.0311500000000004,0.0133499995209884));
#2590=CARTESIAN_POINT('',(0.0193511647667136,0.01775,0.0264999995210084));
#2591=CARTESIAN_POINT('',(0.0252015051408409,0.00425,0.0264999995210084));
#2592=CARTESIAN_POINT('',(0.0252015051408409,0.00425,0.0224979995210085));
#2593=CARTESIAN_POINT('',(0.0252015051408409,0.00425,0.0224999995210085));
#2594=CARTESIAN_POINT('',(0.0286406188234889,-0.00368595444823562,0.0224999995210085));
#2595=CARTESIAN_POINT('',(0.0251148334315946,0.00445,0.0224999995210085));
#2596=CARTESIAN_POINT('',(0.0251148334315946,0.00445,0.0164999995210085));
#2597=CARTESIAN_POINT('',(0.0251148334315946,0.00445,0.0214999995210085));
#2598=CARTESIAN_POINT('',(0.0193511647667136,0.01775,0.0214999995210085));
#2599=CARTESIAN_POINT('',(0.0144486960320415,0.0290627311721492,0.0214999995210085));
#2600=CARTESIAN_POINT('',(0.0144486960320415,0.0290627311721492,0.0133499995209884));
#2601=CARTESIAN_POINT('',(0.0144486960320415,0.0290627311721492,0.0133499995209884));
#2602=CARTESIAN_POINT('',(0.0193511647667136,0.01775,0.0133499995209884));
#2603=CARTESIAN_POINT('',(-0.0252015046618742,-0.00734700988235007,0.0224979995210085));
#2604=CARTESIAN_POINT('',(-0.0252015046618742,-0.00734700988235007,0.0264999995210084));
#2605=CARTESIAN_POINT('',(-0.0252015046618742,-0.0189440197646974,0.0264999995210084));
#2606=CARTESIAN_POINT('',(-0.0252015051408409,0.00425,0.0264999995210084));
#2607=CARTESIAN_POINT('',(-0.0252015051408409,0.00425,0.0224979995210085));
#2608=CARTESIAN_POINT('',(-0.0252015046618742,0.00425000110524357,0.0224999995210085));
#2609=CARTESIAN_POINT('',(-0.0252015046618742,-0.00734700988235007,0.0224999995210085));
#2610=CARTESIAN_POINT('',(-0.0252015046618742,-0.0189440197646974,0.0224999995210085));
#2611=CARTESIAN_POINT('',(-0.0252015046618742,-0.0189440197646974,0.0224979995210085));
#2612=CARTESIAN_POINT('',(-0.0193511647667136,0.01775,0.0164999995210085));
#2613=CARTESIAN_POINT('',(-0.0193511647667136,0.01775,0.0264999995210084));
#2614=CARTESIAN_POINT('',(-0.0135441602472093,0.03115,0.0264999995210084));
#2615=CARTESIAN_POINT('',(-0.0135441602472093,0.03115,0.0164999995210085));
#2616=CARTESIAN_POINT('',(-0.0135441602472093,0.03115,0.0133499995209884));
#2617=CARTESIAN_POINT('',(-0.0193511647667136,0.01775,0.0133499995209884));
#2618=CARTESIAN_POINT('',(-0.0144486960320415,0.0290627311721492,0.0133499995209884));
#2619=CARTESIAN_POINT('',(-0.0144486960320415,0.0290627311721492,0.0133499995209884));
#2620=CARTESIAN_POINT('',(-0.0144486960320415,0.0290627311721492,0.0214999995210085));
#2621=CARTESIAN_POINT('',(-0.0193511647667136,0.01775,0.0214999995210085));
#2622=CARTESIAN_POINT('',(-0.0251148334315946,0.00445,0.0214999995210085));
#2623=CARTESIAN_POINT('',(-0.0251148334315946,0.00445,0.0224979995210085));
#2624=CARTESIAN_POINT('',(-0.0251148334315946,0.00445,0.0224999995210085));
#2625=CARTESIAN_POINT('',(-0.0193511647667136,0.01775,0.0224999995210085));
#2626=CARTESIAN_POINT('',(-0.00674917560741377,0.03115,-0.0100000004789915));
#2627=CARTESIAN_POINT('',(0.0101508248603883,0.0311500000000004,0.0185999995209884));
#2628=CARTESIAN_POINT('',(0.0119008248603883,0.0311500000000004,0.0185999995209884));
#2629=CARTESIAN_POINT('',(-0.00674917560741377,0.03115,0.0264999995210084));
#2630=CARTESIAN_POINT('',(0.00740420200013808,0.0311500000000004,0.0264999995210084));
#2631=CARTESIAN_POINT('',(8.24392586262177E-7,0.03115,0.0133499995209884));
#2632=CARTESIAN_POINT('',(0.00740420200013808,0.0311500000000004,0.0133499995209884));
#2633=CARTESIAN_POINT('',(0.00740420200013808,0.0311500000000004,-0.0100000004789915));
#2634=CARTESIAN_POINT('',(0.00740420200013808,0.0292500000000004,0.0149999995210085));
#2635=CARTESIAN_POINT('',(0.00618103526497735,0.0307039130434786,0.0149999995210085));
#2636=CARTESIAN_POINT('',(0.00618103526497735,0.0307039130434786,0.0142231662561692));
#2637=CARTESIAN_POINT('',(0.00618103526497735,0.0307039130434786,0.0264999995210084));
#2638=CARTESIAN_POINT('',(0.00740420200013808,0.0292500000000004,0.0264999995210084));
#2639=CARTESIAN_POINT('',(0.00740420200013808,0.0292500000000004,0.0133499995209884));
#2640=CARTESIAN_POINT('',(0.00705420200015813,0.0311174849397024,0.0133499995209884));
#2641=CARTESIAN_POINT('',(0.00740420200013808,0.0292500000000004,0.0129999995210085));
#2642=CARTESIAN_POINT('',(-0.00674917560741377,0.03115,-0.0100000004789915));
#2643=CARTESIAN_POINT('',(-0.0101508248603883,0.03115,0.0185999995209884));
#2644=CARTESIAN_POINT('',(-0.00840082486038834,0.03115,0.0185999995209884));
#2645=CARTESIAN_POINT('',(-0.00674917560741377,0.03115,0.0264999995210084));
#2646=CARTESIAN_POINT('',(-0.00740255321496559,0.03115,0.0264999995210084));
#2647=CARTESIAN_POINT('',(-0.00740255321496559,0.03115,-0.0100000004789915));
#2648=CARTESIAN_POINT('',(-0.00740255321496559,0.03115,0.0133499995209884));
#2649=CARTESIAN_POINT('',(8.24392586262177E-7,0.03115,0.0133499995209884));
#2650=CARTESIAN_POINT('',(-0.00740255321496559,0.02925,0.0149999995210085));
#2651=CARTESIAN_POINT('',(-0.00740255321496559,0.02925,0.0264999995210084));
#2652=CARTESIAN_POINT('',(-0.00617938647980486,0.0307039130434786,0.0264999995210084));
#2653=CARTESIAN_POINT('',(-0.00617938647980486,0.0307039130434786,0.0149999995210085));
#2654=CARTESIAN_POINT('',(-0.00617938647980486,0.0307039130434786,0.0142231662561692));
#2655=CARTESIAN_POINT('',(-0.00740255321496559,0.02925,0.0129999995210085));
#2656=CARTESIAN_POINT('',(-0.00705255321498564,0.0311174849397024,0.0133499995209884));
#2657=CARTESIAN_POINT('',(-0.00740255321496559,0.02925,0.0133499995209884));
#2658=CARTESIAN_POINT('',(8.24392586239296E-7,0.03805,0.0149999995210085));
#2659=CARTESIAN_POINT('',(8.24392586239296E-7,0.03805,0.0264999995210084));
#2660=CARTESIAN_POINT('',(0.00383748961123639,0.02925,0.0148999995210085));
#2661=CARTESIAN_POINT('',(0.00428237248780884,0.0294439621203317,0.0148999995210085));
#2662=CARTESIAN_POINT('',(0.00512812266856698,0.0298907573351857,0.0148451963608797));
#2663=CARTESIAN_POINT('',(0.00588196943353939,0.0304523110798818,0.0145222320876077));
#2664=CARTESIAN_POINT('',(0.00618103526497747,0.0307039130434787,0.0142231662561697));
#2665=CARTESIAN_POINT('',(0.00383748961123639,0.02925,0.0148999995210085));
#2666=CARTESIAN_POINT('',(8.24392586239296E-7,0.03805,0.0148999995210085));
#2667=CARTESIAN_POINT('',(-0.00383584082606391,0.02925,0.0148999995210085));
#2668=CARTESIAN_POINT('',(-0.00617938647980486,0.0307039130434786,0.0142231662561692));
#2669=CARTESIAN_POINT('',(-0.00588174224604826,0.0304535070599319,0.0145208104899259));
#2670=CARTESIAN_POINT('',(-0.00513554034559718,0.0298962680015538,0.0148436301000677));
#2671=CARTESIAN_POINT('',(-0.00428037527492179,0.0294438102111846,0.0148999995210085));
#2672=CARTESIAN_POINT('',(-0.00383584082606391,0.02925,0.0148999995210085));
#2673=CARTESIAN_POINT('',(0.010440164220807,0.0250606601717798,-0.0200000004789915));
#2674=CARTESIAN_POINT('',(0.00937950404902742,0.024,-0.0200000004789915));
#2675=CARTESIAN_POINT('',(0.00937950404902742,0.024,0.0214999995210085));
#2676=CARTESIAN_POINT('',(0.00937950404902742,0.024,0.0213878387503795));
#2677=CARTESIAN_POINT('',(4.78070018725147E-5,0.0146683029528453,0.0160001809482087));
#2678=CARTESIAN_POINT('',(0.00957377220237299,0.0241942681533458,0.0214999995210085));
#2679=CARTESIAN_POINT('',(0.00134016422081259,0.0159606601717854,0.0214999995210085));
#2680=CARTESIAN_POINT('',(0.010440164220807,0.0250606601717798,-0.0200000004789915));
#2681=CARTESIAN_POINT('',(0.00134016422081259,0.0159606601717854,0.0214999995210085));
#2682=CARTESIAN_POINT('',(0.0115008243925871,0.0261213203435598,0.0214999995210085));
#2683=CARTESIAN_POINT('',(0.0107278775184037,0.0253483734693764,0.0214999995210085));
#2684=CARTESIAN_POINT('',(0.0207498530510507,0.0353703490020235,0.0157138092494229));
#2685=CARTESIAN_POINT('',(0.0115008243925871,0.0261213203435599,0.0210537384351295));
#2686=CARTESIAN_POINT('',(0.0115008243925871,0.0261213203435598,-0.0200000004789915));
#2687=CARTESIAN_POINT('',(0.021750824392587,-0.0175,0.0224979995210085));
#2688=CARTESIAN_POINT('',(0.021750824392587,-0.0175,0.0264999995210084));
#2689=CARTESIAN_POINT('',(0.019750824392587,-0.0175,0.0264999995210084));
#2690=CARTESIAN_POINT('',(0.021750824392587,-0.0175,0.0239999995210085));
#2691=CARTESIAN_POINT('',(0.019750824392587,-0.0175,0.0239999995210085));
#2692=CARTESIAN_POINT('',(0.0123275089210068,-0.0261026365437407,0.00149999952100847));
#2693=CARTESIAN_POINT('',(0.0123275089210068,-0.0261026365437407,0.0224999995210085));
#2694=CARTESIAN_POINT('',(0.0140775089210068,-0.0261026365437407,0.0224999995210085));
#2695=CARTESIAN_POINT('',(0.0123275089210068,-0.0261026365437407,0.0244999995210084));
#2696=CARTESIAN_POINT('',(0.0140775089210068,-0.0261026365437407,0.0244999995210084));
#2697=CARTESIAN_POINT('',(0.0137042515173325,-0.00267157287525365,0.00149999952100847));
#2698=CARTESIAN_POINT('',(0.0137042515173325,-0.00267157287525365,0.0224999995210085));
#2699=CARTESIAN_POINT('',(0.0154542515173325,-0.00267157287525365,0.0224999995210085));
#2700=CARTESIAN_POINT('',(0.0137042515173325,-0.00267157287525365,0.0244999995210084));
#2701=CARTESIAN_POINT('',(0.0154542515173325,-0.00267157287525365,0.0244999995210084));
#2702=CARTESIAN_POINT('',(0.0137042515173325,-0.0146715728752536,0.00149999952100847));
#2703=CARTESIAN_POINT('',(0.0137042515173325,-0.0146715728752536,0.0224999995210085));
#2704=CARTESIAN_POINT('',(0.0154542515173325,-0.0146715728752536,0.0224999995210085));
#2705=CARTESIAN_POINT('',(0.0137042515173325,-0.0146715728752536,0.0244999995210084));
#2706=CARTESIAN_POINT('',(0.0154542515173325,-0.0146715728752536,0.0244999995210084));
#2707=CARTESIAN_POINT('',(0.0233008243925856,-0.00599999999998772,0.0224999995210085));
#2708=CARTESIAN_POINT('',(-8.24392587152584E-7,-0.0175,0.0224999995210085));
#2709=CARTESIAN_POINT('',(2.84603070277446E-18,-0.0198499998553992,0.0224999995210085));
#2710=CARTESIAN_POINT('',(-2.84603070277446E-18,-0.0151500001446006,0.0224999995210085));
#2711=CARTESIAN_POINT('',(8.24392587152584E-7,-0.0175,0.0224999995210085));
#2712=CARTESIAN_POINT('',(8.24871549702706E-7,-0.0301440197646953,0.0224999995210085));
#2713=CARTESIAN_POINT('',(0.0140015051408368,-0.0301440197646953,0.0224999995210085));
#2714=CARTESIAN_POINT('',(-0.0140015051408368,-0.0301440197646953,0.0224999995210085));
#2715=CARTESIAN_POINT('',(-0.0196015049013546,-0.0245440195252141,0.0224999995210085));
#2716=CARTESIAN_POINT('',(8.24871552982999E-7,0.00445,0.0224999995210085));
#2717=CARTESIAN_POINT('',(0.0252015046618742,-0.00734700988235007,0.0224999995210085));
#2718=CARTESIAN_POINT('',(0.0252015046618742,-0.0189440197646974,0.0224999995210085));
#2719=CARTESIAN_POINT('',(0.0196015049013546,-0.0245440195252141,0.0224999995210085));
#2720=CARTESIAN_POINT('',(0.016323358682356,-0.00786960630225958,0.0224999995210085));
#2721=CARTESIAN_POINT('',(0.0186835979455485,-0.0166781391505125,0.0224999995210085));
#2722=CARTESIAN_POINT('',(0.0195054587950358,-0.0197453655975512,0.0224999995210085));
#2723=CARTESIAN_POINT('',(0.0196102417064837,-0.0197734420940542,0.0224999995210085));
#2724=CARTESIAN_POINT('',(0.0225726852420745,-0.0205672264470385,0.0224999995210085));
#2725=CARTESIAN_POINT('',(0.0302203680408555,-0.0129195436482576,0.0224999995210085));
#2726=CARTESIAN_POINT('',(0.0248180508396257,-0.0183218608494873,0.0224999995210085));
#2727=CARTESIAN_POINT('',(0.0216359507269459,-0.00644610155419573,0.0224999995210085));
#2728=CARTESIAN_POINT('',(0.0239961899901383,-0.0152546344024487,0.0224999995210085));
#2729=CARTESIAN_POINT('',(0.0210337464545476,-0.0144608500494643,0.0224999995210085));
#2730=CARTESIAN_POINT('',(0.0209289635430997,-0.0144327735529613,0.0224999995210085));
#2731=CARTESIAN_POINT('',(0.0263312807443295,-0.00903045635173156,0.0224999995210085));
#2732=CARTESIAN_POINT('',(-0.016323358682356,-0.00786960630225958,0.0224999995210085));
#2733=CARTESIAN_POINT('',(-0.0186835979455485,-0.0166781391505125,0.0224999995210085));
#2734=CARTESIAN_POINT('',(-0.0195054587950358,-0.0197453655975512,0.0224999995210085));
#2735=CARTESIAN_POINT('',(-0.0263312807443295,-0.00903045635173156,0.0224999995210085));
#2736=CARTESIAN_POINT('',(-0.0209289635430997,-0.0144327735529613,0.0224999995210085));
#2737=CARTESIAN_POINT('',(-0.0210337464545476,-0.0144608500494643,0.0224999995210085));
#2738=CARTESIAN_POINT('',(-0.0239961899901383,-0.0152546344024487,0.0224999995210085));
#2739=CARTESIAN_POINT('',(-0.0216359507269459,-0.00644610155419573,0.0224999995210085));
#2740=CARTESIAN_POINT('',(-0.0248180508396257,-0.0183218608494873,0.0224999995210085));
#2741=CARTESIAN_POINT('',(-0.0302203680408555,-0.0129195436482576,0.0224999995210085));
#2742=CARTESIAN_POINT('',(-0.0225726852420745,-0.0205672264470385,0.0224999995210085));
#2743=CARTESIAN_POINT('',(-0.0196102417064837,-0.0197734420940542,0.0224999995210085));
#2744=CARTESIAN_POINT('',(-0.0137042515173325,-0.0146715728752536,0.0224999995210085));
#2745=CARTESIAN_POINT('',(-0.0154542515173325,-0.0146715728752536,0.0224999995210085));
#2746=CARTESIAN_POINT('',(-0.0137042515173325,-0.00267157287525365,0.0224999995210085));
#2747=CARTESIAN_POINT('',(-0.0154542515173325,-0.00267157287525365,0.0224999995210085));
#2748=CARTESIAN_POINT('',(-0.0123275089210068,-0.0261026365437407,0.0224999995210085));
#2749=CARTESIAN_POINT('',(-0.0140775089210068,-0.0261026365437407,0.0224999995210085));
#2750=CARTESIAN_POINT('',(0.0252015046618742,-0.00734700988235007,0.0224979995210085));
#2751=CARTESIAN_POINT('',(0.0252015046618742,-0.00734700988235007,0.0264999995210084));
#2752=CARTESIAN_POINT('',(0.0252015046618742,-0.0189440197646974,0.0264999995210084));
#2753=CARTESIAN_POINT('',(0.0252015046618742,-0.0189440197646974,0.0224979995210085));
#2754=CARTESIAN_POINT('',(8.24392587066864E-7,-0.0129470100020873,0.0264999995210084));
#2755=CARTESIAN_POINT('',(-0.0196015049013546,-0.0245440195252141,0.0264999995210084));
#2756=CARTESIAN_POINT('',(-0.0140015051408368,-0.0301440197646953,0.0264999995210084));
#2757=CARTESIAN_POINT('',(8.24871549702164E-7,-0.0301440197646953,0.0264999995210084));
#2758=CARTESIAN_POINT('',(0.0140015051408368,-0.0301440197646953,0.0264999995210084));
#2759=CARTESIAN_POINT('',(0.0196015049013546,-0.0245440195252141,0.0264999995210084));
#2760=CARTESIAN_POINT('',(8.24392587152042E-7,-0.0175,0.0264999995210084));
#2761=CARTESIAN_POINT('',(-3.96739644582073E-18,-0.0198499998553992,0.0264999995210084));
#2762=CARTESIAN_POINT('',(0.,-0.0151500001446006,0.0264999995210084));
#2763=CARTESIAN_POINT('',(-8.24392587152042E-7,-0.0175,0.0264999995210084));
#2764=CARTESIAN_POINT('',(0.0137042515173325,-0.0146715728752536,0.0264999995210084));
#2765=CARTESIAN_POINT('',(0.0167042515173325,-0.0146715728752536,0.0264999995210084));
#2766=CARTESIAN_POINT('',(0.0137042515173325,-0.00267157287525365,0.0264999995210084));
#2767=CARTESIAN_POINT('',(0.0167042515173325,-0.00267157287525365,0.0264999995210084));
#2768=CARTESIAN_POINT('',(0.0123275089210068,-0.0261026365437407,0.0264999995210084));
#2769=CARTESIAN_POINT('',(0.0153275089210068,-0.0261026365437407,0.0264999995210084));
#2770=CARTESIAN_POINT('',(-0.0137042515173325,-0.0146715728752536,0.0264999995210084));
#2771=CARTESIAN_POINT('',(-0.0167042515173325,-0.0146715728752536,0.0264999995210084));
#2772=CARTESIAN_POINT('',(-0.0137042515173325,-0.00267157287525365,0.0264999995210084));
#2773=CARTESIAN_POINT('',(-0.0167042515173325,-0.00267157287525365,0.0264999995210084));
#2774=CARTESIAN_POINT('',(-0.0123275089210068,-0.0261026365437407,0.0264999995210084));
#2775=CARTESIAN_POINT('',(-0.0153275089210068,-0.0261026365437407,0.0264999995210084));
#2776=CARTESIAN_POINT('',(-0.021750824392587,-0.0175,0.0264999995210084));
#2777=CARTESIAN_POINT('',(-0.019750824392587,-0.0175,0.0264999995210084));
#2778=CARTESIAN_POINT('',(6.83288302481975E-18,0.0163500000176987,0.0264999995210084));
#2779=CARTESIAN_POINT('',(0.00235000000000001,0.0163500000176987,0.0264999995210084));
#2780=CARTESIAN_POINT('',(0.004,0.0231000000353972,0.0264999995210084));
#2781=CARTESIAN_POINT('',(0.00635,0.0231000000353972,0.0264999995210084));
#2782=CARTESIAN_POINT('',(-0.004,0.0231000000353972,0.0264999995210084));
#2783=CARTESIAN_POINT('',(-0.00165,0.0231000000353972,0.0264999995210084));
#2784=CARTESIAN_POINT('',(0.0196015049013546,-0.0245440195252141,0.0224979995210085));
#2785=CARTESIAN_POINT('',(0.0140015051408368,-0.0301440197646953,0.0224979995210085));
#2786=CARTESIAN_POINT('',(8.24871549702706E-7,-0.0301440197646953,0.0224979995210085));
#2787=CARTESIAN_POINT('',(-0.0140015051408368,-0.0301440197646953,0.0224979995210085));
#2788=CARTESIAN_POINT('',(8.24632069618979E-7,-0.0129470098823467,0.0244999995210084));
#2789=CARTESIAN_POINT('',(0.0137042515173325,-0.0146715728752536,0.0244999995210085));
#2790=CARTESIAN_POINT('',(0.0167042515173325,-0.0146715728752536,0.0244999995210085));
#2791=CARTESIAN_POINT('',(0.0137042515173325,-0.0146715728752536,0.0244999995210085));
#2792=CARTESIAN_POINT('',(8.24632069618979E-7,-0.0129470098823467,0.0244999995210084));
#2793=CARTESIAN_POINT('',(0.0137042515173325,-0.00267157287525365,0.0244999995210085));
#2794=CARTESIAN_POINT('',(0.0167042515173325,-0.00267157287525365,0.0244999995210085));
#2795=CARTESIAN_POINT('',(0.0137042515173325,-0.00267157287525365,0.0244999995210085));
#2796=CARTESIAN_POINT('',(8.24632069618979E-7,-0.0129470098823467,0.0244999995210084));
#2797=CARTESIAN_POINT('',(0.0123275089210068,-0.0261026365437407,0.0244999995210084));
#2798=CARTESIAN_POINT('',(0.0153275089210068,-0.0261026365437407,0.0244999995210084));
#2799=CARTESIAN_POINT('',(0.0123275089210068,-0.0261026365437407,0.0244999995210084));
#2800=CARTESIAN_POINT('',(0.0210390720185551,-0.0201562960222948,0.0239999995210085));
#2801=CARTESIAN_POINT('',(0.0195054587950358,-0.0197453655975512,0.0239999995210085));
#2802=CARTESIAN_POINT('',(0.0195054587950358,-0.0197453655975512,0.0239999995210085));
#2803=CARTESIAN_POINT('',(0.0210390720185551,-0.0201562960222948,0.0239999995210085));
#2804=CARTESIAN_POINT('',(0.0225726852420745,-0.0205672264470385,0.0239999995210085));
#2805=CARTESIAN_POINT('',(0.0225726852420745,-0.0205672264470385,0.0239999995210085));
#2806=CARTESIAN_POINT('',(0.0190945283702922,-0.0182117523740319,0.0239999995210085));
#2807=CARTESIAN_POINT('',(0.0186835979455485,-0.0166781391505125,0.0239999995210085));
#2808=CARTESIAN_POINT('',(0.0186835979455485,-0.0166781391505125,0.0239999995210085));
#2809=CARTESIAN_POINT('',(0.0190945283702922,-0.0182117523740319,0.0239999995210085));
#2810=CARTESIAN_POINT('',(0.0198062807443241,-0.015555456351737,0.0239999995210085));
#2811=CARTESIAN_POINT('',(0.0209289635430997,-0.0144327735529613,0.0239999995210085));
#2812=CARTESIAN_POINT('',(0.0209289635430997,-0.0144327735529613,0.0239999995210085));
#2813=CARTESIAN_POINT('',(0.0198062807443241,-0.015555456351737,0.0239999995210085));
#2814=CARTESIAN_POINT('',(0.022462576766619,-0.014843703977705,0.0239999995210085));
#2815=CARTESIAN_POINT('',(0.0239961899901383,-0.0152546344024487,0.0239999995210085));
#2816=CARTESIAN_POINT('',(0.0239961899901383,-0.0152546344024487,0.0239999995210085));
#2817=CARTESIAN_POINT('',(0.022462576766619,-0.014843703977705,0.0239999995210085));
#2818=CARTESIAN_POINT('',(0.024407120414882,-0.016788247625968,0.0239999995210085));
#2819=CARTESIAN_POINT('',(0.0248180508396257,-0.0183218608494873,0.0239999995210085));
#2820=CARTESIAN_POINT('',(0.0248180508396257,-0.0183218608494873,0.0239999995210085));
#2821=CARTESIAN_POINT('',(0.024407120414882,-0.016788247625968,0.0239999995210085));
#2822=CARTESIAN_POINT('',(0.0236953680408501,-0.0194445436482629,0.0239999995210085));
#2823=CARTESIAN_POINT('',(0.0236953680408501,-0.0194445436482629,0.0239999995210085));
#2824=CARTESIAN_POINT('',(8.2463206961883E-7,-0.0129470100020876,0.0239999995210085));
#2825=CARTESIAN_POINT('',(8.2439258715543E-7,-0.0175,0.00149999952100847));
#2826=CARTESIAN_POINT('',(-5.78205865619468E-19,-0.0198499998553992,0.00149999952100847));
#2827=CARTESIAN_POINT('',(1.41666260428281E-19,-0.0151500001446006,0.00149999952100847));
#2828=CARTESIAN_POINT('',(8.24871552982999E-7,0.00445,0.0224979995210085));
#2829=CARTESIAN_POINT('',(-0.0233008243925856,0.00445,0.0214999995210085));
#2830=CARTESIAN_POINT('',(-0.0120417966732187,0.00445,0.0214999995210085));
#2831=CARTESIAN_POINT('',(-0.0120417966732187,0.00445,-0.0200000004789915));
#2832=CARTESIAN_POINT('',(-0.0120417966732187,0.00445,0.0133499995209884));
#2833=CARTESIAN_POINT('',(8.24392586289762E-7,0.00445,0.0133499995209884));
#2834=CARTESIAN_POINT('',(0.0120417966732187,0.00445,0.0133499995209884));
#2835=CARTESIAN_POINT('',(0.0120417966732187,0.00445,-0.0200000004789915));
#2836=CARTESIAN_POINT('',(0.0120417966732187,0.00445,0.0214999995210085));
#2837=CARTESIAN_POINT('',(8.24871552982999E-7,0.00445,0.0214999995210085));
#2838=CARTESIAN_POINT('',(8.24392586289831E-7,0.004248,0.0133499995209884));
#2839=CARTESIAN_POINT('',(-0.00674917560741377,0.0311174849397024,0.0133499995209884));
#2840=CARTESIAN_POINT('',(0.0130723752542595,0.0284662908007412,0.0133499995209884));
#2841=CARTESIAN_POINT('',(0.0132556317482218,0.0269775272004941,0.0133499995209884));
#2842=CARTESIAN_POINT('',(0.0136221447361466,0.024,0.0133499995209884));
#2843=CARTESIAN_POINT('',(0.0115008243925871,0.0261213203435598,0.0133499995209884));
#2844=CARTESIAN_POINT('',(-0.00518583577919324,0.00943466017177952,0.0133499995209884));
#2845=CARTESIAN_POINT('',(0.00937950404902742,0.024,0.0133499995209884));
#2846=CARTESIAN_POINT('',(0.0115008243925869,0.02187867965644,0.0133499995209884));
#2847=CARTESIAN_POINT('',(0.00850082439258687,0.02187867965644,0.0133499995209884));
#2848=CARTESIAN_POINT('',(0.00850082439258687,0.004248,0.0133499995209884));
#2849=CARTESIAN_POINT('',(0.00850082439258687,0.00912132034355959,0.0133499995209884));
#2850=CARTESIAN_POINT('',(0.0115008243925869,0.00912132034355959,0.0133499995209884));
#2851=CARTESIAN_POINT('',(0.00937950404902723,0.007,0.0133499995209884));
#2852=CARTESIAN_POINT('',(0.00606616422080675,0.0103133398282205,0.0133499995209884));
#2853=CARTESIAN_POINT('',(0.0115008243925869,0.00487867965644035,0.0133499995209884));
#2854=CARTESIAN_POINT('',(0.0136221447361466,0.007,0.0133499995209884));
#2855=CARTESIAN_POINT('',(-0.0136221447361466,0.007,0.0133499995209884));
#2856=CARTESIAN_POINT('',(-0.0115008243925869,0.00487867965644035,0.0133499995209884));
#2857=CARTESIAN_POINT('',(-0.00606616422080675,0.0103133398282205,0.0133499995209884));
#2858=CARTESIAN_POINT('',(-0.00937950404902723,0.007,0.0133499995209884));
#2859=CARTESIAN_POINT('',(-0.0115008243925869,0.00912132034355959,0.0133499995209884));
#2860=CARTESIAN_POINT('',(-0.00850082439258687,0.00912132034355959,0.0133499995209884));
#2861=CARTESIAN_POINT('',(-0.00850082439258687,0.004248,0.0133499995209884));
#2862=CARTESIAN_POINT('',(-0.00850082439258687,0.02187867965644,0.0133499995209884));
#2863=CARTESIAN_POINT('',(-0.0115008243925869,0.02187867965644,0.0133499995209884));
#2864=CARTESIAN_POINT('',(-0.00937950404902742,0.024,0.0133499995209884));
#2865=CARTESIAN_POINT('',(0.00518583577919324,0.00943466017177952,0.0133499995209884));
#2866=CARTESIAN_POINT('',(-0.0115008243925871,0.0261213203435598,0.0133499995209884));
#2867=CARTESIAN_POINT('',(-0.0136221447361466,0.024,0.0133499995209884));
#2868=CARTESIAN_POINT('',(-0.0132556317482218,0.0269775272004941,0.0133499995209884));
#2869=CARTESIAN_POINT('',(-0.0130723752542595,0.0284662908007412,0.0133499995209884));
#2870=CARTESIAN_POINT('',(0.010440164220807,0.00593933982822016,-0.0200000004789915));
#2871=CARTESIAN_POINT('',(0.00937950404902723,0.007,-0.0200000004789915));
#2872=CARTESIAN_POINT('',(0.00937950404902723,0.007,0.0214999995210085));
#2873=CARTESIAN_POINT('',(0.0228401642208003,-0.0064606601717731,0.0214999995210085));
#2874=CARTESIAN_POINT('',(0.0115008243925869,0.00487867965644035,0.0214999995210085));
#2875=CARTESIAN_POINT('',(0.0115008243925869,0.00487867965644035,-0.0200000004789915));
#2876=CARTESIAN_POINT('',(0.0115008243925869,0.00912132034355959,-0.0200000004789915));
#2877=CARTESIAN_POINT('',(0.00850082439258687,0.00912132034355959,-0.0200000004789915));
#2878=CARTESIAN_POINT('',(0.00850082439258687,0.00912132034355959,0.0214999995210085));
#2879=CARTESIAN_POINT('',(0.0115008243925869,0.00912132034355959,0.0214999995210085));
#2880=CARTESIAN_POINT('',(0.0136221447361466,0.007,-0.0200000004789915));
#2881=CARTESIAN_POINT('',(0.0136221447361466,0.007,0.0214999995210085));
#2882=CARTESIAN_POINT('',(0.00850082439258687,0.0255,-0.0200000004789915));
#2883=CARTESIAN_POINT('',(0.00850082439258687,0.02187867965644,-0.0200000004789915));
#2884=CARTESIAN_POINT('',(0.00850082439258687,0.02187867965644,0.0214999995210085));
#2885=CARTESIAN_POINT('',(0.00850082439258687,-0.00599999999998772,0.0214999995210085));
#2886=CARTESIAN_POINT('',(0.0115008243925869,0.02187867965644,-0.0200000004789915));
#2887=CARTESIAN_POINT('',(0.00852389288473214,0.0222500000000003,-0.0200000004789915));
#2888=CARTESIAN_POINT('',(0.00852389288473214,0.0222500000000003,0.020893851414352));
#2889=CARTESIAN_POINT('',(0.00852389288473214,0.0222500000000003,0.0163061476276248));
#2890=CARTESIAN_POINT('',(0.0115008243925869,0.02187867965644,0.0226125836217709));
#2891=CARTESIAN_POINT('',(0.0115008243925869,0.02187867965644,0.0214999995210085));
#2892=CARTESIAN_POINT('',(0.00937950404902742,0.024,-0.0200000004789915));
#2893=CARTESIAN_POINT('',(0.00937950404902742,0.024,0.0158121602915972));
#2894=CARTESIAN_POINT('',(0.0115008243925869,0.02187867965644,0.0145874154202058));
#2895=CARTESIAN_POINT('',(0.010440164220807,0.0250606601717798,-0.0200000004789915));
#2896=CARTESIAN_POINT('',(0.0115008243925871,0.0261213203435598,-0.0200000004789915));
#2897=CARTESIAN_POINT('',(0.0115008243925871,0.0261213203435598,0.0161462606068473));
#2898=CARTESIAN_POINT('',(0.00164780700187249,0.0162683029528452,0.0104576183639883));
#2899=CARTESIAN_POINT('',(0.0101508248603883,0.0247713208113611,0.0153668380135264));
#2900=CARTESIAN_POINT('',(0.0191498530510507,0.0337703490020234,0.0101712466652024));
#2901=CARTESIAN_POINT('',(0.0136221447361466,0.024,-0.0200000004789915));
#2902=CARTESIAN_POINT('',(0.0136221447361466,0.024,0.019828993563738));
#2903=CARTESIAN_POINT('',(0.0129508248603883,0.0269239236693887,0.0202165802747193));
#2904=CARTESIAN_POINT('',(0.0129508248603881,0.0269239236693887,-0.0200000004789915));
#2905=CARTESIAN_POINT('',(0.0129508248603883,0.0269239236693888,0.0169834187672575));
#2906=CARTESIAN_POINT('',(0.0136221447361466,0.024,0.0173710054782388));
#2907=CARTESIAN_POINT('',(0.0132556317482218,0.0269775272004941,-0.0200000004789915));
#2908=CARTESIAN_POINT('',(0.0132556317482218,0.0269775272004941,0.0214999995210085));
#2909=CARTESIAN_POINT('',(0.0136221447361466,0.024,0.0214999995210085));
#2910=CARTESIAN_POINT('',(0.0233008243925856,-0.00599999999998772,0.0214999995210085));
#2911=CARTESIAN_POINT('',(0.00957377220237303,-0.00599999999998774,0.0214999995210085));
#2912=CARTESIAN_POINT('',(0.00957377220237299,0.0222500000000003,0.0214999995210085));
#2913=CARTESIAN_POINT('',(0.0233008243925856,0.0222500000000003,0.0214999995210085));
#2914=CARTESIAN_POINT('',(0.0107278775184037,0.0222500000000003,0.0214999995210085));
#2915=CARTESIAN_POINT('',(0.0107278775184037,-0.00599999999998774,0.0214999995210085));
#2916=CARTESIAN_POINT('',(0.0130723752542595,0.0284662908007412,0.0214999995210085));
#2917=CARTESIAN_POINT('',(0.0130723752542595,0.0284662908007412,-0.0200000004789915));
#2918=CARTESIAN_POINT('',(0.00875082486038834,0.0222500000000003,0.016175128390392));
#2919=CARTESIAN_POINT('',(0.0101508248603883,0.0222500000000003,0.0153668380135264));
#2920=CARTESIAN_POINT('',(0.0101508248603883,0.0282500000000004,0.0153668380135264));
#2921=CARTESIAN_POINT('',(0.00875082486038833,0.0282500000000004,0.016175128390392));
#2922=CARTESIAN_POINT('',(0.00735082486038831,0.0282500000000004,0.0169834187672575));
#2923=CARTESIAN_POINT('',(0.00735082486038832,0.0222500000000003,0.0169834187672575));
#2924=CARTESIAN_POINT('',(0.00735082486038832,0.0222500000000003,0.0169834187672575));
#2925=CARTESIAN_POINT('',(0.00875082486038834,0.0222500000000003,0.016175128390392));
#2926=CARTESIAN_POINT('',(0.0129508248603883,0.0222500000000003,0.0185999995209884));
#2927=CARTESIAN_POINT('',(0.0129508248603883,0.0222500000000003,0.0202165802747193));
#2928=CARTESIAN_POINT('',(0.0129508248603883,0.0282500000000004,0.0202165802747193));
#2929=CARTESIAN_POINT('',(0.0129508248603883,0.0282500000000004,0.0185999995209884));
#2930=CARTESIAN_POINT('',(0.0129508248603883,0.0282500000000004,0.0169834187672575));
#2931=CARTESIAN_POINT('',(0.0129508248603883,0.0222500000000003,0.0169834187672575));
#2932=CARTESIAN_POINT('',(0.0115508248603883,0.0222500000000003,0.016175128390392));
#2933=CARTESIAN_POINT('',(0.0115508248603883,0.0282500000000004,0.016175128390392));
#2934=CARTESIAN_POINT('',(0.00875082486038835,0.0222500000000003,0.0210248706515848));
#2935=CARTESIAN_POINT('',(0.00875082486038835,0.0222500000000003,0.0210248706515848));
#2936=CARTESIAN_POINT('',(0.00735082486038834,0.0222500000000003,0.0202165802747193));
#2937=CARTESIAN_POINT('',(0.00735082486038834,0.0222500000000003,0.0202165802747193));
#2938=CARTESIAN_POINT('',(0.00735082486038833,0.0282500000000004,0.0202165802747193));
#2939=CARTESIAN_POINT('',(0.00875082486038834,0.0282500000000004,0.0210248706515848));
#2940=CARTESIAN_POINT('',(0.0101508248603883,0.0282500000000004,0.0218331610284503));
#2941=CARTESIAN_POINT('',(0.0101508248603883,0.0222500000000003,0.0218331610284503));
#2942=CARTESIAN_POINT('',(0.0101508248603883,0.0222500000000003,0.0218331610284503));
#2943=CARTESIAN_POINT('',(0.00875082486038835,0.0222500000000003,0.0210248706515848));
#2944=CARTESIAN_POINT('',(0.0115508248603883,0.0222500000000003,0.0210248706515848));
#2945=CARTESIAN_POINT('',(0.0115508248603883,0.0222500000000003,0.0210248706515848));
#2946=CARTESIAN_POINT('',(0.0115508248603883,0.0282500000000004,0.0210248706515848));
#2947=CARTESIAN_POINT('',(8.24392586251344E-7,0.0222500000000003,0.0209749995209985));
#2948=CARTESIAN_POINT('',(0.00735082486038833,0.0222500000000003,0.0185999995209884));
#2949=CARTESIAN_POINT('',(8.24392586251344E-7,0.0222500000000003,0.0209749995209985));
#2950=CARTESIAN_POINT('',(0.00735082486038833,0.0222500000000003,0.0185999995209884));
#2951=CARTESIAN_POINT('',(0.00735082486038832,0.0282500000000004,0.0185999995209884));
#2952=CARTESIAN_POINT('',(8.24392586245176E-7,0.02825,0.0209749995209985));
#2953=CARTESIAN_POINT('',(0.0101508248603883,0.0282500000000004,0.0185999995209884));
#2954=CARTESIAN_POINT('',(0.00840082486038834,0.0282500000000003,0.0185999995209884));
#2955=CARTESIAN_POINT('',(0.0101508248603883,0.0272500000000004,0.0185999995209884));
#2956=CARTESIAN_POINT('',(-0.010440164220807,0.0250606601717798,-0.0200000004789915));
#2957=CARTESIAN_POINT('',(-0.00937950404902742,0.024,-0.0200000004789915));
#2958=CARTESIAN_POINT('',(-0.00937950404902742,0.024,0.0214999995210085));
#2959=CARTESIAN_POINT('',(-0.00937950404902742,0.024,0.0213878387503795));
#2960=CARTESIAN_POINT('',(-0.00134016422081259,0.0159606601717854,0.0214999995210085));
#2961=CARTESIAN_POINT('',(-0.00957377220237299,0.0241942681533458,0.0214999995210085));
#2962=CARTESIAN_POINT('',(-4.78070018725147E-5,0.0146683029528453,0.0160001809482087));
#2963=CARTESIAN_POINT('',(-0.010440164220807,0.0250606601717798,-0.0200000004789915));
#2964=CARTESIAN_POINT('',(-0.00134016422081259,0.0159606601717854,0.0214999995210085));
#2965=CARTESIAN_POINT('',(-0.0115008243925871,0.0261213203435598,0.0214999995210085));
#2966=CARTESIAN_POINT('',(-0.0107278775184037,0.0253483734693764,0.0214999995210085));
#2967=CARTESIAN_POINT('',(-0.0115008243925871,0.0261213203435598,-0.0200000004789915));
#2968=CARTESIAN_POINT('',(-0.0115008243925871,0.0261213203435599,0.0210537384351295));
#2969=CARTESIAN_POINT('',(-0.0207498530510507,0.0353703490020235,0.0157138092494229));
#2970=CARTESIAN_POINT('',(-0.021750824392587,-0.0175,0.0224979995210085));
#2971=CARTESIAN_POINT('',(-0.021750824392587,-0.0175,0.0239999995210085));
#2972=CARTESIAN_POINT('',(-0.019750824392587,-0.0175,0.0239999995210085));
#2973=CARTESIAN_POINT('',(-0.0123275089210068,-0.0261026365437407,0.00149999952100847));
#2974=CARTESIAN_POINT('',(-0.0123275089210068,-0.0261026365437407,0.0244999995210084));
#2975=CARTESIAN_POINT('',(-0.0140775089210068,-0.0261026365437407,0.0244999995210084));
#2976=CARTESIAN_POINT('',(-0.0137042515173325,-0.00267157287525365,0.00149999952100847));
#2977=CARTESIAN_POINT('',(-0.0137042515173325,-0.00267157287525365,0.0244999995210084));
#2978=CARTESIAN_POINT('',(-0.0154542515173325,-0.00267157287525365,0.0244999995210084));
#2979=CARTESIAN_POINT('',(-0.0137042515173325,-0.0146715728752536,0.00149999952100847));
#2980=CARTESIAN_POINT('',(-0.0137042515173325,-0.0146715728752536,0.0244999995210084));
#2981=CARTESIAN_POINT('',(-0.0154542515173325,-0.0146715728752536,0.0244999995210084));
#2982=CARTESIAN_POINT('',(-0.0196015049013546,-0.0245440195252141,0.0224979995210085));
#2983=CARTESIAN_POINT('',(-8.24632069618979E-7,-0.0129470098823467,0.0244999995210084));
#2984=CARTESIAN_POINT('',(-0.0137042515173325,-0.0146715728752536,0.0244999995210085));
#2985=CARTESIAN_POINT('',(-0.0167042515173325,-0.0146715728752536,0.0244999995210085));
#2986=CARTESIAN_POINT('',(-0.0137042515173325,-0.0146715728752536,0.0244999995210085));
#2987=CARTESIAN_POINT('',(-8.24632069618979E-7,-0.0129470098823467,0.0244999995210084));
#2988=CARTESIAN_POINT('',(-0.0137042515173325,-0.00267157287525365,0.0244999995210085));
#2989=CARTESIAN_POINT('',(-0.0167042515173325,-0.00267157287525365,0.0244999995210085));
#2990=CARTESIAN_POINT('',(-0.0137042515173325,-0.00267157287525365,0.0244999995210085));
#2991=CARTESIAN_POINT('',(-8.24632069618979E-7,-0.0129470098823467,0.0244999995210084));
#2992=CARTESIAN_POINT('',(-0.0123275089210068,-0.0261026365437407,0.0244999995210084));
#2993=CARTESIAN_POINT('',(-0.0153275089210068,-0.0261026365437407,0.0244999995210084));
#2994=CARTESIAN_POINT('',(-0.0123275089210068,-0.0261026365437407,0.0244999995210084));
#2995=CARTESIAN_POINT('',(-0.0210390720185551,-0.0201562960222948,0.0239999995210085));
#2996=CARTESIAN_POINT('',(-0.0195054587950358,-0.0197453655975512,0.0239999995210085));
#2997=CARTESIAN_POINT('',(-0.0195054587950358,-0.0197453655975512,0.0239999995210085));
#2998=CARTESIAN_POINT('',(-0.0225726852420745,-0.0205672264470385,0.0239999995210085));
#2999=CARTESIAN_POINT('',(-0.0225726852420745,-0.0205672264470385,0.0239999995210085));
#3000=CARTESIAN_POINT('',(-0.0210390720185551,-0.0201562960222948,0.0239999995210085));
#3001=CARTESIAN_POINT('',(-0.0190945283702922,-0.0182117523740319,0.0239999995210085));
#3002=CARTESIAN_POINT('',(-0.0186835979455485,-0.0166781391505125,0.0239999995210085));
#3003=CARTESIAN_POINT('',(-0.0186835979455485,-0.0166781391505125,0.0239999995210085));
#3004=CARTESIAN_POINT('',(-0.0190945283702922,-0.0182117523740319,0.0239999995210085));
#3005=CARTESIAN_POINT('',(-0.0198062807443241,-0.015555456351737,0.0239999995210085));
#3006=CARTESIAN_POINT('',(-0.0209289635430997,-0.0144327735529613,0.0239999995210085));
#3007=CARTESIAN_POINT('',(-0.0209289635430997,-0.0144327735529613,0.0239999995210085));
#3008=CARTESIAN_POINT('',(-0.0198062807443241,-0.015555456351737,0.0239999995210085));
#3009=CARTESIAN_POINT('',(-0.022462576766619,-0.014843703977705,0.0239999995210085));
#3010=CARTESIAN_POINT('',(-0.0239961899901383,-0.0152546344024487,0.0239999995210085));
#3011=CARTESIAN_POINT('',(-0.0239961899901383,-0.0152546344024487,0.0239999995210085));
#3012=CARTESIAN_POINT('',(-0.022462576766619,-0.014843703977705,0.0239999995210085));
#3013=CARTESIAN_POINT('',(-0.024407120414882,-0.016788247625968,0.0239999995210085));
#3014=CARTESIAN_POINT('',(-0.0248180508396257,-0.0183218608494873,0.0239999995210085));
#3015=CARTESIAN_POINT('',(-0.0248180508396257,-0.0183218608494873,0.0239999995210085));
#3016=CARTESIAN_POINT('',(-0.024407120414882,-0.016788247625968,0.0239999995210085));
#3017=CARTESIAN_POINT('',(-0.0236953680408501,-0.0194445436482629,0.0239999995210085));
#3018=CARTESIAN_POINT('',(-0.0236953680408501,-0.0194445436482629,0.0239999995210085));
#3019=CARTESIAN_POINT('',(-8.2463206961883E-7,-0.0129470100020876,0.0239999995210085));
#3020=CARTESIAN_POINT('',(-8.2439258715543E-7,-0.0175,0.00149999952100847));
#3021=CARTESIAN_POINT('',(-0.010440164220807,0.00593933982822016,-0.0200000004789915));
#3022=CARTESIAN_POINT('',(-0.00937950404902723,0.007,-0.0200000004789915));
#3023=CARTESIAN_POINT('',(-0.00937950404902723,0.007,0.0214999995210085));
#3024=CARTESIAN_POINT('',(-0.0115008243925869,0.00487867965644035,-0.0200000004789915));
#3025=CARTESIAN_POINT('',(-0.0115008243925869,0.00487867965644035,0.0214999995210085));
#3026=CARTESIAN_POINT('',(-0.0228401642208003,-0.0064606601717731,0.0214999995210085));
#3027=CARTESIAN_POINT('',(-0.0115008243925869,0.00912132034355959,-0.0200000004789915));
#3028=CARTESIAN_POINT('',(-0.00850082439258687,0.00912132034355959,-0.0200000004789915));
#3029=CARTESIAN_POINT('',(-0.00850082439258687,0.00912132034355959,0.0214999995210085));
#3030=CARTESIAN_POINT('',(-0.0115008243925869,0.00912132034355959,0.0214999995210085));
#3031=CARTESIAN_POINT('',(-0.0136221447361466,0.007,-0.0200000004789915));
#3032=CARTESIAN_POINT('',(-0.0136221447361466,0.007,0.0214999995210085));
#3033=CARTESIAN_POINT('',(-0.00850082439258687,0.0255,-0.0200000004789915));
#3034=CARTESIAN_POINT('',(-0.00850082439258687,0.02187867965644,-0.0200000004789915));
#3035=CARTESIAN_POINT('',(-0.00850082439258687,0.02187867965644,0.0214999995210085));
#3036=CARTESIAN_POINT('',(-0.00850082439258687,-0.00599999999998772,0.0214999995210085));
#3037=CARTESIAN_POINT('',(-0.0115008243925869,0.02187867965644,-0.0200000004789915));
#3038=CARTESIAN_POINT('',(-0.00852389288473214,0.0222500000000003,-0.0200000004789915));
#3039=CARTESIAN_POINT('',(-0.00852389288473214,0.0222500000000003,0.020893851414352));
#3040=CARTESIAN_POINT('',(-0.00852389288473214,0.0222500000000003,0.0163061476276248));
#3041=CARTESIAN_POINT('',(-0.0115008243925869,0.02187867965644,0.0145874154202058));
#3042=CARTESIAN_POINT('',(-0.00937950404902742,0.024,0.0158121602915972));
#3043=CARTESIAN_POINT('',(-0.00937950404902742,0.024,-0.0200000004789915));
#3044=CARTESIAN_POINT('',(-0.0115008243925869,0.02187867965644,0.0214999995210085));
#3045=CARTESIAN_POINT('',(-0.0115008243925869,0.02187867965644,0.0226125836217709));
#3046=CARTESIAN_POINT('',(-0.010440164220807,0.0250606601717798,-0.0200000004789915));
#3047=CARTESIAN_POINT('',(-0.0115008243925871,0.0261213203435598,-0.0200000004789915));
#3048=CARTESIAN_POINT('',(-0.0115008243925871,0.0261213203435598,0.0161462606068473));
#3049=CARTESIAN_POINT('',(-0.0191498530510507,0.0337703490020234,0.0101712466652024));
#3050=CARTESIAN_POINT('',(-0.0101508248603883,0.0247713208113611,0.0153668380135264));
#3051=CARTESIAN_POINT('',(-0.00164780700187249,0.0162683029528452,0.0104576183639883));
#3052=CARTESIAN_POINT('',(-0.0136221447361466,0.024,-0.0200000004789915));
#3053=CARTESIAN_POINT('',(-0.0136221447361466,0.024,0.0214999995210085));
#3054=CARTESIAN_POINT('',(-0.0132556317482218,0.0269775272004941,0.0214999995210085));
#3055=CARTESIAN_POINT('',(-0.0132556317482218,0.0269775272004941,-0.0200000004789915));
#3056=CARTESIAN_POINT('',(-0.0136221447361466,0.024,0.0173710054782388));
#3057=CARTESIAN_POINT('',(-0.0129508248603883,0.0269239236693888,0.0169834187672575));
#3058=CARTESIAN_POINT('',(-0.0129508248603881,0.0269239236693887,-0.0200000004789915));
#3059=CARTESIAN_POINT('',(-0.0129508248603883,0.0269239236693887,0.0202165802747193));
#3060=CARTESIAN_POINT('',(-0.0136221447361466,0.024,0.019828993563738));
#3061=CARTESIAN_POINT('',(-0.0233008243925856,-0.00599999999998772,0.0214999995210085));
#3062=CARTESIAN_POINT('',(-0.0130723752542595,0.0284662908007412,0.0214999995210085));
#3063=CARTESIAN_POINT('',(-0.0107278775184037,-0.00599999999998774,0.0214999995210085));
#3064=CARTESIAN_POINT('',(-0.0107278775184037,0.0222500000000003,0.0214999995210085));
#3065=CARTESIAN_POINT('',(-0.0233008243925856,0.0222500000000003,0.0214999995210085));
#3066=CARTESIAN_POINT('',(-0.00957377220237299,0.0222500000000003,0.0214999995210085));
#3067=CARTESIAN_POINT('',(-0.00957377220237303,-0.00599999999998774,0.0214999995210085));
#3068=CARTESIAN_POINT('',(-0.0130723752542595,0.0284662908007412,-0.0200000004789915));
#3069=CARTESIAN_POINT('',(-0.00875082486038834,0.0222500000000003,0.016175128390392));
#3070=CARTESIAN_POINT('',(-0.00875082486038834,0.0222500000000003,0.016175128390392));
#3071=CARTESIAN_POINT('',(-0.00735082486038832,0.0222500000000003,0.0169834187672575));
#3072=CARTESIAN_POINT('',(-0.00735082486038832,0.0222500000000003,0.0169834187672575));
#3073=CARTESIAN_POINT('',(-0.00735082486038831,0.0282500000000004,0.0169834187672575));
#3074=CARTESIAN_POINT('',(-0.00875082486038833,0.0282500000000004,0.016175128390392));
#3075=CARTESIAN_POINT('',(-0.0101508248603883,0.0282500000000004,0.0153668380135264));
#3076=CARTESIAN_POINT('',(-0.0101508248603883,0.0222500000000003,0.0153668380135264));
#3077=CARTESIAN_POINT('',(-0.0129508248603883,0.0222500000000003,0.0185999995209884));
#3078=CARTESIAN_POINT('',(-0.0129508248603883,0.0222500000000003,0.0202165802747193));
#3079=CARTESIAN_POINT('',(-0.0129508248603883,0.0282500000000004,0.0202165802747193));
#3080=CARTESIAN_POINT('',(-0.0129508248603883,0.0222500000000003,0.0169834187672575));
#3081=CARTESIAN_POINT('',(-0.0129508248603883,0.0282500000000004,0.0169834187672575));
#3082=CARTESIAN_POINT('',(-0.0129508248603883,0.0282500000000004,0.0185999995209884));
#3083=CARTESIAN_POINT('',(-0.0115508248603883,0.0222500000000003,0.016175128390392));
#3084=CARTESIAN_POINT('',(-0.0115508248603883,0.0282500000000004,0.016175128390392));
#3085=CARTESIAN_POINT('',(-0.00875082486038835,0.0222500000000003,0.0210248706515848));
#3086=CARTESIAN_POINT('',(-0.00875082486038835,0.0222500000000003,0.0210248706515848));
#3087=CARTESIAN_POINT('',(-0.00735082486038834,0.0222500000000003,0.0202165802747193));
#3088=CARTESIAN_POINT('',(-0.00875082486038835,0.0222500000000003,0.0210248706515848));
#3089=CARTESIAN_POINT('',(-0.0101508248603883,0.0222500000000003,0.0218331610284503));
#3090=CARTESIAN_POINT('',(-0.0101508248603883,0.0222500000000003,0.0218331610284503));
#3091=CARTESIAN_POINT('',(-0.0101508248603883,0.0282500000000004,0.0218331610284503));
#3092=CARTESIAN_POINT('',(-0.00875082486038834,0.0282500000000004,0.0210248706515848));
#3093=CARTESIAN_POINT('',(-0.00735082486038833,0.0282500000000004,0.0202165802747193));
#3094=CARTESIAN_POINT('',(-0.00735082486038834,0.0222500000000003,0.0202165802747193));
#3095=CARTESIAN_POINT('',(-0.0115508248603883,0.0222500000000003,0.0210248706515848));
#3096=CARTESIAN_POINT('',(-0.0115508248603883,0.0282500000000004,0.0210248706515848));
#3097=CARTESIAN_POINT('',(-0.0115508248603883,0.0222500000000003,0.0210248706515848));
#3098=CARTESIAN_POINT('',(-8.24392586251344E-7,0.0222500000000003,0.0209749995209985));
#3099=CARTESIAN_POINT('',(-0.00735082486038833,0.0222500000000003,0.0185999995209884));
#3100=CARTESIAN_POINT('',(-8.24392586251344E-7,0.0222500000000003,0.0209749995209985));
#3101=CARTESIAN_POINT('',(-0.00735082486038833,0.0222500000000003,0.0185999995209884));
#3102=CARTESIAN_POINT('',(-0.00735082486038832,0.0282500000000004,0.0185999995209884));
#3103=CARTESIAN_POINT('',(-8.24392586245176E-7,0.02825,0.0209749995209985));
#3104=CARTESIAN_POINT('',(-0.0101508248603883,0.0282500000000004,0.0185999995209884));
#3105=CARTESIAN_POINT('',(-0.00840082486038834,0.0282500000000003,0.0185999995209884));
#3106=CARTESIAN_POINT('',(-0.0101508248603883,0.0272500000000004,0.0185999995209884));
#3107=CARTESIAN_POINT('',(8.24392586239296E-7,0.03805,0.0148999995210085));
#3108=CARTESIAN_POINT('',(8.24392586239296E-7,0.02925,0.0148999995210085));
#3109=CARTESIAN_POINT('',(-0.00674917560741376,0.02925,0.0129999995210085));
#3110=CARTESIAN_POINT('',(5.57360227929585E-18,0.0163500000176987,0.0215999995210085));
#3111=CARTESIAN_POINT('',(4.80261406775061E-18,0.0163500000176987,0.0185999995210085));
#3112=CARTESIAN_POINT('',(0.00235,0.0163500000176987,0.0185999995210085));
#3113=CARTESIAN_POINT('',(0.004,0.0231000000353972,0.0215999995210085));
#3114=CARTESIAN_POINT('',(0.004,0.0231000000353972,0.0185999995210085));
#3115=CARTESIAN_POINT('',(0.00635,0.0231000000353972,0.0185999995210085));
#3116=CARTESIAN_POINT('',(-0.004,0.0231000000353972,0.0215999995210085));
#3117=CARTESIAN_POINT('',(-0.004,0.0231000000353972,0.0185999995210085));
#3118=CARTESIAN_POINT('',(-0.00165,0.0231000000353972,0.0185999995210085));
#3119=CARTESIAN_POINT('',(1.17190206923888E-17,0.0177,0.0185999995210085));
#3120=CARTESIAN_POINT('',(1.17190206923888E-17,0.0177,0.0185999995210085));
#3121=CARTESIAN_POINT('',(1.17190206923888E-17,0.0177,0.0185999995210085));
#3122=MECHANICAL_DESIGN_GEOMETRIC_PRESENTATION_REPRESENTATION('',(#1863),
#3123);
#3123=(
GEOMETRIC_REPRESENTATION_CONTEXT(3)
GLOBAL_UNCERTAINTY_ASSIGNED_CONTEXT((#3124))
GLOBAL_UNIT_ASSIGNED_CONTEXT((#3127,#3126,#3125))
REPRESENTATION_CONTEXT('extruder_mount','TOP_LEVEL_ASSEMBLY_PART')
);
#3124=UNCERTAINTY_MEASURE_WITH_UNIT(LENGTH_MEASURE(2.E-5),#3127,
'DISTANCE_ACCURACY_VALUE','Maximum Tolerance applied to model');
#3125=(
NAMED_UNIT(*)
SI_UNIT($,.STERADIAN.)
SOLID_ANGLE_UNIT()
);
#3126=(
NAMED_UNIT(*)
PLANE_ANGLE_UNIT()
SI_UNIT($,.RADIAN.)
);
#3127=(
LENGTH_UNIT()
NAMED_UNIT(*)
SI_UNIT($,.METRE.)
);
#3128=PRODUCT_DEFINITION_SHAPE('','',#3129);
#3129=PRODUCT_DEFINITION('','',#3131,#3130);
#3130=PRODUCT_DEFINITION_CONTEXT('',#3137,'design');
#3131=PRODUCT_DEFINITION_FORMATION_WITH_SPECIFIED_SOURCE('','',#3133,
 .NOT_KNOWN.);
#3132=PRODUCT_RELATED_PRODUCT_CATEGORY('','',(#3133));
#3133=PRODUCT('extruder_mount','extruder_mount','extruder_mount',(#3135));
#3134=PRODUCT_CATEGORY('','');
#3135=PRODUCT_CONTEXT('',#3137,'mechanical');
#3136=APPLICATION_PROTOCOL_DEFINITION('international standard',
'ap242_managed_model_based_3d_engineering',2020,#3137);
#3137=APPLICATION_CONTEXT('managed model based 3d engineering');
ENDSEC;
END-ISO-10303-21;
