ISO-10303-21;
HEADER;
/* Generated by software containing ST-Developer
 * from STEP Tools, Inc. (www.steptools.com) 
 */
/* OPTION: using custom renumber hook */

FILE_DESCRIPTION(
/* description */ ('STEP AP242 Edition 2',
'CAx-IF Rec.Pracs.---Representation and Presentation of Product Manufa
cturing Information (PMI)---4.0---2014-10-13',
'CAx-IF Rec.Pracs.---3D Tessellated Geometry---0.4---2014-09-14','2;1',
'CAx-IF Rec.Pracs.---User Defined Attributes---1.5---2016-08-15'),
/* implementation_level */ '2;1');

FILE_NAME(
/* name */ 'voron_sphinx_tLW - left_clamp_voron',
/* time_stamp */ '2026-09-03T18:55:30Z',
/* author */ (''),
/* organization */ (''),
/* preprocessor_version */ 'ST-DEVELOPER v20',
/* originating_system */ 'ONSHAPE BY PTC INC, 1.220',
/* authorisation */ '  ');

FILE_SCHEMA (('AP242_MANAGED_MODEL_BASED_3D_ENGINEERING_MIM_LF { 1 0 10303 442 3 1 4 }'));
ENDSEC;

DATA;
#10=SHAPE_REPRESENTATION_RELATIONSHIP('','',#1296,#11);
#11=ADVANCED_BREP_SHAPE_REPRESENTATION('',(#1294),#2366);
#12=(
BOUNDED_SURFACE()
B_SPLINE_SURFACE(3,2,((#2162,#2163,#2164),(#2165,#2166,#2167),(#2168,#2169,
#2170),(#2171,#2172,#2173),(#2174,#2175,#2176)),.UNSPECIFIED.,.F.,.F.,.F.)
B_SPLINE_SURFACE_WITH_KNOTS((4,1,4),(3,3),(4.2716894745991,4.82320945748421,
5.37472944036931),(0.,1.),.UNSPECIFIED.)
GEOMETRIC_REPRESENTATION_ITEM()
RATIONAL_B_SPLINE_SURFACE(((1.,0.59091787777603,1.),(1.,0.640659978717034,
1.),(1.,0.739763601144854,1.),(1.,0.816752196259916,1.),(1.,0.847008056862593,
1.)))
REPRESENTATION_ITEM('')
SURFACE()
);
#13=(
BOUNDED_SURFACE()
B_SPLINE_SURFACE(3,2,((#2184,#2185,#2186),(#2187,#2188,#2189),(#2190,#2191,
#2192),(#2193,#2194,#2195),(#2196,#2197,#2198)),.UNSPECIFIED.,.F.,.F.,.F.)
B_SPLINE_SURFACE_WITH_KNOTS((4,1,4),(3,3),(0.908467113981933,1.45976795035764,
2.01106878673334),(0.,1.),.UNSPECIFIED.)
GEOMETRIC_REPRESENTATION_ITEM()
RATIONAL_B_SPLINE_SURFACE(((1.,0.847006205825109,1.),(1.,0.8167620360224,
1.),(1.,0.739810136824863,1.),(1.,0.640756048351335,1.),(1.,0.59103342509873,
1.)))
REPRESENTATION_ITEM('')
SURFACE()
);
#14=(
BOUNDED_SURFACE()
B_SPLINE_SURFACE(3,2,((#2208,#2209,#2210),(#2211,#2212,#2213),(#2214,#2215,
#2216),(#2217,#2218,#2219),(#2220,#2221,#2222)),.UNSPECIFIED.,.F.,.F.,.F.)
B_SPLINE_SURFACE_WITH_KNOTS((4,1,4),(3,3),(0.,0.707318758630263,1.41463751726053),
(0.,1.),.UNSPECIFIED.)
GEOMETRIC_REPRESENTATION_ITEM()
RATIONAL_B_SPLINE_SURFACE(((1.,0.923879532511287,1.),(1.,0.923879532511228,
1.),(1.,0.891494538400936,1.),(1.,0.800240426172226,1.),(1.,0.744974066769018,
1.)))
REPRESENTATION_ITEM('')
SURFACE()
);
#15=(
BOUNDED_SURFACE()
B_SPLINE_SURFACE(3,2,((#2226,#2227,#2228),(#2229,#2230,#2231),(#2232,#2233,
#2234),(#2235,#2236,#2237),(#2238,#2239,#2240)),.UNSPECIFIED.,.F.,.F.,.F.)
B_SPLINE_SURFACE_WITH_KNOTS((4,1,4),(3,3),(4.69657382893068,5.48987956805513,
6.28318530717959),(0.,1.),.UNSPECIFIED.)
GEOMETRIC_REPRESENTATION_ITEM()
RATIONAL_B_SPLINE_SURFACE(((1.,0.703142043023932,1.),(1.,0.769615302265197,
1.),(1.,0.883010150008872,1.),(1.,0.923879532511815,1.),(1.,0.923879532511287,
1.)))
REPRESENTATION_ITEM('')
SURFACE()
);
#16=(
BOUNDED_SURFACE()
B_SPLINE_SURFACE(3,2,((#2241,#2242,#2243),(#2244,#2245,#2246),(#2247,#2248,
#2249),(#2250,#2251,#2252),(#2253,#2254,#2255),(#2256,#2257,#2258),(#2259,
#2260,#2261)),.UNSPECIFIED.,.F.,.F.,.F.)
B_SPLINE_SURFACE_WITH_KNOTS((4,1,1,1,4),(3,3),(5.3654424703811,5.9303072687847,
6.4951720671883,7.06003686559191,7.62490166399551),(0.,1.),
 .UNSPECIFIED.)
GEOMETRIC_REPRESENTATION_ITEM()
RATIONAL_B_SPLINE_SURFACE(((1.,0.869124071211502,1.),(1.,0.905282709841906,
1.),(1.,0.957246155235709,1.),(1.,0.966065862930319,1.),(1.,0.904909939279109,
1.),(1.,0.821586185669467,1.),(1.,0.771648254644043,1.)))
REPRESENTATION_ITEM('')
SURFACE()
);
#17=ELLIPSE('',#1307,0.00553837407898313,0.003);
#18=ELLIPSE('',#1308,0.00424264068711924,0.003);
#19=ELLIPSE('',#1309,0.00636396103067887,0.0045);
#20=ELLIPSE('',#1310,0.00636396103067888,0.0045);
#21=ELLIPSE('',#1311,0.00636396103067887,0.0045);
#22=ELLIPSE('',#1312,0.00424264068711924,0.003);
#23=ELLIPSE('',#1313,0.00636396103067887,0.0045);
#24=ELLIPSE('',#1314,0.0083075611184747,0.0045);
#25=ELLIPSE('',#1316,0.00540832691319595,0.003);
#26=ELLIPSE('',#1320,0.00540832691319595,0.003);
#27=ELLIPSE('',#1324,0.00391622186799681,0.003);
#28=ELLIPSE('',#1326,0.0076003665528179,0.003);
#29=ELLIPSE('',#1329,0.00424264068711928,0.003);
#30=ELLIPSE('',#1330,0.00540832691319596,0.003);
#31=ELLIPSE('',#1333,0.0083075611184747,0.0045);
#32=ELLIPSE('',#1336,0.00391622186799681,0.003);
#33=ELLIPSE('',#1360,0.00540832691319595,0.003);
#34=ELLIPSE('',#1363,0.00540832691319596,0.003);
#35=B_SPLINE_CURVE_WITH_KNOTS('',3,(#1877,#1878,#1879,#1880),
 .UNSPECIFIED.,.F.,.F.,(4,4),(0.,0.000246179600438806),.UNSPECIFIED.);
#36=B_SPLINE_CURVE_WITH_KNOTS('',3,(#1882,#1883,#1884,#1885,#1886),
 .UNSPECIFIED.,.F.,.F.,(4,1,4),(0.,0.000469141819021616,0.000938283638043232),
 .UNSPECIFIED.);
#37=B_SPLINE_CURVE_WITH_KNOTS('',3,(#1888,#1889,#1890,#1891,#1892,#1893),
 .UNSPECIFIED.,.F.,.F.,(4,1,1,4),(0.,0.000300265069082664,0.000600530138165328,
0.00120106027633066),.UNSPECIFIED.);
#38=B_SPLINE_CURVE_WITH_KNOTS('',3,(#1895,#1896,#1897,#1898,#1899,#1900),
 .UNSPECIFIED.,.F.,.F.,(4,1,1,4),(0.,0.000193153297259858,0.000386306594519716,
0.000772613189039432),.UNSPECIFIED.);
#39=B_SPLINE_CURVE_WITH_KNOTS('',3,(#1901,#1902,#1903,#1904,#1905,#1906),
 .UNSPECIFIED.,.F.,.F.,(4,1,1,4),(7.88636580947471E-19,0.00038105211829161,
0.000571578177437415,0.00076210423658322),.UNSPECIFIED.);
#40=B_SPLINE_CURVE_WITH_KNOTS('',3,(#1908,#1909,#1910,#1911,#1912,#1913),
 .UNSPECIFIED.,.F.,.F.,(4,1,1,4),(4.33680868994202E-18,0.00059561469892733,
0.000893422048390994,0.00119122939785466),.UNSPECIFIED.);
#41=B_SPLINE_CURVE_WITH_KNOTS('',3,(#1915,#1916,#1917,#1918,#1919),
 .UNSPECIFIED.,.F.,.F.,(4,1,4),(0.,0.000469081946772058,0.000938163893544115),
 .UNSPECIFIED.);
#42=B_SPLINE_CURVE_WITH_KNOTS('',3,(#1921,#1922,#1923,#1924),
 .UNSPECIFIED.,.F.,.F.,(4,4),(0.,0.000246212200791496),.UNSPECIFIED.);
#43=B_SPLINE_CURVE_WITH_KNOTS('',3,(#1925,#1926,#1927,#1928),
 .UNSPECIFIED.,.F.,.F.,(4,4),(0.,0.000251922673230934),.UNSPECIFIED.);
#44=B_SPLINE_CURVE_WITH_KNOTS('',3,(#1930,#1931,#1932,#1933,#1934),
 .UNSPECIFIED.,.F.,.F.,(4,1,4),(0.,0.000501048153115137,0.00100209630623027),
 .UNSPECIFIED.);
#45=B_SPLINE_CURVE_WITH_KNOTS('',3,(#1936,#1937,#1938,#1939,#1940),
 .UNSPECIFIED.,.F.,.F.,(4,1,4),(0.,0.00124103862687804,0.00248207725375608),
 .UNSPECIFIED.);
#46=B_SPLINE_CURVE_WITH_KNOTS('',3,(#1942,#1943,#1944,#1945,#1946),
 .UNSPECIFIED.,.F.,.F.,(4,1,4),(0.,0.000499252455327992,0.000998504910655984),
 .UNSPECIFIED.);
#47=B_SPLINE_CURVE_WITH_KNOTS('',3,(#1948,#1949,#1950,#1951),
 .UNSPECIFIED.,.F.,.F.,(4,4),(0.,0.000251735244383326),.UNSPECIFIED.);
#48=B_SPLINE_CURVE_WITH_KNOTS('',3,(#2010,#2011,#2012,#2013,#2014,#2015,
#2016),.UNSPECIFIED.,.F.,.F.,(4,1,1,1,4),(0.,0.000753001732437984,0.00150600346487597,
0.00225900519731395,0.00301200692975194),.UNSPECIFIED.);
#49=B_SPLINE_CURVE_WITH_KNOTS('',3,(#2018,#2019,#2020,#2021,#2022,#2023,
#2024),.UNSPECIFIED.,.F.,.F.,(4,1,1,1,4),(0.,0.000745186731678941,0.00149037346335788,
0.00223556019503682,0.00298074692671577),.UNSPECIFIED.);
#50=B_SPLINE_CURVE_WITH_KNOTS('',3,(#2084,#2085,#2086,#2087,#2088),
 .UNSPECIFIED.,.F.,.F.,(4,1,4),(0.,0.000777356781233829,0.00155471356246766),
 .UNSPECIFIED.);
#51=B_SPLINE_CURVE_WITH_KNOTS('',3,(#2090,#2091,#2092,#2093,#2094),
 .UNSPECIFIED.,.F.,.F.,(4,1,4),(0.,0.00131829948165821,0.00263659896331641),
 .UNSPECIFIED.);
#52=B_SPLINE_CURVE_WITH_KNOTS('',3,(#2111,#2112,#2113,#2114,#2115,#2116,
#2117),.UNSPECIFIED.,.F.,.F.,(4,1,1,1,4),(4.51907951332969E-16,0.000599373591452457,
0.00119874718290446,0.00179812077435647,0.00239749436580847),
 .UNSPECIFIED.);
#53=B_SPLINE_CURVE_WITH_KNOTS('',3,(#2148,#2149,#2150,#2151,#2152),
 .UNSPECIFIED.,.F.,.F.,(4,1,4),(0.,0.0012737022111358,0.0025474044222716),
 .UNSPECIFIED.);
#54=B_SPLINE_CURVE_WITH_KNOTS('',3,(#2154,#2155,#2156,#2157,#2158),
 .UNSPECIFIED.,.F.,.F.,(4,1,4),(4.35066434406066E-17,0.00105503830182233,
0.00211007660364462),.UNSPECIFIED.);
#55=B_SPLINE_CURVE_WITH_KNOTS('',3,(#2177,#2178,#2179,#2180,#2181,#2182,
#2183),.UNSPECIFIED.,.F.,.F.,(4,1,1,1,4),(8.49837472194074E-18,0.000545120452250562,
0.00109024090450111,0.00163536135675167,0.00218048180900222),
 .UNSPECIFIED.);
#56=B_SPLINE_CURVE_WITH_KNOTS('',3,(#2199,#2200,#2201,#2202,#2203,#2204,
#2205),.UNSPECIFIED.,.F.,.F.,(4,1,1,1,4),(4.90730552021022E-17,0.000547941324148508,
0.00109588264829697,0.00164382397244543,0.00219176529659389),
 .UNSPECIFIED.);
#57=CYLINDRICAL_SURFACE('',#1304,0.0016);
#58=CYLINDRICAL_SURFACE('',#1315,0.003);
#59=CYLINDRICAL_SURFACE('',#1318,0.003);
#60=CYLINDRICAL_SURFACE('',#1323,0.003);
#61=CYLINDRICAL_SURFACE('',#1327,0.003);
#62=CYLINDRICAL_SURFACE('',#1337,0.003);
#63=CYLINDRICAL_SURFACE('',#1339,0.0016);
#64=CYLINDRICAL_SURFACE('',#1345,0.0016);
#65=CYLINDRICAL_SURFACE('',#1347,0.003);
#66=CYLINDRICAL_SURFACE('',#1349,0.003);
#67=CYLINDRICAL_SURFACE('',#1354,0.0016);
#68=CYLINDRICAL_SURFACE('',#1358,0.003);
#69=CYLINDRICAL_SURFACE('',#1361,0.003);
#70=CYLINDRICAL_SURFACE('',#1371,0.0015);
#71=CYLINDRICAL_SURFACE('',#1373,0.00015);
#72=CYLINDRICAL_SURFACE('',#1375,0.00015);
#73=CYLINDRICAL_SURFACE('',#1377,0.00055);
#74=CYLINDRICAL_SURFACE('',#1380,0.00055);
#75=CYLINDRICAL_SURFACE('',#1382,0.00055);
#76=CYLINDRICAL_SURFACE('',#1386,0.00015);
#77=CYLINDRICAL_SURFACE('',#1389,0.00055);
#78=CYLINDRICAL_SURFACE('',#1391,0.00055);
#79=CYLINDRICAL_SURFACE('',#1393,0.000150000000000002);
#80=CYLINDRICAL_SURFACE('',#1395,0.00015);
#81=CYLINDRICAL_SURFACE('',#1398,0.00015);
#82=CYLINDRICAL_SURFACE('',#1400,0.000150000000000002);
#83=CYLINDRICAL_SURFACE('',#1402,0.00055);
#84=CYLINDRICAL_SURFACE('',#1404,0.00055);
#85=CYLINDRICAL_SURFACE('',#1412,0.00015);
#86=CYLINDRICAL_SURFACE('',#1414,0.000150000000000002);
#87=CYLINDRICAL_SURFACE('',#1416,0.00055);
#88=CYLINDRICAL_SURFACE('',#1418,0.00055);
#89=CYLINDRICAL_SURFACE('',#1426,0.00015);
#90=CYLINDRICAL_SURFACE('',#1432,0.000150000000000005);
#91=CYLINDRICAL_SURFACE('',#1433,0.00055);
#92=CYLINDRICAL_SURFACE('',#1434,0.00055);
#93=CIRCLE('',#1299,0.0016);
#94=CIRCLE('',#1301,0.0016);
#95=CIRCLE('',#1302,0.0016);
#96=CIRCLE('',#1303,0.0016);
#97=CIRCLE('',#1305,0.0016);
#98=CIRCLE('',#1317,0.003);
#99=CIRCLE('',#1319,0.003);
#100=CIRCLE('',#1322,0.003);
#101=CIRCLE('',#1325,0.003);
#102=CIRCLE('',#1328,0.003);
#103=CIRCLE('',#1331,0.003);
#104=CIRCLE('',#1335,0.003);
#105=CIRCLE('',#1338,0.003);
#106=CIRCLE('',#1340,0.0016);
#107=CIRCLE('',#1344,0.0016);
#108=CIRCLE('',#1346,0.0016);
#109=CIRCLE('',#1348,0.003);
#110=CIRCLE('',#1355,0.0016);
#111=CIRCLE('',#1359,0.003);
#112=CIRCLE('',#1362,0.003);
#113=CIRCLE('',#1370,0.0015);
#114=CIRCLE('',#1372,0.0015);
#115=CIRCLE('',#1374,0.00015);
#116=CIRCLE('',#1376,0.00015);
#117=CIRCLE('',#1378,0.00055);
#118=CIRCLE('',#1379,0.00055);
#119=CIRCLE('',#1381,0.00055);
#120=CIRCLE('',#1383,0.00055);
#121=CIRCLE('',#1385,0.00015);
#122=CIRCLE('',#1387,0.00015);
#123=CIRCLE('',#1390,0.00055);
#124=CIRCLE('',#1392,0.00055);
#125=CIRCLE('',#1394,0.000150000000000002);
#126=CIRCLE('',#1396,0.00015);
#127=CIRCLE('',#1399,0.00015);
#128=CIRCLE('',#1401,0.000150000000000002);
#129=CIRCLE('',#1403,0.00055);
#130=CIRCLE('',#1405,0.00055);
#131=CIRCLE('',#1408,0.00015);
#132=CIRCLE('',#1409,0.00055);
#133=CIRCLE('',#1410,0.00055);
#134=CIRCLE('',#1411,0.000150000000000002);
#135=CIRCLE('',#1413,0.00015);
#136=CIRCLE('',#1415,0.000150000000000002);
#137=CIRCLE('',#1417,0.00055);
#138=CIRCLE('',#1419,0.00055);
#139=CIRCLE('',#1422,0.000150000000000005);
#140=CIRCLE('',#1423,0.00055);
#141=CIRCLE('',#1424,0.00055);
#142=CIRCLE('',#1425,0.00015);
#143=CIRCLE('',#1427,0.00015);
#144=CIRCLE('',#1429,0.000150000000000005);
#145=CIRCLE('',#1430,0.00055);
#146=CIRCLE('',#1431,0.00055);
#147=ORIENTED_EDGE('',*,*,#527,.T.);
#148=ORIENTED_EDGE('',*,*,#528,.T.);
#149=ORIENTED_EDGE('',*,*,#529,.F.);
#150=ORIENTED_EDGE('',*,*,#530,.F.);
#151=ORIENTED_EDGE('',*,*,#531,.T.);
#152=ORIENTED_EDGE('',*,*,#532,.T.);
#153=ORIENTED_EDGE('',*,*,#533,.F.);
#154=ORIENTED_EDGE('',*,*,#534,.T.);
#155=ORIENTED_EDGE('',*,*,#535,.F.);
#156=ORIENTED_EDGE('',*,*,#536,.F.);
#157=ORIENTED_EDGE('',*,*,#537,.F.);
#158=ORIENTED_EDGE('',*,*,#538,.F.);
#159=ORIENTED_EDGE('',*,*,#539,.F.);
#160=ORIENTED_EDGE('',*,*,#540,.T.);
#161=ORIENTED_EDGE('',*,*,#541,.T.);
#162=ORIENTED_EDGE('',*,*,#542,.F.);
#163=ORIENTED_EDGE('',*,*,#543,.T.);
#164=ORIENTED_EDGE('',*,*,#544,.F.);
#165=ORIENTED_EDGE('',*,*,#545,.F.);
#166=ORIENTED_EDGE('',*,*,#546,.F.);
#167=ORIENTED_EDGE('',*,*,#547,.T.);
#168=ORIENTED_EDGE('',*,*,#548,.F.);
#169=ORIENTED_EDGE('',*,*,#549,.F.);
#170=ORIENTED_EDGE('',*,*,#550,.F.);
#171=ORIENTED_EDGE('',*,*,#551,.T.);
#172=ORIENTED_EDGE('',*,*,#552,.F.);
#173=ORIENTED_EDGE('',*,*,#553,.F.);
#174=ORIENTED_EDGE('',*,*,#554,.T.);
#175=ORIENTED_EDGE('',*,*,#555,.T.);
#176=ORIENTED_EDGE('',*,*,#556,.F.);
#177=ORIENTED_EDGE('',*,*,#557,.F.);
#178=ORIENTED_EDGE('',*,*,#558,.F.);
#179=ORIENTED_EDGE('',*,*,#559,.T.);
#180=ORIENTED_EDGE('',*,*,#560,.T.);
#181=ORIENTED_EDGE('',*,*,#561,.F.);
#182=ORIENTED_EDGE('',*,*,#562,.F.);
#183=ORIENTED_EDGE('',*,*,#563,.T.);
#184=ORIENTED_EDGE('',*,*,#564,.T.);
#185=ORIENTED_EDGE('',*,*,#565,.F.);
#186=ORIENTED_EDGE('',*,*,#566,.F.);
#187=ORIENTED_EDGE('',*,*,#567,.T.);
#188=ORIENTED_EDGE('',*,*,#554,.F.);
#189=ORIENTED_EDGE('',*,*,#568,.F.);
#190=ORIENTED_EDGE('',*,*,#569,.T.);
#191=ORIENTED_EDGE('',*,*,#570,.T.);
#192=ORIENTED_EDGE('',*,*,#571,.T.);
#193=ORIENTED_EDGE('',*,*,#572,.F.);
#194=ORIENTED_EDGE('',*,*,#528,.F.);
#195=ORIENTED_EDGE('',*,*,#573,.T.);
#196=ORIENTED_EDGE('',*,*,#574,.T.);
#197=ORIENTED_EDGE('',*,*,#575,.T.);
#198=ORIENTED_EDGE('',*,*,#576,.F.);
#199=ORIENTED_EDGE('',*,*,#577,.F.);
#200=ORIENTED_EDGE('',*,*,#578,.F.);
#201=ORIENTED_EDGE('',*,*,#579,.F.);
#202=ORIENTED_EDGE('',*,*,#580,.F.);
#203=ORIENTED_EDGE('',*,*,#581,.T.);
#204=ORIENTED_EDGE('',*,*,#582,.F.);
#205=ORIENTED_EDGE('',*,*,#538,.T.);
#206=ORIENTED_EDGE('',*,*,#583,.F.);
#207=ORIENTED_EDGE('',*,*,#584,.F.);
#208=ORIENTED_EDGE('',*,*,#585,.F.);
#209=ORIENTED_EDGE('',*,*,#586,.T.);
#210=ORIENTED_EDGE('',*,*,#587,.F.);
#211=ORIENTED_EDGE('',*,*,#588,.F.);
#212=ORIENTED_EDGE('',*,*,#589,.F.);
#213=ORIENTED_EDGE('',*,*,#536,.T.);
#214=ORIENTED_EDGE('',*,*,#590,.T.);
#215=ORIENTED_EDGE('',*,*,#591,.F.);
#216=ORIENTED_EDGE('',*,*,#592,.F.);
#217=ORIENTED_EDGE('',*,*,#593,.F.);
#218=ORIENTED_EDGE('',*,*,#594,.F.);
#219=ORIENTED_EDGE('',*,*,#595,.F.);
#220=ORIENTED_EDGE('',*,*,#596,.F.);
#221=ORIENTED_EDGE('',*,*,#597,.F.);
#222=ORIENTED_EDGE('',*,*,#598,.F.);
#223=ORIENTED_EDGE('',*,*,#559,.F.);
#224=ORIENTED_EDGE('',*,*,#599,.T.);
#225=ORIENTED_EDGE('',*,*,#600,.F.);
#226=ORIENTED_EDGE('',*,*,#594,.T.);
#227=ORIENTED_EDGE('',*,*,#601,.F.);
#228=ORIENTED_EDGE('',*,*,#587,.T.);
#229=ORIENTED_EDGE('',*,*,#602,.T.);
#230=ORIENTED_EDGE('',*,*,#585,.T.);
#231=ORIENTED_EDGE('',*,*,#603,.F.);
#232=ORIENTED_EDGE('',*,*,#596,.T.);
#233=ORIENTED_EDGE('',*,*,#604,.F.);
#234=ORIENTED_EDGE('',*,*,#605,.F.);
#235=ORIENTED_EDGE('',*,*,#606,.T.);
#236=ORIENTED_EDGE('',*,*,#607,.F.);
#237=ORIENTED_EDGE('',*,*,#608,.F.);
#238=ORIENTED_EDGE('',*,*,#609,.F.);
#239=ORIENTED_EDGE('',*,*,#610,.T.);
#240=ORIENTED_EDGE('',*,*,#611,.T.);
#241=ORIENTED_EDGE('',*,*,#612,.F.);
#242=ORIENTED_EDGE('',*,*,#613,.F.);
#243=ORIENTED_EDGE('',*,*,#614,.T.);
#244=ORIENTED_EDGE('',*,*,#615,.T.);
#245=ORIENTED_EDGE('',*,*,#616,.F.);
#246=ORIENTED_EDGE('',*,*,#617,.T.);
#247=ORIENTED_EDGE('',*,*,#618,.T.);
#248=ORIENTED_EDGE('',*,*,#574,.F.);
#249=ORIENTED_EDGE('',*,*,#619,.T.);
#250=ORIENTED_EDGE('',*,*,#620,.T.);
#251=ORIENTED_EDGE('',*,*,#621,.F.);
#252=ORIENTED_EDGE('',*,*,#610,.F.);
#253=ORIENTED_EDGE('',*,*,#575,.F.);
#254=ORIENTED_EDGE('',*,*,#618,.F.);
#255=ORIENTED_EDGE('',*,*,#622,.T.);
#256=ORIENTED_EDGE('',*,*,#623,.F.);
#257=ORIENTED_EDGE('',*,*,#532,.F.);
#258=ORIENTED_EDGE('',*,*,#624,.T.);
#259=ORIENTED_EDGE('',*,*,#625,.T.);
#260=ORIENTED_EDGE('',*,*,#626,.F.);
#261=ORIENTED_EDGE('',*,*,#627,.F.);
#262=ORIENTED_EDGE('',*,*,#628,.F.);
#263=ORIENTED_EDGE('',*,*,#541,.F.);
#264=ORIENTED_EDGE('',*,*,#629,.T.);
#265=ORIENTED_EDGE('',*,*,#630,.F.);
#266=ORIENTED_EDGE('',*,*,#620,.F.);
#267=ORIENTED_EDGE('',*,*,#631,.T.);
#268=ORIENTED_EDGE('',*,*,#632,.T.);
#269=ORIENTED_EDGE('',*,*,#606,.F.);
#270=ORIENTED_EDGE('',*,*,#615,.F.);
#271=ORIENTED_EDGE('',*,*,#633,.T.);
#272=ORIENTED_EDGE('',*,*,#627,.T.);
#273=ORIENTED_EDGE('',*,*,#605,.T.);
#274=ORIENTED_EDGE('',*,*,#634,.F.);
#275=ORIENTED_EDGE('',*,*,#633,.F.);
#276=ORIENTED_EDGE('',*,*,#614,.F.);
#277=ORIENTED_EDGE('',*,*,#635,.F.);
#278=ORIENTED_EDGE('',*,*,#590,.F.);
#279=ORIENTED_EDGE('',*,*,#535,.T.);
#280=ORIENTED_EDGE('',*,*,#636,.T.);
#281=ORIENTED_EDGE('',*,*,#530,.T.);
#282=ORIENTED_EDGE('',*,*,#637,.T.);
#283=ORIENTED_EDGE('',*,*,#550,.T.);
#284=ORIENTED_EDGE('',*,*,#638,.T.);
#285=ORIENTED_EDGE('',*,*,#546,.T.);
#286=ORIENTED_EDGE('',*,*,#639,.T.);
#287=ORIENTED_EDGE('',*,*,#542,.T.);
#288=ORIENTED_EDGE('',*,*,#628,.T.);
#289=ORIENTED_EDGE('',*,*,#640,.F.);
#290=ORIENTED_EDGE('',*,*,#640,.T.);
#291=ORIENTED_EDGE('',*,*,#641,.F.);
#292=ORIENTED_EDGE('',*,*,#619,.F.);
#293=ORIENTED_EDGE('',*,*,#573,.F.);
#294=ORIENTED_EDGE('',*,*,#642,.F.);
#295=ORIENTED_EDGE('',*,*,#631,.F.);
#296=ORIENTED_EDGE('',*,*,#586,.F.);
#297=ORIENTED_EDGE('',*,*,#602,.F.);
#298=ORIENTED_EDGE('',*,*,#643,.T.);
#299=ORIENTED_EDGE('',*,*,#581,.F.);
#300=ORIENTED_EDGE('',*,*,#644,.F.);
#301=ORIENTED_EDGE('',*,*,#629,.F.);
#302=ORIENTED_EDGE('',*,*,#540,.F.);
#303=ORIENTED_EDGE('',*,*,#621,.T.);
#304=ORIENTED_EDGE('',*,*,#630,.T.);
#305=ORIENTED_EDGE('',*,*,#644,.T.);
#306=ORIENTED_EDGE('',*,*,#580,.T.);
#307=ORIENTED_EDGE('',*,*,#645,.F.);
#308=ORIENTED_EDGE('',*,*,#611,.F.);
#309=ORIENTED_EDGE('',*,*,#539,.T.);
#310=ORIENTED_EDGE('',*,*,#582,.T.);
#311=ORIENTED_EDGE('',*,*,#643,.F.);
#312=ORIENTED_EDGE('',*,*,#531,.F.);
#313=ORIENTED_EDGE('',*,*,#646,.T.);
#314=ORIENTED_EDGE('',*,*,#647,.T.);
#315=ORIENTED_EDGE('',*,*,#624,.F.);
#316=ORIENTED_EDGE('',*,*,#534,.F.);
#317=ORIENTED_EDGE('',*,*,#648,.T.);
#318=ORIENTED_EDGE('',*,*,#649,.T.);
#319=ORIENTED_EDGE('',*,*,#646,.F.);
#320=ORIENTED_EDGE('',*,*,#648,.F.);
#321=ORIENTED_EDGE('',*,*,#533,.T.);
#322=ORIENTED_EDGE('',*,*,#626,.T.);
#323=ORIENTED_EDGE('',*,*,#650,.F.);
#324=ORIENTED_EDGE('',*,*,#622,.F.);
#325=ORIENTED_EDGE('',*,*,#617,.F.);
#326=ORIENTED_EDGE('',*,*,#609,.T.);
#327=ORIENTED_EDGE('',*,*,#651,.F.);
#328=ORIENTED_EDGE('',*,*,#652,.F.);
#329=ORIENTED_EDGE('',*,*,#653,.T.);
#330=ORIENTED_EDGE('',*,*,#654,.F.);
#331=ORIENTED_EDGE('',*,*,#655,.F.);
#332=ORIENTED_EDGE('',*,*,#656,.F.);
#333=ORIENTED_EDGE('',*,*,#657,.F.);
#334=ORIENTED_EDGE('',*,*,#653,.F.);
#335=ORIENTED_EDGE('',*,*,#658,.T.);
#336=ORIENTED_EDGE('',*,*,#655,.T.);
#337=ORIENTED_EDGE('',*,*,#659,.F.);
#338=ORIENTED_EDGE('',*,*,#647,.F.);
#339=ORIENTED_EDGE('',*,*,#649,.F.);
#340=ORIENTED_EDGE('',*,*,#650,.T.);
#341=ORIENTED_EDGE('',*,*,#625,.F.);
#342=ORIENTED_EDGE('',*,*,#652,.T.);
#343=ORIENTED_EDGE('',*,*,#660,.F.);
#344=ORIENTED_EDGE('',*,*,#576,.T.);
#345=ORIENTED_EDGE('',*,*,#623,.T.);
#346=ORIENTED_EDGE('',*,*,#651,.T.);
#347=ORIENTED_EDGE('',*,*,#613,.T.);
#348=ORIENTED_EDGE('',*,*,#656,.T.);
#349=ORIENTED_EDGE('',*,*,#658,.F.);
#350=ORIENTED_EDGE('',*,*,#642,.T.);
#351=ORIENTED_EDGE('',*,*,#592,.T.);
#352=ORIENTED_EDGE('',*,*,#661,.F.);
#353=ORIENTED_EDGE('',*,*,#607,.T.);
#354=ORIENTED_EDGE('',*,*,#632,.F.);
#355=ORIENTED_EDGE('',*,*,#641,.T.);
#356=ORIENTED_EDGE('',*,*,#537,.T.);
#357=ORIENTED_EDGE('',*,*,#662,.F.);
#358=ORIENTED_EDGE('',*,*,#599,.F.);
#359=ORIENTED_EDGE('',*,*,#663,.F.);
#360=ORIENTED_EDGE('',*,*,#588,.T.);
#361=ORIENTED_EDGE('',*,*,#601,.T.);
#362=ORIENTED_EDGE('',*,*,#593,.T.);
#363=ORIENTED_EDGE('',*,*,#664,.F.);
#364=ORIENTED_EDGE('',*,*,#597,.T.);
#365=ORIENTED_EDGE('',*,*,#603,.T.);
#366=ORIENTED_EDGE('',*,*,#584,.T.);
#367=ORIENTED_EDGE('',*,*,#665,.F.);
#368=ORIENTED_EDGE('',*,*,#604,.T.);
#369=ORIENTED_EDGE('',*,*,#598,.T.);
#370=ORIENTED_EDGE('',*,*,#665,.T.);
#371=ORIENTED_EDGE('',*,*,#583,.T.);
#372=ORIENTED_EDGE('',*,*,#663,.T.);
#373=ORIENTED_EDGE('',*,*,#589,.T.);
#374=ORIENTED_EDGE('',*,*,#664,.T.);
#375=ORIENTED_EDGE('',*,*,#595,.T.);
#376=ORIENTED_EDGE('',*,*,#600,.T.);
#377=ORIENTED_EDGE('',*,*,#662,.T.);
#378=ORIENTED_EDGE('',*,*,#612,.T.);
#379=ORIENTED_EDGE('',*,*,#645,.T.);
#380=ORIENTED_EDGE('',*,*,#579,.T.);
#381=ORIENTED_EDGE('',*,*,#666,.T.);
#382=ORIENTED_EDGE('',*,*,#657,.T.);
#383=ORIENTED_EDGE('',*,*,#666,.F.);
#384=ORIENTED_EDGE('',*,*,#578,.T.);
#385=ORIENTED_EDGE('',*,*,#667,.T.);
#386=ORIENTED_EDGE('',*,*,#659,.T.);
#387=ORIENTED_EDGE('',*,*,#660,.T.);
#388=ORIENTED_EDGE('',*,*,#654,.T.);
#389=ORIENTED_EDGE('',*,*,#667,.F.);
#390=ORIENTED_EDGE('',*,*,#577,.T.);
#391=ORIENTED_EDGE('',*,*,#635,.T.);
#392=ORIENTED_EDGE('',*,*,#616,.T.);
#393=ORIENTED_EDGE('',*,*,#634,.T.);
#394=ORIENTED_EDGE('',*,*,#608,.T.);
#395=ORIENTED_EDGE('',*,*,#661,.T.);
#396=ORIENTED_EDGE('',*,*,#591,.T.);
#397=ORIENTED_EDGE('',*,*,#668,.F.);
#398=ORIENTED_EDGE('',*,*,#568,.T.);
#399=ORIENTED_EDGE('',*,*,#553,.T.);
#400=ORIENTED_EDGE('',*,*,#669,.F.);
#401=ORIENTED_EDGE('',*,*,#529,.T.);
#402=ORIENTED_EDGE('',*,*,#572,.T.);
#403=ORIENTED_EDGE('',*,*,#670,.F.);
#404=ORIENTED_EDGE('',*,*,#671,.T.);
#405=ORIENTED_EDGE('',*,*,#570,.F.);
#406=ORIENTED_EDGE('',*,*,#672,.T.);
#407=ORIENTED_EDGE('',*,*,#673,.T.);
#408=ORIENTED_EDGE('',*,*,#674,.F.);
#409=ORIENTED_EDGE('',*,*,#675,.F.);
#410=ORIENTED_EDGE('',*,*,#676,.T.);
#411=ORIENTED_EDGE('',*,*,#569,.F.);
#412=ORIENTED_EDGE('',*,*,#668,.T.);
#413=ORIENTED_EDGE('',*,*,#677,.T.);
#414=ORIENTED_EDGE('',*,*,#672,.F.);
#415=ORIENTED_EDGE('',*,*,#571,.F.);
#416=ORIENTED_EDGE('',*,*,#676,.F.);
#417=ORIENTED_EDGE('',*,*,#678,.F.);
#418=ORIENTED_EDGE('',*,*,#670,.T.);
#419=ORIENTED_EDGE('',*,*,#671,.F.);
#420=ORIENTED_EDGE('',*,*,#678,.T.);
#421=ORIENTED_EDGE('',*,*,#675,.T.);
#422=ORIENTED_EDGE('',*,*,#679,.F.);
#423=ORIENTED_EDGE('',*,*,#637,.F.);
#424=ORIENTED_EDGE('',*,*,#551,.F.);
#425=ORIENTED_EDGE('',*,*,#679,.T.);
#426=ORIENTED_EDGE('',*,*,#674,.T.);
#427=ORIENTED_EDGE('',*,*,#680,.F.);
#428=ORIENTED_EDGE('',*,*,#669,.T.);
#429=ORIENTED_EDGE('',*,*,#552,.T.);
#430=ORIENTED_EDGE('',*,*,#680,.T.);
#431=ORIENTED_EDGE('',*,*,#673,.F.);
#432=ORIENTED_EDGE('',*,*,#677,.F.);
#433=ORIENTED_EDGE('',*,*,#681,.F.);
#434=ORIENTED_EDGE('',*,*,#565,.T.);
#435=ORIENTED_EDGE('',*,*,#682,.T.);
#436=ORIENTED_EDGE('',*,*,#683,.F.);
#437=ORIENTED_EDGE('',*,*,#684,.F.);
#438=ORIENTED_EDGE('',*,*,#566,.T.);
#439=ORIENTED_EDGE('',*,*,#681,.T.);
#440=ORIENTED_EDGE('',*,*,#685,.F.);
#441=ORIENTED_EDGE('',*,*,#564,.F.);
#442=ORIENTED_EDGE('',*,*,#557,.T.);
#443=ORIENTED_EDGE('',*,*,#686,.T.);
#444=ORIENTED_EDGE('',*,*,#682,.F.);
#445=ORIENTED_EDGE('',*,*,#567,.F.);
#446=ORIENTED_EDGE('',*,*,#684,.T.);
#447=ORIENTED_EDGE('',*,*,#687,.T.);
#448=ORIENTED_EDGE('',*,*,#555,.F.);
#449=ORIENTED_EDGE('',*,*,#686,.F.);
#450=ORIENTED_EDGE('',*,*,#556,.T.);
#451=ORIENTED_EDGE('',*,*,#687,.F.);
#452=ORIENTED_EDGE('',*,*,#685,.T.);
#453=ORIENTED_EDGE('',*,*,#683,.T.);
#454=ORIENTED_EDGE('',*,*,#560,.F.);
#455=ORIENTED_EDGE('',*,*,#527,.F.);
#456=ORIENTED_EDGE('',*,*,#688,.F.);
#457=ORIENTED_EDGE('',*,*,#689,.T.);
#458=ORIENTED_EDGE('',*,*,#563,.F.);
#459=ORIENTED_EDGE('',*,*,#690,.F.);
#460=ORIENTED_EDGE('',*,*,#691,.F.);
#461=ORIENTED_EDGE('',*,*,#558,.T.);
#462=ORIENTED_EDGE('',*,*,#692,.T.);
#463=ORIENTED_EDGE('',*,*,#561,.T.);
#464=ORIENTED_EDGE('',*,*,#689,.F.);
#465=ORIENTED_EDGE('',*,*,#693,.T.);
#466=ORIENTED_EDGE('',*,*,#690,.T.);
#467=ORIENTED_EDGE('',*,*,#562,.T.);
#468=ORIENTED_EDGE('',*,*,#692,.F.);
#469=ORIENTED_EDGE('',*,*,#694,.T.);
#470=ORIENTED_EDGE('',*,*,#636,.F.);
#471=ORIENTED_EDGE('',*,*,#691,.T.);
#472=ORIENTED_EDGE('',*,*,#694,.F.);
#473=ORIENTED_EDGE('',*,*,#693,.F.);
#474=ORIENTED_EDGE('',*,*,#688,.T.);
#475=ORIENTED_EDGE('',*,*,#695,.F.);
#476=ORIENTED_EDGE('',*,*,#696,.T.);
#477=ORIENTED_EDGE('',*,*,#697,.T.);
#478=ORIENTED_EDGE('',*,*,#698,.F.);
#479=ORIENTED_EDGE('',*,*,#639,.F.);
#480=ORIENTED_EDGE('',*,*,#699,.F.);
#481=ORIENTED_EDGE('',*,*,#695,.T.);
#482=ORIENTED_EDGE('',*,*,#545,.T.);
#483=ORIENTED_EDGE('',*,*,#700,.F.);
#484=ORIENTED_EDGE('',*,*,#543,.F.);
#485=ORIENTED_EDGE('',*,*,#698,.T.);
#486=ORIENTED_EDGE('',*,*,#701,.T.);
#487=ORIENTED_EDGE('',*,*,#702,.F.);
#488=ORIENTED_EDGE('',*,*,#697,.F.);
#489=ORIENTED_EDGE('',*,*,#703,.T.);
#490=ORIENTED_EDGE('',*,*,#704,.T.);
#491=ORIENTED_EDGE('',*,*,#701,.F.);
#492=ORIENTED_EDGE('',*,*,#696,.F.);
#493=ORIENTED_EDGE('',*,*,#699,.T.);
#494=ORIENTED_EDGE('',*,*,#705,.T.);
#495=ORIENTED_EDGE('',*,*,#703,.F.);
#496=ORIENTED_EDGE('',*,*,#700,.T.);
#497=ORIENTED_EDGE('',*,*,#544,.T.);
#498=ORIENTED_EDGE('',*,*,#702,.T.);
#499=ORIENTED_EDGE('',*,*,#704,.F.);
#500=ORIENTED_EDGE('',*,*,#705,.F.);
#501=ORIENTED_EDGE('',*,*,#638,.F.);
#502=ORIENTED_EDGE('',*,*,#706,.T.);
#503=ORIENTED_EDGE('',*,*,#707,.F.);
#504=ORIENTED_EDGE('',*,*,#708,.F.);
#505=ORIENTED_EDGE('',*,*,#709,.T.);
#506=ORIENTED_EDGE('',*,*,#709,.F.);
#507=ORIENTED_EDGE('',*,*,#710,.T.);
#508=ORIENTED_EDGE('',*,*,#711,.T.);
#509=ORIENTED_EDGE('',*,*,#547,.F.);
#510=ORIENTED_EDGE('',*,*,#712,.F.);
#511=ORIENTED_EDGE('',*,*,#548,.T.);
#512=ORIENTED_EDGE('',*,*,#711,.F.);
#513=ORIENTED_EDGE('',*,*,#713,.T.);
#514=ORIENTED_EDGE('',*,*,#714,.T.);
#515=ORIENTED_EDGE('',*,*,#706,.F.);
#516=ORIENTED_EDGE('',*,*,#549,.T.);
#517=ORIENTED_EDGE('',*,*,#712,.T.);
#518=ORIENTED_EDGE('',*,*,#715,.F.);
#519=ORIENTED_EDGE('',*,*,#710,.F.);
#520=ORIENTED_EDGE('',*,*,#708,.T.);
#521=ORIENTED_EDGE('',*,*,#716,.T.);
#522=ORIENTED_EDGE('',*,*,#713,.F.);
#523=ORIENTED_EDGE('',*,*,#716,.F.);
#524=ORIENTED_EDGE('',*,*,#707,.T.);
#525=ORIENTED_EDGE('',*,*,#715,.T.);
#526=ORIENTED_EDGE('',*,*,#714,.F.);
#527=EDGE_CURVE('',#717,#718,#840,.T.);
#528=EDGE_CURVE('',#718,#719,#93,.T.);
#529=EDGE_CURVE('',#720,#719,#841,.T.);
#530=EDGE_CURVE('',#717,#720,#842,.T.);
#531=EDGE_CURVE('',#721,#722,#843,.T.);
#532=EDGE_CURVE('',#722,#723,#94,.T.);
#533=EDGE_CURVE('',#724,#723,#844,.T.);
#534=EDGE_CURVE('',#724,#721,#95,.T.);
#535=EDGE_CURVE('',#725,#726,#845,.T.);
#536=EDGE_CURVE('',#727,#725,#846,.T.);
#537=EDGE_CURVE('',#728,#727,#847,.T.);
#538=EDGE_CURVE('',#729,#728,#848,.T.);
#539=EDGE_CURVE('',#730,#729,#849,.T.);
#540=EDGE_CURVE('',#730,#731,#850,.T.);
#541=EDGE_CURVE('',#731,#732,#851,.T.);
#542=EDGE_CURVE('',#733,#732,#852,.T.);
#543=EDGE_CURVE('',#733,#734,#853,.T.);
#544=EDGE_CURVE('',#735,#734,#854,.T.);
#545=EDGE_CURVE('',#736,#735,#855,.T.);
#546=EDGE_CURVE('',#737,#736,#856,.T.);
#547=EDGE_CURVE('',#737,#738,#857,.T.);
#548=EDGE_CURVE('',#739,#738,#858,.T.);
#549=EDGE_CURVE('',#740,#739,#859,.T.);
#550=EDGE_CURVE('',#741,#740,#860,.T.);
#551=EDGE_CURVE('',#741,#742,#861,.T.);
#552=EDGE_CURVE('',#743,#742,#862,.T.);
#553=EDGE_CURVE('',#744,#743,#863,.T.);
#554=EDGE_CURVE('',#744,#745,#96,.T.);
#555=EDGE_CURVE('',#745,#746,#864,.T.);
#556=EDGE_CURVE('',#747,#746,#865,.T.);
#557=EDGE_CURVE('',#748,#747,#866,.T.);
#558=EDGE_CURVE('',#726,#748,#867,.T.);
#559=EDGE_CURVE('',#749,#749,#97,.T.);
#560=EDGE_CURVE('',#718,#750,#35,.T.);
#561=EDGE_CURVE('',#751,#750,#36,.T.);
#562=EDGE_CURVE('',#752,#751,#37,.T.);
#563=EDGE_CURVE('',#752,#748,#38,.T.);
#564=EDGE_CURVE('',#748,#753,#39,.T.);
#565=EDGE_CURVE('',#754,#753,#40,.T.);
#566=EDGE_CURVE('',#755,#754,#41,.T.);
#567=EDGE_CURVE('',#755,#745,#42,.T.);
#568=EDGE_CURVE('',#756,#744,#43,.T.);
#569=EDGE_CURVE('',#756,#757,#44,.T.);
#570=EDGE_CURVE('',#757,#758,#45,.T.);
#571=EDGE_CURVE('',#758,#759,#46,.T.);
#572=EDGE_CURVE('',#719,#759,#47,.T.);
#573=EDGE_CURVE('',#760,#761,#17,.T.);
#574=EDGE_CURVE('',#761,#762,#868,.T.);
#575=EDGE_CURVE('',#762,#763,#18,.T.);
#576=EDGE_CURVE('',#764,#763,#869,.T.);
#577=EDGE_CURVE('',#765,#764,#19,.F.);
#578=EDGE_CURVE('',#766,#765,#870,.T.);
#579=EDGE_CURVE('',#767,#766,#20,.F.);
#580=EDGE_CURVE('',#768,#767,#871,.F.);
#581=EDGE_CURVE('',#768,#769,#872,.T.);
#582=EDGE_CURVE('',#729,#769,#873,.T.);
#583=EDGE_CURVE('',#770,#728,#874,.F.);
#584=EDGE_CURVE('',#771,#770,#21,.F.);
#585=EDGE_CURVE('',#772,#771,#875,.T.);
#586=EDGE_CURVE('',#772,#773,#22,.T.);
#587=EDGE_CURVE('',#774,#773,#876,.T.);
#588=EDGE_CURVE('',#775,#774,#23,.F.);
#589=EDGE_CURVE('',#727,#775,#877,.T.);
#590=EDGE_CURVE('',#725,#776,#878,.T.);
#591=EDGE_CURVE('',#777,#776,#24,.F.);
#592=EDGE_CURVE('',#760,#777,#879,.T.);
#593=EDGE_CURVE('',#778,#779,#25,.F.);
#594=EDGE_CURVE('',#780,#778,#98,.T.);
#595=EDGE_CURVE('',#779,#780,#880,.F.);
#596=EDGE_CURVE('',#781,#782,#99,.T.);
#597=EDGE_CURVE('',#783,#781,#26,.F.);
#598=EDGE_CURVE('',#782,#783,#881,.T.);
#599=EDGE_CURVE('',#784,#785,#882,.T.);
#600=EDGE_CURVE('',#780,#785,#883,.T.);
#601=EDGE_CURVE('',#774,#778,#48,.T.);
#602=EDGE_CURVE('',#773,#772,#100,.T.);
#603=EDGE_CURVE('',#781,#771,#49,.T.);
#604=EDGE_CURVE('',#784,#782,#884,.F.);
#605=EDGE_CURVE('',#786,#787,#27,.T.);
#606=EDGE_CURVE('',#786,#788,#885,.F.);
#607=EDGE_CURVE('',#789,#788,#101,.T.);
#608=EDGE_CURVE('',#787,#789,#28,.F.);
#609=EDGE_CURVE('',#790,#791,#886,.T.);
#610=EDGE_CURVE('',#790,#792,#102,.F.);
#611=EDGE_CURVE('',#792,#793,#29,.T.);
#612=EDGE_CURVE('',#794,#793,#30,.F.);
#613=EDGE_CURVE('',#791,#794,#103,.T.);
#614=EDGE_CURVE('',#795,#796,#887,.T.);
#615=EDGE_CURVE('',#796,#797,#888,.T.);
#616=EDGE_CURVE('',#795,#797,#31,.F.);
#617=EDGE_CURVE('',#790,#798,#889,.T.);
#618=EDGE_CURVE('',#798,#762,#104,.T.);
#619=EDGE_CURVE('',#761,#799,#32,.T.);
#620=EDGE_CURVE('',#799,#800,#890,.T.);
#621=EDGE_CURVE('',#792,#800,#891,.T.);
#622=EDGE_CURVE('',#798,#801,#892,.T.);
#623=EDGE_CURVE('',#763,#801,#105,.T.);
#624=EDGE_CURVE('',#722,#802,#893,.T.);
#625=EDGE_CURVE('',#802,#803,#106,.T.);
#626=EDGE_CURVE('',#723,#803,#894,.T.);
#627=EDGE_CURVE('',#804,#786,#895,.T.);
#628=EDGE_CURVE('',#732,#804,#896,.T.);
#629=EDGE_CURVE('',#731,#805,#897,.T.);
#630=EDGE_CURVE('',#800,#805,#898,.F.);
#631=EDGE_CURVE('',#799,#806,#899,.T.);
#632=EDGE_CURVE('',#806,#788,#900,.T.);
#633=EDGE_CURVE('',#796,#804,#901,.T.);
#634=EDGE_CURVE('',#797,#787,#50,.T.);
#635=EDGE_CURVE('',#776,#795,#51,.T.);
#636=EDGE_CURVE('',#726,#717,#902,.T.);
#637=EDGE_CURVE('',#720,#741,#903,.T.);
#638=EDGE_CURVE('',#740,#737,#904,.T.);
#639=EDGE_CURVE('',#736,#733,#905,.T.);
#640=EDGE_CURVE('',#807,#807,#107,.F.);
#641=EDGE_CURVE('',#808,#808,#108,.F.);
#642=EDGE_CURVE('',#806,#760,#109,.T.);
#643=EDGE_CURVE('',#730,#769,#906,.T.);
#644=EDGE_CURVE('',#805,#768,#907,.T.);
#645=EDGE_CURVE('',#793,#767,#52,.T.);
#646=EDGE_CURVE('',#721,#809,#908,.T.);
#647=EDGE_CURVE('',#809,#802,#909,.T.);
#648=EDGE_CURVE('',#724,#810,#910,.T.);
#649=EDGE_CURVE('',#810,#809,#110,.T.);
#650=EDGE_CURVE('',#810,#803,#911,.T.);
#651=EDGE_CURVE('',#801,#791,#912,.T.);
#652=EDGE_CURVE('',#811,#812,#111,.T.);
#653=EDGE_CURVE('',#811,#813,#913,.T.);
#654=EDGE_CURVE('',#812,#813,#33,.F.);
#655=EDGE_CURVE('',#814,#815,#914,.T.);
#656=EDGE_CURVE('',#794,#814,#112,.T.);
#657=EDGE_CURVE('',#815,#794,#34,.F.);
#658=EDGE_CURVE('',#811,#814,#915,.T.);
#659=EDGE_CURVE('',#813,#815,#916,.F.);
#660=EDGE_CURVE('',#764,#812,#53,.T.);
#661=EDGE_CURVE('',#789,#777,#54,.T.);
#662=EDGE_CURVE('',#785,#727,#917,.T.);
#663=EDGE_CURVE('',#728,#784,#918,.T.);
#664=EDGE_CURVE('',#775,#779,#55,.T.);
#665=EDGE_CURVE('',#783,#770,#56,.T.);
#666=EDGE_CURVE('',#766,#815,#113,.T.);
#667=EDGE_CURVE('',#765,#813,#114,.T.);
#668=EDGE_CURVE('',#756,#816,#919,.T.);
#669=EDGE_CURVE('',#816,#743,#115,.T.);
#670=EDGE_CURVE('',#817,#759,#920,.T.);
#671=EDGE_CURVE('',#817,#720,#116,.T.);
#672=EDGE_CURVE('',#757,#818,#921,.T.);
#673=EDGE_CURVE('',#818,#819,#117,.T.);
#674=EDGE_CURVE('',#820,#819,#922,.T.);
#675=EDGE_CURVE('',#821,#820,#118,.T.);
#676=EDGE_CURVE('',#821,#758,#923,.T.);
#677=EDGE_CURVE('',#816,#818,#119,.T.);
#678=EDGE_CURVE('',#817,#821,#120,.T.);
#679=EDGE_CURVE('',#741,#820,#121,.T.);
#680=EDGE_CURVE('',#742,#819,#122,.T.);
#681=EDGE_CURVE('',#754,#822,#924,.T.);
#682=EDGE_CURVE('',#753,#823,#925,.T.);
#683=EDGE_CURVE('',#822,#823,#123,.T.);
#684=EDGE_CURVE('',#755,#824,#926,.T.);
#685=EDGE_CURVE('',#824,#822,#124,.T.);
#686=EDGE_CURVE('',#747,#823,#125,.T.);
#687=EDGE_CURVE('',#824,#746,#126,.T.);
#688=EDGE_CURVE('',#825,#717,#127,.F.);
#689=EDGE_CURVE('',#825,#750,#927,.T.);
#690=EDGE_CURVE('',#826,#752,#928,.T.);
#691=EDGE_CURVE('',#726,#826,#128,.F.);
#692=EDGE_CURVE('',#827,#751,#929,.T.);
#693=EDGE_CURVE('',#825,#827,#129,.F.);
#694=EDGE_CURVE('',#827,#826,#130,.F.);
#695=EDGE_CURVE('',#828,#736,#131,.T.);
#696=EDGE_CURVE('',#828,#829,#132,.T.);
#697=EDGE_CURVE('',#829,#830,#133,.T.);
#698=EDGE_CURVE('',#733,#830,#134,.T.);
#699=EDGE_CURVE('',#828,#831,#930,.T.);
#700=EDGE_CURVE('',#831,#735,#135,.T.);
#701=EDGE_CURVE('',#830,#832,#931,.T.);
#702=EDGE_CURVE('',#734,#832,#136,.T.);
#703=EDGE_CURVE('',#829,#833,#932,.T.);
#704=EDGE_CURVE('',#833,#832,#137,.T.);
#705=EDGE_CURVE('',#831,#833,#138,.T.);
#706=EDGE_CURVE('',#740,#834,#139,.F.);
#707=EDGE_CURVE('',#835,#834,#140,.F.);
#708=EDGE_CURVE('',#836,#835,#141,.F.);
#709=EDGE_CURVE('',#836,#737,#142,.F.);
#710=EDGE_CURVE('',#836,#837,#933,.T.);
#711=EDGE_CURVE('',#837,#738,#143,.T.);
#712=EDGE_CURVE('',#739,#838,#144,.T.);
#713=EDGE_CURVE('',#837,#839,#145,.T.);
#714=EDGE_CURVE('',#839,#838,#146,.T.);
#715=EDGE_CURVE('',#834,#838,#934,.T.);
#716=EDGE_CURVE('',#835,#839,#935,.T.);
#717=VERTEX_POINT('',#1810);
#718=VERTEX_POINT('',#1811);
#719=VERTEX_POINT('',#1813);
#720=VERTEX_POINT('',#1815);
#721=VERTEX_POINT('',#1819);
#722=VERTEX_POINT('',#1820);
#723=VERTEX_POINT('',#1822);
#724=VERTEX_POINT('',#1824);
#725=VERTEX_POINT('',#1827);
#726=VERTEX_POINT('',#1828);
#727=VERTEX_POINT('',#1830);
#728=VERTEX_POINT('',#1832);
#729=VERTEX_POINT('',#1834);
#730=VERTEX_POINT('',#1836);
#731=VERTEX_POINT('',#1838);
#732=VERTEX_POINT('',#1840);
#733=VERTEX_POINT('',#1842);
#734=VERTEX_POINT('',#1844);
#735=VERTEX_POINT('',#1846);
#736=VERTEX_POINT('',#1848);
#737=VERTEX_POINT('',#1850);
#738=VERTEX_POINT('',#1852);
#739=VERTEX_POINT('',#1854);
#740=VERTEX_POINT('',#1856);
#741=VERTEX_POINT('',#1858);
#742=VERTEX_POINT('',#1860);
#743=VERTEX_POINT('',#1862);
#744=VERTEX_POINT('',#1864);
#745=VERTEX_POINT('',#1866);
#746=VERTEX_POINT('',#1868);
#747=VERTEX_POINT('',#1870);
#748=VERTEX_POINT('',#1872);
#749=VERTEX_POINT('',#1876);
#750=VERTEX_POINT('',#1881);
#751=VERTEX_POINT('',#1887);
#752=VERTEX_POINT('',#1894);
#753=VERTEX_POINT('',#1907);
#754=VERTEX_POINT('',#1914);
#755=VERTEX_POINT('',#1920);
#756=VERTEX_POINT('',#1929);
#757=VERTEX_POINT('',#1935);
#758=VERTEX_POINT('',#1941);
#759=VERTEX_POINT('',#1947);
#760=VERTEX_POINT('',#1954);
#761=VERTEX_POINT('',#1955);
#762=VERTEX_POINT('',#1957);
#763=VERTEX_POINT('',#1959);
#764=VERTEX_POINT('',#1961);
#765=VERTEX_POINT('',#1963);
#766=VERTEX_POINT('',#1965);
#767=VERTEX_POINT('',#1967);
#768=VERTEX_POINT('',#1969);
#769=VERTEX_POINT('',#1971);
#770=VERTEX_POINT('',#1974);
#771=VERTEX_POINT('',#1976);
#772=VERTEX_POINT('',#1978);
#773=VERTEX_POINT('',#1980);
#774=VERTEX_POINT('',#1982);
#775=VERTEX_POINT('',#1984);
#776=VERTEX_POINT('',#1987);
#777=VERTEX_POINT('',#1989);
#778=VERTEX_POINT('',#1993);
#779=VERTEX_POINT('',#1994);
#780=VERTEX_POINT('',#1996);
#781=VERTEX_POINT('',#2000);
#782=VERTEX_POINT('',#2001);
#783=VERTEX_POINT('',#2003);
#784=VERTEX_POINT('',#2007);
#785=VERTEX_POINT('',#2008);
#786=VERTEX_POINT('',#2028);
#787=VERTEX_POINT('',#2029);
#788=VERTEX_POINT('',#2031);
#789=VERTEX_POINT('',#2033);
#790=VERTEX_POINT('',#2037);
#791=VERTEX_POINT('',#2038);
#792=VERTEX_POINT('',#2040);
#793=VERTEX_POINT('',#2042);
#794=VERTEX_POINT('',#2044);
#795=VERTEX_POINT('',#2048);
#796=VERTEX_POINT('',#2049);
#797=VERTEX_POINT('',#2051);
#798=VERTEX_POINT('',#2055);
#799=VERTEX_POINT('',#2058);
#800=VERTEX_POINT('',#2060);
#801=VERTEX_POINT('',#2064);
#802=VERTEX_POINT('',#2068);
#803=VERTEX_POINT('',#2070);
#804=VERTEX_POINT('',#2074);
#805=VERTEX_POINT('',#2077);
#806=VERTEX_POINT('',#2080);
#807=VERTEX_POINT('',#2100);
#808=VERTEX_POINT('',#2103);
#809=VERTEX_POINT('',#2121);
#810=VERTEX_POINT('',#2125);
#811=VERTEX_POINT('',#2133);
#812=VERTEX_POINT('',#2134);
#813=VERTEX_POINT('',#2136);
#814=VERTEX_POINT('',#2140);
#815=VERTEX_POINT('',#2141);
#816=VERTEX_POINT('',#2264);
#817=VERTEX_POINT('',#2268);
#818=VERTEX_POINT('',#2272);
#819=VERTEX_POINT('',#2274);
#820=VERTEX_POINT('',#2276);
#821=VERTEX_POINT('',#2278);
#822=VERTEX_POINT('',#2291);
#823=VERTEX_POINT('',#2293);
#824=VERTEX_POINT('',#2297);
#825=VERTEX_POINT('',#2306);
#826=VERTEX_POINT('',#2310);
#827=VERTEX_POINT('',#2314);
#828=VERTEX_POINT('',#2321);
#829=VERTEX_POINT('',#2323);
#830=VERTEX_POINT('',#2325);
#831=VERTEX_POINT('',#2329);
#832=VERTEX_POINT('',#2333);
#833=VERTEX_POINT('',#2337);
#834=VERTEX_POINT('',#2344);
#835=VERTEX_POINT('',#2346);
#836=VERTEX_POINT('',#2348);
#837=VERTEX_POINT('',#2352);
#838=VERTEX_POINT('',#2356);
#839=VERTEX_POINT('',#2358);
#840=LINE('',#1809,#936);
#841=LINE('',#1814,#937);
#842=LINE('',#1816,#938);
#843=LINE('',#1818,#939);
#844=LINE('',#1823,#940);
#845=LINE('',#1826,#941);
#846=LINE('',#1829,#942);
#847=LINE('',#1831,#943);
#848=LINE('',#1833,#944);
#849=LINE('',#1835,#945);
#850=LINE('',#1837,#946);
#851=LINE('',#1839,#947);
#852=LINE('',#1841,#948);
#853=LINE('',#1843,#949);
#854=LINE('',#1845,#950);
#855=LINE('',#1847,#951);
#856=LINE('',#1849,#952);
#857=LINE('',#1851,#953);
#858=LINE('',#1853,#954);
#859=LINE('',#1855,#955);
#860=LINE('',#1857,#956);
#861=LINE('',#1859,#957);
#862=LINE('',#1861,#958);
#863=LINE('',#1863,#959);
#864=LINE('',#1867,#960);
#865=LINE('',#1869,#961);
#866=LINE('',#1871,#962);
#867=LINE('',#1873,#963);
#868=LINE('',#1956,#964);
#869=LINE('',#1960,#965);
#870=LINE('',#1964,#966);
#871=LINE('',#1968,#967);
#872=LINE('',#1970,#968);
#873=LINE('',#1972,#969);
#874=LINE('',#1973,#970);
#875=LINE('',#1977,#971);
#876=LINE('',#1981,#972);
#877=LINE('',#1985,#973);
#878=LINE('',#1986,#974);
#879=LINE('',#1990,#975);
#880=LINE('',#1997,#976);
#881=LINE('',#2004,#977);
#882=LINE('',#2006,#978);
#883=LINE('',#2009,#979);
#884=LINE('',#2025,#980);
#885=LINE('',#2030,#981);
#886=LINE('',#2036,#982);
#887=LINE('',#2047,#983);
#888=LINE('',#2050,#984);
#889=LINE('',#2054,#985);
#890=LINE('',#2059,#986);
#891=LINE('',#2061,#987);
#892=LINE('',#2063,#988);
#893=LINE('',#2067,#989);
#894=LINE('',#2071,#990);
#895=LINE('',#2073,#991);
#896=LINE('',#2075,#992);
#897=LINE('',#2076,#993);
#898=LINE('',#2078,#994);
#899=LINE('',#2079,#995);
#900=LINE('',#2081,#996);
#901=LINE('',#2083,#997);
#902=LINE('',#2095,#998);
#903=LINE('',#2096,#999);
#904=LINE('',#2097,#1000);
#905=LINE('',#2098,#1001);
#906=LINE('',#2108,#1002);
#907=LINE('',#2109,#1003);
#908=LINE('',#2120,#1004);
#909=LINE('',#2122,#1005);
#910=LINE('',#2124,#1006);
#911=LINE('',#2128,#1007);
#912=LINE('',#2130,#1008);
#913=LINE('',#2135,#1009);
#914=LINE('',#2139,#1010);
#915=LINE('',#2145,#1011);
#916=LINE('',#2146,#1012);
#917=LINE('',#2160,#1013);
#918=LINE('',#2161,#1014);
#919=LINE('',#2263,#1015);
#920=LINE('',#2267,#1016);
#921=LINE('',#2271,#1017);
#922=LINE('',#2275,#1018);
#923=LINE('',#2279,#1019);
#924=LINE('',#2290,#1020);
#925=LINE('',#2292,#1021);
#926=LINE('',#2296,#1022);
#927=LINE('',#2307,#1023);
#928=LINE('',#2309,#1024);
#929=LINE('',#2313,#1025);
#930=LINE('',#2328,#1026);
#931=LINE('',#2332,#1027);
#932=LINE('',#2336,#1028);
#933=LINE('',#2351,#1029);
#934=LINE('',#2361,#1030);
#935=LINE('',#2363,#1031);
#936=VECTOR('',#1439,1.);
#937=VECTOR('',#1442,1.);
#938=VECTOR('',#1443,1.);
#939=VECTOR('',#1446,1.);
#940=VECTOR('',#1449,1.);
#941=VECTOR('',#1452,1.);
#942=VECTOR('',#1453,1.);
#943=VECTOR('',#1454,1.);
#944=VECTOR('',#1455,1.);
#945=VECTOR('',#1456,1.);
#946=VECTOR('',#1457,1.);
#947=VECTOR('',#1458,1.);
#948=VECTOR('',#1459,1.);
#949=VECTOR('',#1460,1.);
#950=VECTOR('',#1461,1.);
#951=VECTOR('',#1462,1.);
#952=VECTOR('',#1463,1.);
#953=VECTOR('',#1464,1.);
#954=VECTOR('',#1465,1.);
#955=VECTOR('',#1466,1.);
#956=VECTOR('',#1467,1.);
#957=VECTOR('',#1468,1.);
#958=VECTOR('',#1469,1.);
#959=VECTOR('',#1470,1.);
#960=VECTOR('',#1473,1.);
#961=VECTOR('',#1474,1.);
#962=VECTOR('',#1475,1.);
#963=VECTOR('',#1476,1.);
#964=VECTOR('',#1485,1.);
#965=VECTOR('',#1488,1.);
#966=VECTOR('',#1491,1.);
#967=VECTOR('',#1494,1.);
#968=VECTOR('',#1495,1.);
#969=VECTOR('',#1496,1.);
#970=VECTOR('',#1497,1.);
#971=VECTOR('',#1500,1.);
#972=VECTOR('',#1503,1.);
#973=VECTOR('',#1506,1.);
#974=VECTOR('',#1507,1.);
#975=VECTOR('',#1510,1.);
#976=VECTOR('',#1517,1.);
#977=VECTOR('',#1524,1.);
#978=VECTOR('',#1527,1.);
#979=VECTOR('',#1528,1.);
#980=VECTOR('',#1531,1.);
#981=VECTOR('',#1536,1.);
#982=VECTOR('',#1543,1.);
#983=VECTOR('',#1554,1.);
#984=VECTOR('',#1555,1.);
#985=VECTOR('',#1560,1.);
#986=VECTOR('',#1565,1.);
#987=VECTOR('',#1566,1.);
#988=VECTOR('',#1569,1.);
#989=VECTOR('',#1574,1.);
#990=VECTOR('',#1577,1.);
#991=VECTOR('',#1580,1.);
#992=VECTOR('',#1581,1.);
#993=VECTOR('',#1582,1.);
#994=VECTOR('',#1583,1.);
#995=VECTOR('',#1584,1.);
#996=VECTOR('',#1585,1.);
#997=VECTOR('',#1588,1.);
#998=VECTOR('',#1591,1.);
#999=VECTOR('',#1592,1.);
#1000=VECTOR('',#1593,1.);
#1001=VECTOR('',#1594,1.);
#1002=VECTOR('',#1609,1.);
#1003=VECTOR('',#1610,1.);
#1004=VECTOR('',#1617,1.);
#1005=VECTOR('',#1618,1.);
#1006=VECTOR('',#1621,1.);
#1007=VECTOR('',#1626,1.);
#1008=VECTOR('',#1629,1.);
#1009=VECTOR('',#1634,1.);
#1010=VECTOR('',#1639,1.);
#1011=VECTOR('',#1646,1.);
#1012=VECTOR('',#1647,1.);
#1013=VECTOR('',#1654,1.);
#1014=VECTOR('',#1655,1.);
#1015=VECTOR('',#1668,1.);
#1016=VECTOR('',#1673,1.);
#1017=VECTOR('',#1678,1.);
#1018=VECTOR('',#1681,1.);
#1019=VECTOR('',#1684,1.);
#1020=VECTOR('',#1705,1.);
#1021=VECTOR('',#1706,1.);
#1022=VECTOR('',#1711,1.);
#1023=VECTOR('',#1728,1.);
#1024=VECTOR('',#1731,1.);
#1025=VECTOR('',#1736,1.);
#1026=VECTOR('',#1757,1.);
#1027=VECTOR('',#1762,1.);
#1028=VECTOR('',#1767,1.);
#1029=VECTOR('',#1788,1.);
#1030=VECTOR('',#1801,1.);
#1031=VECTOR('',#1804,1.);
#1032=EDGE_LOOP('',(#147,#148,#149,#150));
#1033=EDGE_LOOP('',(#151,#152,#153,#154));
#1034=EDGE_LOOP('',(#155,#156,#157,#158,#159,#160,#161,#162,#163,#164,#165,
#166,#167,#168,#169,#170,#171,#172,#173,#174,#175,#176,#177,#178));
#1035=EDGE_LOOP('',(#179));
#1036=EDGE_LOOP('',(#180,#181,#182,#183,#184,#185,#186,#187,#188,#189,#190,
#191,#192,#193,#194));
#1037=EDGE_LOOP('',(#195,#196,#197,#198,#199,#200,#201,#202,#203,#204,#205,
#206,#207,#208,#209,#210,#211,#212,#213,#214,#215,#216));
#1038=EDGE_LOOP('',(#217,#218,#219));
#1039=EDGE_LOOP('',(#220,#221,#222));
#1040=EDGE_LOOP('',(#223));
#1041=EDGE_LOOP('',(#224,#225,#226,#227,#228,#229,#230,#231,#232,#233));
#1042=EDGE_LOOP('',(#234,#235,#236,#237));
#1043=EDGE_LOOP('',(#238,#239,#240,#241,#242));
#1044=EDGE_LOOP('',(#243,#244,#245));
#1045=EDGE_LOOP('',(#246,#247,#248,#249,#250,#251,#252));
#1046=EDGE_LOOP('',(#253,#254,#255,#256));
#1047=EDGE_LOOP('',(#257,#258,#259,#260));
#1048=EDGE_LOOP('',(#261,#262,#263,#264,#265,#266,#267,#268,#269));
#1049=EDGE_LOOP('',(#270,#271,#272,#273,#274));
#1050=EDGE_LOOP('',(#275,#276,#277,#278,#279,#280,#281,#282,#283,#284,#285,
#286,#287,#288));
#1051=EDGE_LOOP('',(#289));
#1052=EDGE_LOOP('',(#290));
#1053=EDGE_LOOP('',(#291));
#1054=EDGE_LOOP('',(#292,#293,#294,#295));
#1055=EDGE_LOOP('',(#296,#297));
#1056=EDGE_LOOP('',(#298,#299,#300,#301,#302));
#1057=EDGE_LOOP('',(#303,#304,#305,#306,#307,#308));
#1058=EDGE_LOOP('',(#309,#310,#311));
#1059=EDGE_LOOP('',(#312,#313,#314,#315));
#1060=EDGE_LOOP('',(#316,#317,#318,#319));
#1061=EDGE_LOOP('',(#320,#321,#322,#323));
#1062=EDGE_LOOP('',(#324,#325,#326,#327));
#1063=EDGE_LOOP('',(#328,#329,#330));
#1064=EDGE_LOOP('',(#331,#332,#333));
#1065=EDGE_LOOP('',(#334,#335,#336,#337));
#1066=EDGE_LOOP('',(#338,#339,#340,#341));
#1067=EDGE_LOOP('',(#342,#343,#344,#345,#346,#347,#348,#349));
#1068=EDGE_LOOP('',(#350,#351,#352,#353,#354));
#1069=EDGE_LOOP('',(#355));
#1070=EDGE_LOOP('',(#356,#357,#358,#359));
#1071=EDGE_LOOP('',(#360,#361,#362,#363));
#1072=EDGE_LOOP('',(#364,#365,#366,#367));
#1073=EDGE_LOOP('',(#368,#369,#370,#371,#372));
#1074=EDGE_LOOP('',(#373,#374,#375,#376,#377));
#1075=EDGE_LOOP('',(#378,#379,#380,#381,#382));
#1076=EDGE_LOOP('',(#383,#384,#385,#386));
#1077=EDGE_LOOP('',(#387,#388,#389,#390));
#1078=EDGE_LOOP('',(#391,#392,#393,#394,#395,#396));
#1079=EDGE_LOOP('',(#397,#398,#399,#400));
#1080=EDGE_LOOP('',(#401,#402,#403,#404));
#1081=EDGE_LOOP('',(#405,#406,#407,#408,#409,#410));
#1082=EDGE_LOOP('',(#411,#412,#413,#414));
#1083=EDGE_LOOP('',(#415,#416,#417,#418));
#1084=EDGE_LOOP('',(#419,#420,#421,#422,#423));
#1085=EDGE_LOOP('',(#424,#425,#426,#427));
#1086=EDGE_LOOP('',(#428,#429,#430,#431,#432));
#1087=EDGE_LOOP('',(#433,#434,#435,#436));
#1088=EDGE_LOOP('',(#437,#438,#439,#440));
#1089=EDGE_LOOP('',(#441,#442,#443,#444));
#1090=EDGE_LOOP('',(#445,#446,#447,#448));
#1091=EDGE_LOOP('',(#449,#450,#451,#452,#453));
#1092=EDGE_LOOP('',(#454,#455,#456,#457));
#1093=EDGE_LOOP('',(#458,#459,#460,#461));
#1094=EDGE_LOOP('',(#462,#463,#464,#465));
#1095=EDGE_LOOP('',(#466,#467,#468,#469));
#1096=EDGE_LOOP('',(#470,#471,#472,#473,#474));
#1097=EDGE_LOOP('',(#475,#476,#477,#478,#479));
#1098=EDGE_LOOP('',(#480,#481,#482,#483));
#1099=EDGE_LOOP('',(#484,#485,#486,#487));
#1100=EDGE_LOOP('',(#488,#489,#490,#491));
#1101=EDGE_LOOP('',(#492,#493,#494,#495));
#1102=EDGE_LOOP('',(#496,#497,#498,#499,#500));
#1103=EDGE_LOOP('',(#501,#502,#503,#504,#505));
#1104=EDGE_LOOP('',(#506,#507,#508,#509));
#1105=EDGE_LOOP('',(#510,#511,#512,#513,#514));
#1106=EDGE_LOOP('',(#515,#516,#517,#518));
#1107=EDGE_LOOP('',(#519,#520,#521,#522));
#1108=EDGE_LOOP('',(#523,#524,#525,#526));
#1109=FACE_BOUND('',#1032,.T.);
#1110=FACE_BOUND('',#1033,.T.);
#1111=FACE_BOUND('',#1034,.T.);
#1112=FACE_BOUND('',#1035,.T.);
#1113=FACE_BOUND('',#1036,.T.);
#1114=FACE_BOUND('',#1037,.T.);
#1115=FACE_BOUND('',#1038,.T.);
#1116=FACE_BOUND('',#1039,.T.);
#1117=FACE_BOUND('',#1040,.T.);
#1118=FACE_BOUND('',#1041,.T.);
#1119=FACE_BOUND('',#1042,.T.);
#1120=FACE_BOUND('',#1043,.T.);
#1121=FACE_BOUND('',#1044,.T.);
#1122=FACE_BOUND('',#1045,.T.);
#1123=FACE_BOUND('',#1046,.T.);
#1124=FACE_BOUND('',#1047,.T.);
#1125=FACE_BOUND('',#1048,.T.);
#1126=FACE_BOUND('',#1049,.T.);
#1127=FACE_BOUND('',#1050,.T.);
#1128=FACE_BOUND('',#1051,.T.);
#1129=FACE_BOUND('',#1052,.T.);
#1130=FACE_BOUND('',#1053,.T.);
#1131=FACE_BOUND('',#1054,.T.);
#1132=FACE_BOUND('',#1055,.T.);
#1133=FACE_BOUND('',#1056,.T.);
#1134=FACE_BOUND('',#1057,.T.);
#1135=FACE_BOUND('',#1058,.T.);
#1136=FACE_BOUND('',#1059,.T.);
#1137=FACE_BOUND('',#1060,.T.);
#1138=FACE_BOUND('',#1061,.T.);
#1139=FACE_BOUND('',#1062,.T.);
#1140=FACE_BOUND('',#1063,.T.);
#1141=FACE_BOUND('',#1064,.T.);
#1142=FACE_BOUND('',#1065,.T.);
#1143=FACE_BOUND('',#1066,.T.);
#1144=FACE_BOUND('',#1067,.T.);
#1145=FACE_BOUND('',#1068,.T.);
#1146=FACE_BOUND('',#1069,.T.);
#1147=FACE_BOUND('',#1070,.T.);
#1148=FACE_BOUND('',#1071,.T.);
#1149=FACE_BOUND('',#1072,.T.);
#1150=FACE_BOUND('',#1073,.T.);
#1151=FACE_BOUND('',#1074,.T.);
#1152=FACE_BOUND('',#1075,.T.);
#1153=FACE_BOUND('',#1076,.T.);
#1154=FACE_BOUND('',#1077,.T.);
#1155=FACE_BOUND('',#1078,.T.);
#1156=FACE_BOUND('',#1079,.T.);
#1157=FACE_BOUND('',#1080,.T.);
#1158=FACE_BOUND('',#1081,.T.);
#1159=FACE_BOUND('',#1082,.T.);
#1160=FACE_BOUND('',#1083,.T.);
#1161=FACE_BOUND('',#1084,.T.);
#1162=FACE_BOUND('',#1085,.T.);
#1163=FACE_BOUND('',#1086,.T.);
#1164=FACE_BOUND('',#1087,.T.);
#1165=FACE_BOUND('',#1088,.T.);
#1166=FACE_BOUND('',#1089,.T.);
#1167=FACE_BOUND('',#1090,.T.);
#1168=FACE_BOUND('',#1091,.T.);
#1169=FACE_BOUND('',#1092,.T.);
#1170=FACE_BOUND('',#1093,.T.);
#1171=FACE_BOUND('',#1094,.T.);
#1172=FACE_BOUND('',#1095,.T.);
#1173=FACE_BOUND('',#1096,.T.);
#1174=FACE_BOUND('',#1097,.T.);
#1175=FACE_BOUND('',#1098,.T.);
#1176=FACE_BOUND('',#1099,.T.);
#1177=FACE_BOUND('',#1100,.T.);
#1178=FACE_BOUND('',#1101,.T.);
#1179=FACE_BOUND('',#1102,.T.);
#1180=FACE_BOUND('',#1103,.T.);
#1181=FACE_BOUND('',#1104,.T.);
#1182=FACE_BOUND('',#1105,.T.);
#1183=FACE_BOUND('',#1106,.T.);
#1184=FACE_BOUND('',#1107,.T.);
#1185=FACE_BOUND('',#1108,.T.);
#1186=PLANE('',#1298);
#1187=PLANE('',#1300);
#1188=PLANE('',#1306);
#1189=PLANE('',#1321);
#1190=PLANE('',#1332);
#1191=PLANE('',#1334);
#1192=PLANE('',#1341);
#1193=PLANE('',#1342);
#1194=PLANE('',#1343);
#1195=PLANE('',#1350);
#1196=PLANE('',#1351);
#1197=PLANE('',#1352);
#1198=PLANE('',#1353);
#1199=PLANE('',#1356);
#1200=PLANE('',#1357);
#1201=PLANE('',#1364);
#1202=PLANE('',#1365);
#1203=PLANE('',#1366);
#1204=PLANE('',#1367);
#1205=PLANE('',#1368);
#1206=PLANE('',#1369);
#1207=PLANE('',#1384);
#1208=PLANE('',#1388);
#1209=PLANE('',#1397);
#1210=PLANE('',#1406);
#1211=PLANE('',#1407);
#1212=PLANE('',#1420);
#1213=PLANE('',#1421);
#1214=PLANE('',#1428);
#1215=ADVANCED_FACE('',(#1109),#1186,.T.);
#1216=ADVANCED_FACE('',(#1110,#1111),#1187,.T.);
#1217=ADVANCED_FACE('',(#1112,#1113),#57,.F.);
#1218=ADVANCED_FACE('',(#1114),#1188,.T.);
#1219=ADVANCED_FACE('',(#1115),#58,.T.);
#1220=ADVANCED_FACE('',(#1116),#59,.T.);
#1221=ADVANCED_FACE('',(#1117,#1118),#1189,.F.);
#1222=ADVANCED_FACE('',(#1119),#60,.T.);
#1223=ADVANCED_FACE('',(#1120),#61,.F.);
#1224=ADVANCED_FACE('',(#1121),#1190,.T.);
#1225=ADVANCED_FACE('',(#1122),#1191,.T.);
#1226=ADVANCED_FACE('',(#1123),#62,.F.);
#1227=ADVANCED_FACE('',(#1124),#63,.F.);
#1228=ADVANCED_FACE('',(#1125),#1192,.F.);
#1229=ADVANCED_FACE('',(#1126),#1193,.T.);
#1230=ADVANCED_FACE('',(#1127,#1128),#1194,.T.);
#1231=ADVANCED_FACE('',(#1129,#1130),#64,.F.);
#1232=ADVANCED_FACE('',(#1131),#65,.F.);
#1233=ADVANCED_FACE('',(#1132),#66,.F.);
#1234=ADVANCED_FACE('',(#1133),#1195,.T.);
#1235=ADVANCED_FACE('',(#1134),#1196,.F.);
#1236=ADVANCED_FACE('',(#1135),#1197,.T.);
#1237=ADVANCED_FACE('',(#1136),#1198,.F.);
#1238=ADVANCED_FACE('',(#1137),#67,.F.);
#1239=ADVANCED_FACE('',(#1138),#1199,.T.);
#1240=ADVANCED_FACE('',(#1139),#1200,.F.);
#1241=ADVANCED_FACE('',(#1140),#68,.T.);
#1242=ADVANCED_FACE('',(#1141),#69,.T.);
#1243=ADVANCED_FACE('',(#1142),#1201,.F.);
#1244=ADVANCED_FACE('',(#1143,#1144),#1202,.F.);
#1245=ADVANCED_FACE('',(#1145,#1146),#1203,.F.);
#1246=ADVANCED_FACE('',(#1147),#1204,.T.);
#1247=ADVANCED_FACE('',(#1148),#12,.F.);
#1248=ADVANCED_FACE('',(#1149),#13,.F.);
#1249=ADVANCED_FACE('',(#1150),#1205,.F.);
#1250=ADVANCED_FACE('',(#1151),#1206,.T.);
#1251=ADVANCED_FACE('',(#1152),#14,.F.);
#1252=ADVANCED_FACE('',(#1153),#70,.F.);
#1253=ADVANCED_FACE('',(#1154),#15,.F.);
#1254=ADVANCED_FACE('',(#1155),#16,.F.);
#1255=ADVANCED_FACE('',(#1156),#71,.T.);
#1256=ADVANCED_FACE('',(#1157),#72,.T.);
#1257=ADVANCED_FACE('',(#1158),#73,.F.);
#1258=ADVANCED_FACE('',(#1159),#74,.F.);
#1259=ADVANCED_FACE('',(#1160),#75,.F.);
#1260=ADVANCED_FACE('',(#1161),#1207,.F.);
#1261=ADVANCED_FACE('',(#1162),#76,.T.);
#1262=ADVANCED_FACE('',(#1163),#1208,.F.);
#1263=ADVANCED_FACE('',(#1164),#77,.F.);
#1264=ADVANCED_FACE('',(#1165),#78,.F.);
#1265=ADVANCED_FACE('',(#1166),#79,.T.);
#1266=ADVANCED_FACE('',(#1167),#80,.T.);
#1267=ADVANCED_FACE('',(#1168),#1209,.F.);
#1268=ADVANCED_FACE('',(#1169),#81,.T.);
#1269=ADVANCED_FACE('',(#1170),#82,.T.);
#1270=ADVANCED_FACE('',(#1171),#83,.F.);
#1271=ADVANCED_FACE('',(#1172),#84,.F.);
#1272=ADVANCED_FACE('',(#1173),#1210,.F.);
#1273=ADVANCED_FACE('',(#1174),#1211,.F.);
#1274=ADVANCED_FACE('',(#1175),#85,.T.);
#1275=ADVANCED_FACE('',(#1176),#86,.T.);
#1276=ADVANCED_FACE('',(#1177),#87,.F.);
#1277=ADVANCED_FACE('',(#1178),#88,.F.);
#1278=ADVANCED_FACE('',(#1179),#1212,.F.);
#1279=ADVANCED_FACE('',(#1180),#1213,.F.);
#1280=ADVANCED_FACE('',(#1181),#89,.T.);
#1281=ADVANCED_FACE('',(#1182),#1214,.F.);
#1282=ADVANCED_FACE('',(#1183),#90,.T.);
#1283=ADVANCED_FACE('',(#1184),#91,.F.);
#1284=ADVANCED_FACE('',(#1185),#92,.F.);
#1285=CLOSED_SHELL('',(#1215,#1216,#1217,#1218,#1219,#1220,#1221,#1222,
#1223,#1224,#1225,#1226,#1227,#1228,#1229,#1230,#1231,#1232,#1233,#1234,
#1235,#1236,#1237,#1238,#1239,#1240,#1241,#1242,#1243,#1244,#1245,#1246,
#1247,#1248,#1249,#1250,#1251,#1252,#1253,#1254,#1255,#1256,#1257,#1258,
#1259,#1260,#1261,#1262,#1263,#1264,#1265,#1266,#1267,#1268,#1269,#1270,
#1271,#1272,#1273,#1274,#1275,#1276,#1277,#1278,#1279,#1280,#1281,#1282,
#1283,#1284));
#1286=STYLED_ITEM('',(#1287),#1294);
#1287=PRESENTATION_STYLE_ASSIGNMENT((#1288));
#1288=SURFACE_STYLE_USAGE(.BOTH.,#1289);
#1289=SURFACE_SIDE_STYLE('',(#1290));
#1290=SURFACE_STYLE_FILL_AREA(#1291);
#1291=FILL_AREA_STYLE('',(#1292));
#1292=FILL_AREA_STYLE_COLOUR('',#1293);
#1293=COLOUR_RGB('',0.768627450980392,0.886274509803922,0.952941176470588);
#1294=MANIFOLD_SOLID_BREP('left_clamp_voron',#1285);
#1295=SHAPE_DEFINITION_REPRESENTATION(#2371,#1296);
#1296=SHAPE_REPRESENTATION('left_clamp_voron',(#1297),#2366);
#1297=AXIS2_PLACEMENT_3D('',#1807,#1435,#1436);
#1298=AXIS2_PLACEMENT_3D('',#1808,#1437,#1438);
#1299=AXIS2_PLACEMENT_3D('',#1812,#1440,#1441);
#1300=AXIS2_PLACEMENT_3D('',#1817,#1444,#1445);
#1301=AXIS2_PLACEMENT_3D('',#1821,#1447,#1448);
#1302=AXIS2_PLACEMENT_3D('',#1825,#1450,#1451);
#1303=AXIS2_PLACEMENT_3D('',#1865,#1471,#1472);
#1304=AXIS2_PLACEMENT_3D('',#1874,#1477,#1478);
#1305=AXIS2_PLACEMENT_3D('',#1875,#1479,#1480);
#1306=AXIS2_PLACEMENT_3D('',#1952,#1481,#1482);
#1307=AXIS2_PLACEMENT_3D('',#1953,#1483,#1484);
#1308=AXIS2_PLACEMENT_3D('',#1958,#1486,#1487);
#1309=AXIS2_PLACEMENT_3D('',#1962,#1489,#1490);
#1310=AXIS2_PLACEMENT_3D('',#1966,#1492,#1493);
#1311=AXIS2_PLACEMENT_3D('',#1975,#1498,#1499);
#1312=AXIS2_PLACEMENT_3D('',#1979,#1501,#1502);
#1313=AXIS2_PLACEMENT_3D('',#1983,#1504,#1505);
#1314=AXIS2_PLACEMENT_3D('',#1988,#1508,#1509);
#1315=AXIS2_PLACEMENT_3D('',#1991,#1511,#1512);
#1316=AXIS2_PLACEMENT_3D('',#1992,#1513,#1514);
#1317=AXIS2_PLACEMENT_3D('',#1995,#1515,#1516);
#1318=AXIS2_PLACEMENT_3D('',#1998,#1518,#1519);
#1319=AXIS2_PLACEMENT_3D('',#1999,#1520,#1521);
#1320=AXIS2_PLACEMENT_3D('',#2002,#1522,#1523);
#1321=AXIS2_PLACEMENT_3D('',#2005,#1525,#1526);
#1322=AXIS2_PLACEMENT_3D('',#2017,#1529,#1530);
#1323=AXIS2_PLACEMENT_3D('',#2026,#1532,#1533);
#1324=AXIS2_PLACEMENT_3D('',#2027,#1534,#1535);
#1325=AXIS2_PLACEMENT_3D('',#2032,#1537,#1538);
#1326=AXIS2_PLACEMENT_3D('',#2034,#1539,#1540);
#1327=AXIS2_PLACEMENT_3D('',#2035,#1541,#1542);
#1328=AXIS2_PLACEMENT_3D('',#2039,#1544,#1545);
#1329=AXIS2_PLACEMENT_3D('',#2041,#1546,#1547);
#1330=AXIS2_PLACEMENT_3D('',#2043,#1548,#1549);
#1331=AXIS2_PLACEMENT_3D('',#2045,#1550,#1551);
#1332=AXIS2_PLACEMENT_3D('',#2046,#1552,#1553);
#1333=AXIS2_PLACEMENT_3D('',#2052,#1556,#1557);
#1334=AXIS2_PLACEMENT_3D('',#2053,#1558,#1559);
#1335=AXIS2_PLACEMENT_3D('',#2056,#1561,#1562);
#1336=AXIS2_PLACEMENT_3D('',#2057,#1563,#1564);
#1337=AXIS2_PLACEMENT_3D('',#2062,#1567,#1568);
#1338=AXIS2_PLACEMENT_3D('',#2065,#1570,#1571);
#1339=AXIS2_PLACEMENT_3D('',#2066,#1572,#1573);
#1340=AXIS2_PLACEMENT_3D('',#2069,#1575,#1576);
#1341=AXIS2_PLACEMENT_3D('',#2072,#1578,#1579);
#1342=AXIS2_PLACEMENT_3D('',#2082,#1586,#1587);
#1343=AXIS2_PLACEMENT_3D('',#2089,#1589,#1590);
#1344=AXIS2_PLACEMENT_3D('',#2099,#1595,#1596);
#1345=AXIS2_PLACEMENT_3D('',#2101,#1597,#1598);
#1346=AXIS2_PLACEMENT_3D('',#2102,#1599,#1600);
#1347=AXIS2_PLACEMENT_3D('',#2104,#1601,#1602);
#1348=AXIS2_PLACEMENT_3D('',#2105,#1603,#1604);
#1349=AXIS2_PLACEMENT_3D('',#2106,#1605,#1606);
#1350=AXIS2_PLACEMENT_3D('',#2107,#1607,#1608);
#1351=AXIS2_PLACEMENT_3D('',#2110,#1611,#1612);
#1352=AXIS2_PLACEMENT_3D('',#2118,#1613,#1614);
#1353=AXIS2_PLACEMENT_3D('',#2119,#1615,#1616);
#1354=AXIS2_PLACEMENT_3D('',#2123,#1619,#1620);
#1355=AXIS2_PLACEMENT_3D('',#2126,#1622,#1623);
#1356=AXIS2_PLACEMENT_3D('',#2127,#1624,#1625);
#1357=AXIS2_PLACEMENT_3D('',#2129,#1627,#1628);
#1358=AXIS2_PLACEMENT_3D('',#2131,#1630,#1631);
#1359=AXIS2_PLACEMENT_3D('',#2132,#1632,#1633);
#1360=AXIS2_PLACEMENT_3D('',#2137,#1635,#1636);
#1361=AXIS2_PLACEMENT_3D('',#2138,#1637,#1638);
#1362=AXIS2_PLACEMENT_3D('',#2142,#1640,#1641);
#1363=AXIS2_PLACEMENT_3D('',#2143,#1642,#1643);
#1364=AXIS2_PLACEMENT_3D('',#2144,#1644,#1645);
#1365=AXIS2_PLACEMENT_3D('',#2147,#1648,#1649);
#1366=AXIS2_PLACEMENT_3D('',#2153,#1650,#1651);
#1367=AXIS2_PLACEMENT_3D('',#2159,#1652,#1653);
#1368=AXIS2_PLACEMENT_3D('',#2206,#1656,#1657);
#1369=AXIS2_PLACEMENT_3D('',#2207,#1658,#1659);
#1370=AXIS2_PLACEMENT_3D('',#2223,#1660,#1661);
#1371=AXIS2_PLACEMENT_3D('',#2224,#1662,#1663);
#1372=AXIS2_PLACEMENT_3D('',#2225,#1664,#1665);
#1373=AXIS2_PLACEMENT_3D('',#2262,#1666,#1667);
#1374=AXIS2_PLACEMENT_3D('',#2265,#1669,#1670);
#1375=AXIS2_PLACEMENT_3D('',#2266,#1671,#1672);
#1376=AXIS2_PLACEMENT_3D('',#2269,#1674,#1675);
#1377=AXIS2_PLACEMENT_3D('',#2270,#1676,#1677);
#1378=AXIS2_PLACEMENT_3D('',#2273,#1679,#1680);
#1379=AXIS2_PLACEMENT_3D('',#2277,#1682,#1683);
#1380=AXIS2_PLACEMENT_3D('',#2280,#1685,#1686);
#1381=AXIS2_PLACEMENT_3D('',#2281,#1687,#1688);
#1382=AXIS2_PLACEMENT_3D('',#2282,#1689,#1690);
#1383=AXIS2_PLACEMENT_3D('',#2283,#1691,#1692);
#1384=AXIS2_PLACEMENT_3D('',#2284,#1693,#1694);
#1385=AXIS2_PLACEMENT_3D('',#2285,#1695,#1696);
#1386=AXIS2_PLACEMENT_3D('',#2286,#1697,#1698);
#1387=AXIS2_PLACEMENT_3D('',#2287,#1699,#1700);
#1388=AXIS2_PLACEMENT_3D('',#2288,#1701,#1702);
#1389=AXIS2_PLACEMENT_3D('',#2289,#1703,#1704);
#1390=AXIS2_PLACEMENT_3D('',#2294,#1707,#1708);
#1391=AXIS2_PLACEMENT_3D('',#2295,#1709,#1710);
#1392=AXIS2_PLACEMENT_3D('',#2298,#1712,#1713);
#1393=AXIS2_PLACEMENT_3D('',#2299,#1714,#1715);
#1394=AXIS2_PLACEMENT_3D('',#2300,#1716,#1717);
#1395=AXIS2_PLACEMENT_3D('',#2301,#1718,#1719);
#1396=AXIS2_PLACEMENT_3D('',#2302,#1720,#1721);
#1397=AXIS2_PLACEMENT_3D('',#2303,#1722,#1723);
#1398=AXIS2_PLACEMENT_3D('',#2304,#1724,#1725);
#1399=AXIS2_PLACEMENT_3D('',#2305,#1726,#1727);
#1400=AXIS2_PLACEMENT_3D('',#2308,#1729,#1730);
#1401=AXIS2_PLACEMENT_3D('',#2311,#1732,#1733);
#1402=AXIS2_PLACEMENT_3D('',#2312,#1734,#1735);
#1403=AXIS2_PLACEMENT_3D('',#2315,#1737,#1738);
#1404=AXIS2_PLACEMENT_3D('',#2316,#1739,#1740);
#1405=AXIS2_PLACEMENT_3D('',#2317,#1741,#1742);
#1406=AXIS2_PLACEMENT_3D('',#2318,#1743,#1744);
#1407=AXIS2_PLACEMENT_3D('',#2319,#1745,#1746);
#1408=AXIS2_PLACEMENT_3D('',#2320,#1747,#1748);
#1409=AXIS2_PLACEMENT_3D('',#2322,#1749,#1750);
#1410=AXIS2_PLACEMENT_3D('',#2324,#1751,#1752);
#1411=AXIS2_PLACEMENT_3D('',#2326,#1753,#1754);
#1412=AXIS2_PLACEMENT_3D('',#2327,#1755,#1756);
#1413=AXIS2_PLACEMENT_3D('',#2330,#1758,#1759);
#1414=AXIS2_PLACEMENT_3D('',#2331,#1760,#1761);
#1415=AXIS2_PLACEMENT_3D('',#2334,#1763,#1764);
#1416=AXIS2_PLACEMENT_3D('',#2335,#1765,#1766);
#1417=AXIS2_PLACEMENT_3D('',#2338,#1768,#1769);
#1418=AXIS2_PLACEMENT_3D('',#2339,#1770,#1771);
#1419=AXIS2_PLACEMENT_3D('',#2340,#1772,#1773);
#1420=AXIS2_PLACEMENT_3D('',#2341,#1774,#1775);
#1421=AXIS2_PLACEMENT_3D('',#2342,#1776,#1777);
#1422=AXIS2_PLACEMENT_3D('',#2343,#1778,#1779);
#1423=AXIS2_PLACEMENT_3D('',#2345,#1780,#1781);
#1424=AXIS2_PLACEMENT_3D('',#2347,#1782,#1783);
#1425=AXIS2_PLACEMENT_3D('',#2349,#1784,#1785);
#1426=AXIS2_PLACEMENT_3D('',#2350,#1786,#1787);
#1427=AXIS2_PLACEMENT_3D('',#2353,#1789,#1790);
#1428=AXIS2_PLACEMENT_3D('',#2354,#1791,#1792);
#1429=AXIS2_PLACEMENT_3D('',#2355,#1793,#1794);
#1430=AXIS2_PLACEMENT_3D('',#2357,#1795,#1796);
#1431=AXIS2_PLACEMENT_3D('',#2359,#1797,#1798);
#1432=AXIS2_PLACEMENT_3D('',#2360,#1799,#1800);
#1433=AXIS2_PLACEMENT_3D('',#2362,#1802,#1803);
#1434=AXIS2_PLACEMENT_3D('',#2364,#1805,#1806);
#1435=DIRECTION('',(0.,0.,1.));
#1436=DIRECTION('',(1.,0.,0.));
#1437=DIRECTION('',(1.,-9.97667675107899E-49,7.77507843030599E-81));
#1438=DIRECTION('',(-9.97667675107899E-49,-1.,0.));
#1439=DIRECTION('',(-3.83150059579159E-21,-1.56534554877087E-17,-1.));
#1440=DIRECTION('',(-1.,9.97667675107899E-49,-7.77507843030599E-81));
#1441=DIRECTION('',(-9.97667675107899E-49,-1.,0.));
#1442=DIRECTION('',(-3.83150059579159E-21,-1.56534554877087E-17,-1.));
#1443=DIRECTION('',(9.97667675107899E-49,1.,-3.80183867313675E-17));
#1444=DIRECTION('',(1.,-9.97667675107899E-49,7.77507843030599E-81));
#1445=DIRECTION('',(-9.97667675107899E-49,-1.,0.));
#1446=DIRECTION('',(-7.77507843030599E-81,7.75694442134496E-129,1.));
#1447=DIRECTION('',(-1.,9.97667675107899E-49,-7.77507843030599E-81));
#1448=DIRECTION('',(-9.97667675107899E-49,-1.,0.));
#1449=DIRECTION('',(-7.77507843030599E-81,7.75694442134496E-129,1.));
#1450=DIRECTION('',(-1.,9.97667675107899E-49,-7.77507843030599E-81));
#1451=DIRECTION('',(-9.97667675107899E-49,-1.,0.));
#1452=DIRECTION('',(9.97667675107899E-49,1.,-3.80183867313675E-17));
#1453=DIRECTION('',(-1.35209182596314E-64,-1.35525271560684E-16,1.));
#1454=DIRECTION('',(6.60081426911319E-80,7.39557098644678E-32,1.));
#1455=DIRECTION('',(-1.35209182596314E-64,-1.35525271560684E-16,1.));
#1456=DIRECTION('',(-4.98833837553948E-49,-0.5,0.86602540378444));
#1457=DIRECTION('',(0.,1.,0.));
#1458=DIRECTION('',(3.79297155016364E-65,3.80183867313675E-17,1.));
#1459=DIRECTION('',(9.97667675107899E-49,1.,-3.80183867313675E-17));
#1460=DIRECTION('',(-3.83150059579159E-21,-1.56534554877087E-17,-1.));
#1461=DIRECTION('',(-5.99762240273531E-38,1.,-1.56534554877087E-17));
#1462=DIRECTION('',(-3.83150059579159E-21,-1.56534554877087E-17,-1.));
#1463=DIRECTION('',(9.97667675107899E-49,1.,-3.80183867313675E-17));
#1464=DIRECTION('',(-3.83150059579159E-21,-1.56534554877087E-17,-1.));
#1465=DIRECTION('',(-5.99762240273531E-38,1.,-1.56534554877087E-17));
#1466=DIRECTION('',(-3.83150059579159E-21,-1.56534554877087E-17,-1.));
#1467=DIRECTION('',(9.97667675107899E-49,1.,-3.80183867313675E-17));
#1468=DIRECTION('',(-3.83150059579159E-21,-1.56534554877087E-17,-1.));
#1469=DIRECTION('',(-5.99762240273531E-38,1.,-1.56534554877087E-17));
#1470=DIRECTION('',(-3.83150059579159E-21,-1.56534554877087E-17,-1.));
#1471=DIRECTION('',(-1.,9.97667675107899E-49,-7.77507843030599E-81));
#1472=DIRECTION('',(-9.97667675107899E-49,-1.,0.));
#1473=DIRECTION('',(-3.83150059579159E-21,-1.56534554877087E-17,-1.));
#1474=DIRECTION('',(-5.99762240273531E-38,1.,-1.56534554877087E-17));
#1475=DIRECTION('',(-3.83150059579159E-21,-1.56534554877087E-17,-1.));
#1476=DIRECTION('',(-3.83150059579159E-21,-1.56534554877087E-17,-1.));
#1477=DIRECTION('',(1.,-9.97667675107899E-49,7.77507843030599E-81));
#1478=DIRECTION('',(-9.97667675107899E-49,-1.,0.));
#1479=DIRECTION('',(-1.,9.97667675107899E-49,-7.77507843030599E-81));
#1480=DIRECTION('',(-9.97667675107899E-49,-1.,0.));
#1481=DIRECTION('',(-0.707106781186554,-0.707106781186555,-9.58308385427089E-17));
#1482=DIRECTION('',(-1.28779437869789E-16,-6.74583369090007E-18,0.999999999999981));
#1483=DIRECTION('',(0.707106781186554,0.707106781186555,9.58308385427089E-17));
#1484=DIRECTION('',(0.455659947490854,-0.455659947490854,0.764688187763657));
#1485=DIRECTION('',(-1.35529056739172E-16,2.71054328299856E-16,-1.));
#1486=DIRECTION('',(0.707106781186554,0.707106781186555,9.58308385427089E-17));
#1487=DIRECTION('',(0.707106781186548,-0.707106781186547,-9.58308385427079E-17));
#1488=DIRECTION('',(1.35209182596314E-64,1.35525271560684E-16,-1.));
#1489=DIRECTION('',(0.707106781186554,0.707106781186555,9.58308385427089E-17));
#1490=DIRECTION('',(0.707106781186548,-0.707106781186547,-9.58308385427079E-17));
#1491=DIRECTION('',(-1.35525271560684E-16,3.61018765197312E-33,1.));
#1492=DIRECTION('',(0.707106781186554,0.707106781186555,9.58308385427089E-17));
#1493=DIRECTION('',(0.707106781186548,-0.707106781186547,-9.58308385427079E-17));
#1494=DIRECTION('',(0.577350269189626,-0.577350269189626,-0.577350269189626));
#1495=DIRECTION('',(0.707106781186549,-0.707106781186546,0.));
#1496=DIRECTION('',(-0.447213595499957,0.447213595499957,-0.774596669241485));
#1497=DIRECTION('',(-0.391459858382413,0.391459858382413,-0.83277749642413));
#1498=DIRECTION('',(0.707106781186554,0.707106781186555,9.58308385427089E-17));
#1499=DIRECTION('',(0.707106781186548,-0.707106781186547,-9.58308385427079E-17));
#1500=DIRECTION('',(1.35209182596314E-64,1.35525271560684E-16,-1.));
#1501=DIRECTION('',(0.707106781186554,0.707106781186555,9.58308385427089E-17));
#1502=DIRECTION('',(0.707106781186548,-0.707106781186547,-9.58308385427079E-17));
#1503=DIRECTION('',(1.35209182596314E-64,1.35525271560684E-16,-1.));
#1504=DIRECTION('',(0.707106781186554,0.707106781186555,9.58308385427089E-17));
#1505=DIRECTION('',(0.707106781186548,-0.707106781186547,-9.58308385427079E-17));
#1506=DIRECTION('',(-0.391459858382413,0.391459858382413,0.83277749642413));
#1507=DIRECTION('',(-0.540716203060934,0.540716203060933,0.644400477571778));
#1508=DIRECTION('',(0.707106781186554,0.707106781186555,9.58308385427089E-17));
#1509=DIRECTION('',(0.455659947490854,-0.455659947490854,0.764688187763657));
#1510=DIRECTION('',(0.540716203060934,-0.540716203060933,-0.644400477571778));
#1511=DIRECTION('',(1.,-9.97667675107899E-49,7.77507843030599E-81));
#1512=DIRECTION('',(-9.97667675107899E-49,-1.,0.));
#1513=DIRECTION('',(-0.554700196225238,-0.832050294337849,-1.12763842092284E-16));
#1514=DIRECTION('',(0.832050294337841,-0.554700196225233,-7.51758947281917E-17));
#1515=DIRECTION('',(-1.,9.97667675107899E-49,-7.77507843030599E-81));
#1516=DIRECTION('',(-9.97667675107899E-49,-1.,0.));
#1517=DIRECTION('',(1.,-9.97667675107899E-49,7.77507843030599E-81));
#1518=DIRECTION('',(1.,-9.97667675107899E-49,7.77507843030599E-81));
#1519=DIRECTION('',(-9.97667675107899E-49,-1.,0.));
#1520=DIRECTION('',(-1.,9.97667675107899E-49,-7.77507843030599E-81));
#1521=DIRECTION('',(-9.97667675107899E-49,-1.,0.));
#1522=DIRECTION('',(-0.554700196225238,-0.832050294337849,-1.12763842092284E-16));
#1523=DIRECTION('',(0.832050294337841,-0.554700196225233,-7.51758947281917E-17));
#1524=DIRECTION('',(1.,-9.97667675107899E-49,7.77507843030599E-81));
#1525=DIRECTION('',(1.,-9.97667675107899E-49,7.77507843030599E-81));
#1526=DIRECTION('',(-9.97667675107899E-49,-1.,-7.75694442134496E-129));
#1527=DIRECTION('',(6.60081426911319E-80,7.39557098644678E-32,1.));
#1528=DIRECTION('',(-4.24417398609866E-49,-0.425409591990604,-0.905000927647253));
#1529=DIRECTION('',(-1.,9.97667675107899E-49,-7.77507843030599E-81));
#1530=DIRECTION('',(-9.97667675107899E-49,-1.,0.));
#1531=DIRECTION('',(-4.24417398609866E-49,-0.425409591990604,0.905000927647253));
#1532=DIRECTION('',(0.766044443118983,2.44377479311939E-17,0.642787609686534));
#1533=DIRECTION('',(-0.642787609686534,0.,0.766044443118983));
#1534=DIRECTION('',(1.,-5.15259609244729E-33,-1.35529056739172E-16));
#1535=DIRECTION('',(1.35529056739172E-16,3.80183867313675E-17,1.));
#1536=DIRECTION('',(0.766044443118983,2.44377479311939E-17,0.642787609686534));
#1537=DIRECTION('',(-0.766044443118983,-2.44377479311939E-17,-0.642787609686534));
#1538=DIRECTION('',(-0.642787609686534,0.,0.766044443118983));
#1539=DIRECTION('',(-0.621715558648265,-0.772901249061108,0.126859857064697));
#1540=DIRECTION('',(0.566653114243671,-0.332038622673867,0.754091904989565));
#1541=DIRECTION('',(1.,-9.97667675107899E-49,7.77507843030599E-81));
#1542=DIRECTION('',(-9.97667675107899E-49,-1.,0.));
#1543=DIRECTION('',(1.,-9.97667675107899E-49,7.77507843030599E-81));
#1544=DIRECTION('',(1.,-5.15259609244729E-33,-1.35529056739172E-16));
#1545=DIRECTION('',(-1.35529056739172E-16,0.,-1.));
#1546=DIRECTION('',(-0.707106781186547,3.64343563768478E-33,-0.707106781186548));
#1547=DIRECTION('',(0.707106781186548,3.64343563768477E-33,-0.707106781186547));
#1548=DIRECTION('',(-0.554700196225237,-0.83205029433785,-1.12763842092284E-16));
#1549=DIRECTION('',(0.832050294337842,-0.554700196225232,0.));
#1550=DIRECTION('',(-1.,9.97667675107899E-49,-7.77507843030599E-81));
#1551=DIRECTION('',(-9.97667675107899E-49,-1.,0.));
#1552=DIRECTION('',(-0.707106781186554,-0.707106781186555,-9.58308385427089E-17));
#1553=DIRECTION('',(-1.28779437869789E-16,-6.74583369090007E-18,0.999999999999981));
#1554=DIRECTION('',(-0.540716203060934,0.540716203060933,0.644400477571778));
#1555=DIRECTION('',(-1.35529056739172E-16,2.71054328299856E-16,-1.));
#1556=DIRECTION('',(0.707106781186554,0.707106781186555,9.58308385427089E-17));
#1557=DIRECTION('',(0.455659947490854,-0.455659947490854,0.764688187763657));
#1558=DIRECTION('',(-1.,5.15259609244729E-33,1.35529056739172E-16));
#1559=DIRECTION('',(-1.35529056739172E-16,0.,-1.));
#1560=DIRECTION('',(1.35529056739172E-16,-1.35212958946536E-64,1.));
#1561=DIRECTION('',(1.,-5.15259609244729E-33,-1.35529056739172E-16));
#1562=DIRECTION('',(-1.35529056739172E-16,0.,-1.));
#1563=DIRECTION('',(1.,-5.15259609244729E-33,-1.35529056739172E-16));
#1564=DIRECTION('',(1.35529056739172E-16,3.80183867313675E-17,1.));
#1565=DIRECTION('',(-1.35529056739172E-16,-3.80183867313675E-17,-1.));
#1566=DIRECTION('',(5.15259609244729E-33,1.,0.));
#1567=DIRECTION('',(1.,-9.97667675107899E-49,7.77507843030599E-81));
#1568=DIRECTION('',(-9.97667675107899E-49,-1.,0.));
#1569=DIRECTION('',(1.,-9.97667675107899E-49,7.77507843030599E-81));
#1570=DIRECTION('',(-1.,9.97667675107899E-49,-7.77507843030599E-81));
#1571=DIRECTION('',(-9.97667675107899E-49,-1.,0.));
#1572=DIRECTION('',(1.,-9.97667675107899E-49,7.77507843030599E-81));
#1573=DIRECTION('',(-9.97667675107899E-49,-1.,0.));
#1574=DIRECTION('',(-1.,9.97667675107899E-49,-7.77507843030599E-81));
#1575=DIRECTION('',(-1.,9.97667675107899E-49,-7.77507843030599E-81));
#1576=DIRECTION('',(-9.97667675107899E-49,-1.,0.));
#1577=DIRECTION('',(-1.,9.97667675107899E-49,-7.77507843030599E-81));
#1578=DIRECTION('',(-9.97667675107899E-49,-1.,3.80183867313675E-17));
#1579=DIRECTION('',(-1.,9.97667675107899E-49,-3.79297155016364E-65));
#1580=DIRECTION('',(-1.35529056739172E-16,-3.80183867313675E-17,-1.));
#1581=DIRECTION('',(-0.642787609686534,2.91237738919125E-17,0.766044443118983));
#1582=DIRECTION('',(-1.,0.,0.));
#1583=DIRECTION('',(-0.707106781186548,2.68830590675226E-17,0.707106781186547));
#1584=DIRECTION('',(0.766044443118983,2.44377479311939E-17,0.642787609686534));
#1585=DIRECTION('',(-0.642787609686534,2.91237738919125E-17,0.766044443118983));
#1586=DIRECTION('',(-1.,5.15259609244729E-33,1.35529056739172E-16));
#1587=DIRECTION('',(-1.35529056739172E-16,0.,-1.));
#1588=DIRECTION('',(9.97667675107899E-49,1.,-3.80183867313675E-17));
#1589=DIRECTION('',(0.766044443118983,2.44377479311939E-17,0.642787609686534));
#1590=DIRECTION('',(-0.642787609686534,0.,0.766044443118983));
#1591=DIRECTION('',(-5.99762240276434E-38,1.,-1.56534554877845E-17));
#1592=DIRECTION('',(-5.99762240276434E-38,1.,-1.56534554877845E-17));
#1593=DIRECTION('',(-5.99762240276434E-38,1.,-1.56534554877845E-17));
#1594=DIRECTION('',(-5.99762240276434E-38,1.,-1.56534554877845E-17));
#1595=DIRECTION('',(-0.766044443118983,-2.44377479311939E-17,-0.642787609686534));
#1596=DIRECTION('',(-0.642787609686534,0.,0.766044443118983));
#1597=DIRECTION('',(0.766044443118983,8.06631113777576E-16,0.642787609686534));
#1598=DIRECTION('',(-0.642787609686534,0.,0.766044443118983));
#1599=DIRECTION('',(-0.766044443118983,-2.44377479311939E-17,-0.642787609686534));
#1600=DIRECTION('',(-0.642787609686534,0.,0.766044443118983));
#1601=DIRECTION('',(0.766044443118983,2.44377479311939E-17,0.642787609686534));
#1602=DIRECTION('',(-0.642787609686534,0.,0.766044443118983));
#1603=DIRECTION('',(-0.766044443118983,-2.44377479311939E-17,-0.642787609686534));
#1604=DIRECTION('',(-0.642787609686534,0.,0.766044443118983));
#1605=DIRECTION('',(1.,-9.97667675107899E-49,7.77507843030599E-81));
#1606=DIRECTION('',(-9.97667675107899E-49,-1.,0.));
#1607=DIRECTION('',(0.,0.,-1.));
#1608=DIRECTION('',(-1.,0.,0.));
#1609=DIRECTION('',(-1.,0.,0.));
#1610=DIRECTION('',(-5.15259609244729E-33,-1.,0.));
#1611=DIRECTION('',(0.707106781186547,-3.64343563768478E-33,0.707106781186548));
#1612=DIRECTION('',(-5.15259609244729E-33,-1.,0.));
#1613=DIRECTION('',(0.,-0.86602540378444,-0.5));
#1614=DIRECTION('',(0.,0.5,-0.86602540378444));
#1615=DIRECTION('',(-9.97667675107899E-49,-1.,0.));
#1616=DIRECTION('',(-1.,9.97667675107899E-49,0.));
#1617=DIRECTION('',(-1.,9.97667675107899E-49,-7.77507843030599E-81));
#1618=DIRECTION('',(-7.77507843030599E-81,7.75694442134496E-129,1.));
#1619=DIRECTION('',(-1.,9.97667675107899E-49,-7.77507843030599E-81));
#1620=DIRECTION('',(9.97667675107899E-49,1.,0.));
#1621=DIRECTION('',(-1.,9.97667675107899E-49,-7.77507843030599E-81));
#1622=DIRECTION('',(-1.,9.97667675107899E-49,-7.77507843030599E-81));
#1623=DIRECTION('',(-9.97667675107899E-49,-1.,0.));
#1624=DIRECTION('',(-9.97667675107899E-49,-1.,0.));
#1625=DIRECTION('',(-1.,9.97667675107899E-49,0.));
#1626=DIRECTION('',(-7.77507843030599E-81,7.75694442134496E-129,1.));
#1627=DIRECTION('',(9.97667675107899E-49,1.,0.));
#1628=DIRECTION('',(1.,-9.97667675107899E-49,0.));
#1629=DIRECTION('',(7.77507843030599E-81,-7.75694442134496E-129,-1.));
#1630=DIRECTION('',(1.,-9.97667675107899E-49,7.77507843030599E-81));
#1631=DIRECTION('',(-9.97667675107899E-49,-1.,0.));
#1632=DIRECTION('',(-1.,9.97667675107899E-49,-7.77507843030599E-81));
#1633=DIRECTION('',(-9.97667675107899E-49,-1.,0.));
#1634=DIRECTION('',(1.,-9.97667675107899E-49,7.77507843030599E-81));
#1635=DIRECTION('',(-0.554700196225239,-0.832050294337849,-1.12763842092284E-16));
#1636=DIRECTION('',(0.832050294337841,-0.554700196225233,0.));
#1637=DIRECTION('',(1.,-9.97667675107899E-49,7.77507843030599E-81));
#1638=DIRECTION('',(-9.97667675107899E-49,-1.,0.));
#1639=DIRECTION('',(1.,-9.97667675107899E-49,7.77507843030599E-81));
#1640=DIRECTION('',(-1.,9.97667675107899E-49,-7.77507843030599E-81));
#1641=DIRECTION('',(-9.97667675107899E-49,-1.,0.));
#1642=DIRECTION('',(-0.554700196225238,-0.832050294337849,-1.12763842092284E-16));
#1643=DIRECTION('',(0.832050294337841,-0.554700196225233,0.));
#1644=DIRECTION('',(9.97667675107899E-49,1.,-1.00104154759155E-144));
#1645=DIRECTION('',(1.,-9.97667675107899E-49,0.));
#1646=DIRECTION('',(7.77507843030599E-81,-7.75694442134496E-129,-1.));
#1647=DIRECTION('',(-1.35525271560684E-16,1.35209182596314E-64,1.));
#1648=DIRECTION('',(1.,-9.97667675107899E-49,7.77507843030599E-81));
#1649=DIRECTION('',(-9.97667675107899E-49,-1.,-7.75694442134496E-129));
#1650=DIRECTION('',(0.766044443118983,2.44377479311939E-17,0.642787609686534));
#1651=DIRECTION('',(1.87204010050335E-17,-1.,1.57082815788142E-17));
#1652=DIRECTION('',(-2.42308806247929E-16,-1.,7.39557098644678E-32));
#1653=DIRECTION('',(-1.,2.42308806247929E-16,-1.79201197724774E-47));
#1654=DIRECTION('',(1.,-2.42308806247929E-16,-1.68827208797946E-16));
#1655=DIRECTION('',(-1.,2.42308806247929E-16,-1.68827208797946E-16));
#1656=DIRECTION('',(9.02890171456327E-49,0.905000927647253,0.425409591990604));
#1657=DIRECTION('',(1.,-9.97667675107899E-49,7.77507843030599E-81));
#1658=DIRECTION('',(-9.02890171456327E-49,-0.905000927647253,0.425409591990604));
#1659=DIRECTION('',(1.,-9.97667675107899E-49,7.77507843030599E-81));
#1660=DIRECTION('',(0.,0.,1.));
#1661=DIRECTION('',(1.,0.,0.));
#1662=DIRECTION('',(-1.35525271560684E-16,1.35209182596314E-64,1.));
#1663=DIRECTION('',(-1.,0.,-1.35525271560684E-16));
#1664=DIRECTION('',(0.,0.,1.));
#1665=DIRECTION('',(1.,0.,0.));
#1666=DIRECTION('',(-3.83150059579159E-21,-1.56534554877087E-17,-1.));
#1667=DIRECTION('',(0.,1.,-1.56534554877087E-17));
#1668=DIRECTION('',(-3.83150059579159E-21,-1.56534554877087E-17,-1.));
#1669=DIRECTION('',(-3.83150059579159E-21,-1.56534554877087E-17,-1.));
#1670=DIRECTION('',(0.,1.,-1.56534554877087E-17));
#1671=DIRECTION('',(-3.83150059579159E-21,-1.56534554877087E-17,-1.));
#1672=DIRECTION('',(0.,1.,-1.56534554877087E-17));
#1673=DIRECTION('',(-3.83150059579159E-21,-1.56534554877087E-17,-1.));
#1674=DIRECTION('',(-3.8315005957916E-21,-1.56534554877845E-17,-1.));
#1675=DIRECTION('',(0.,-1.,1.56534554877845E-17));
#1676=DIRECTION('',(-3.83150059579159E-21,-1.56534554877087E-17,-1.));
#1677=DIRECTION('',(0.,1.,-1.56534554877087E-17));
#1678=DIRECTION('',(-3.83150059579159E-21,-1.56534554877087E-17,-1.));
#1679=DIRECTION('',(-3.83150059579159E-21,-1.56534554877087E-17,-1.));
#1680=DIRECTION('',(0.,1.,-1.56534554877087E-17));
#1681=DIRECTION('',(-3.83150059579159E-21,-1.56534554877087E-17,-1.));
#1682=DIRECTION('',(-3.8315005957916E-21,-1.56534554877845E-17,-1.));
#1683=DIRECTION('',(0.,-1.,1.56534554877845E-17));
#1684=DIRECTION('',(-3.83150059579159E-21,-1.56534554877087E-17,-1.));
#1685=DIRECTION('',(-3.83150059579159E-21,-1.56534554877087E-17,-1.));
#1686=DIRECTION('',(0.,1.,-1.56534554877087E-17));
#1687=DIRECTION('',(-3.83150059579159E-21,-1.56534554877087E-17,-1.));
#1688=DIRECTION('',(0.,1.,-1.56534554877087E-17));
#1689=DIRECTION('',(-3.83150059579159E-21,-1.56534554877087E-17,-1.));
#1690=DIRECTION('',(0.,1.,-1.56534554877087E-17));
#1691=DIRECTION('',(-3.8315005957916E-21,-1.56534554877845E-17,-1.));
#1692=DIRECTION('',(0.,-1.,1.56534554877845E-17));
#1693=DIRECTION('',(3.8315005957916E-21,1.56534554877845E-17,1.));
#1694=DIRECTION('',(1.22587683519614E-14,-0.999999999999985,1.56549697868645E-17));
#1695=DIRECTION('',(-3.8315005957916E-21,-1.56534554877845E-17,-1.));
#1696=DIRECTION('',(0.,-1.,1.56534554877845E-17));
#1697=DIRECTION('',(-3.83150059579159E-21,-1.56534554877087E-17,-1.));
#1698=DIRECTION('',(0.,1.,-1.56534554877087E-17));
#1699=DIRECTION('',(-3.83150059579159E-21,-1.56534554877087E-17,-1.));
#1700=DIRECTION('',(0.,1.,-1.56534554877087E-17));
#1701=DIRECTION('',(-3.83150059579159E-21,-1.56534554877087E-17,-1.));
#1702=DIRECTION('',(-1.,5.99762240273531E-38,3.83150059579159E-21));
#1703=DIRECTION('',(-3.83150059579159E-21,-1.56534554877087E-17,-1.));
#1704=DIRECTION('',(0.,1.,-1.56534554877087E-17));
#1705=DIRECTION('',(-3.83150059579159E-21,-1.56534554877087E-17,-1.));
#1706=DIRECTION('',(-3.83150059579159E-21,-1.56534554877087E-17,-1.));
#1707=DIRECTION('',(3.83150059579159E-21,1.56534554877087E-17,1.));
#1708=DIRECTION('',(0.,1.,-1.56534554877087E-17));
#1709=DIRECTION('',(-3.83150059579159E-21,-1.56534554877087E-17,-1.));
#1710=DIRECTION('',(0.,1.,-1.56534554877087E-17));
#1711=DIRECTION('',(-3.83150059579159E-21,-1.56534554877087E-17,-1.));
#1712=DIRECTION('',(3.83150059579159E-21,1.56534554877087E-17,1.));
#1713=DIRECTION('',(0.,1.,-1.56534554877087E-17));
#1714=DIRECTION('',(-3.83150059579159E-21,-1.56534554877087E-17,-1.));
#1715=DIRECTION('',(0.,1.,-1.56534554877087E-17));
#1716=DIRECTION('',(3.83150059579159E-21,1.56534554877087E-17,1.));
#1717=DIRECTION('',(0.,1.,-1.56534554877087E-17));
#1718=DIRECTION('',(-3.83150059579159E-21,-1.56534554877087E-17,-1.));
#1719=DIRECTION('',(0.,1.,-1.56534554877087E-17));
#1720=DIRECTION('',(3.83150059579159E-21,1.56534554877087E-17,1.));
#1721=DIRECTION('',(0.,1.,-1.56534554877087E-17));
#1722=DIRECTION('',(-3.83150059579159E-21,-1.56534554877087E-17,-1.));
#1723=DIRECTION('',(-1.,5.99762240273531E-38,3.83150059579159E-21));
#1724=DIRECTION('',(-3.83150059579159E-21,-1.56534554877087E-17,-1.));
#1725=DIRECTION('',(0.,1.,-1.56534554877087E-17));
#1726=DIRECTION('',(-3.8315005957916E-21,-1.56534554877845E-17,-1.));
#1727=DIRECTION('',(0.,-1.,1.56534554877845E-17));
#1728=DIRECTION('',(-3.83150059579159E-21,-1.56534554877087E-17,-1.));
#1729=DIRECTION('',(-3.83150059579159E-21,-1.56534554877087E-17,-1.));
#1730=DIRECTION('',(0.,1.,-1.56534554877087E-17));
#1731=DIRECTION('',(-3.83150059579159E-21,-1.56534554877087E-17,-1.));
#1732=DIRECTION('',(-3.8315005957916E-21,-1.56534554877845E-17,-1.));
#1733=DIRECTION('',(0.,-1.,1.56534554877845E-17));
#1734=DIRECTION('',(-3.83150059579159E-21,-1.56534554877087E-17,-1.));
#1735=DIRECTION('',(0.,1.,-1.56534554877087E-17));
#1736=DIRECTION('',(-3.83150059579159E-21,-1.56534554877087E-17,-1.));
#1737=DIRECTION('',(-3.8315005957916E-21,-1.56534554877845E-17,-1.));
#1738=DIRECTION('',(0.,-1.,1.56534554877845E-17));
#1739=DIRECTION('',(-3.83150059579159E-21,-1.56534554877087E-17,-1.));
#1740=DIRECTION('',(0.,1.,-1.56534554877087E-17));
#1741=DIRECTION('',(-3.8315005957916E-21,-1.56534554877845E-17,-1.));
#1742=DIRECTION('',(0.,-1.,1.56534554877845E-17));
#1743=DIRECTION('',(3.8315005957916E-21,1.56534554877845E-17,1.));
#1744=DIRECTION('',(1.22587683519614E-14,-0.999999999999985,1.56549697868645E-17));
#1745=DIRECTION('',(3.8315005957916E-21,1.56534554877845E-17,1.));
#1746=DIRECTION('',(1.22587683519614E-14,-0.999999999999985,1.56549697868645E-17));
#1747=DIRECTION('',(-3.8315005957916E-21,-1.56534554877845E-17,-1.));
#1748=DIRECTION('',(0.,-1.,1.56534554877845E-17));
#1749=DIRECTION('',(-3.8315005957916E-21,-1.56534554877845E-17,-1.));
#1750=DIRECTION('',(0.,-1.,1.56534554877845E-17));
#1751=DIRECTION('',(-3.8315005957916E-21,-1.56534554877845E-17,-1.));
#1752=DIRECTION('',(0.,-1.,1.56534554877845E-17));
#1753=DIRECTION('',(-3.8315005957916E-21,-1.56534554877845E-17,-1.));
#1754=DIRECTION('',(0.,-1.,1.56534554877845E-17));
#1755=DIRECTION('',(-3.83150059579159E-21,-1.56534554877087E-17,-1.));
#1756=DIRECTION('',(0.,1.,-1.56534554877087E-17));
#1757=DIRECTION('',(-3.83150059579159E-21,-1.56534554877087E-17,-1.));
#1758=DIRECTION('',(-3.83150059579159E-21,-1.56534554877087E-17,-1.));
#1759=DIRECTION('',(0.,1.,-1.56534554877087E-17));
#1760=DIRECTION('',(-3.83150059579159E-21,-1.56534554877087E-17,-1.));
#1761=DIRECTION('',(0.,1.,-1.56534554877087E-17));
#1762=DIRECTION('',(-3.83150059579159E-21,-1.56534554877087E-17,-1.));
#1763=DIRECTION('',(-3.83150059579159E-21,-1.56534554877087E-17,-1.));
#1764=DIRECTION('',(0.,1.,-1.56534554877087E-17));
#1765=DIRECTION('',(-3.83150059579159E-21,-1.56534554877087E-17,-1.));
#1766=DIRECTION('',(0.,1.,-1.56534554877087E-17));
#1767=DIRECTION('',(-3.83150059579159E-21,-1.56534554877087E-17,-1.));
#1768=DIRECTION('',(-3.83150059579159E-21,-1.56534554877087E-17,-1.));
#1769=DIRECTION('',(0.,1.,-1.56534554877087E-17));
#1770=DIRECTION('',(-3.83150059579159E-21,-1.56534554877087E-17,-1.));
#1771=DIRECTION('',(0.,1.,-1.56534554877087E-17));
#1772=DIRECTION('',(-3.83150059579159E-21,-1.56534554877087E-17,-1.));
#1773=DIRECTION('',(0.,1.,-1.56534554877087E-17));
#1774=DIRECTION('',(-3.83150059579159E-21,-1.56534554877087E-17,-1.));
#1775=DIRECTION('',(-1.,5.99762240273531E-38,3.83150059579159E-21));
#1776=DIRECTION('',(3.8315005957916E-21,1.56534554877845E-17,1.));
#1777=DIRECTION('',(1.22587683519614E-14,-0.999999999999985,1.56549697868645E-17));
#1778=DIRECTION('',(-3.8315005957916E-21,-1.56534554877845E-17,-1.));
#1779=DIRECTION('',(0.,-1.,1.56534554877845E-17));
#1780=DIRECTION('',(-3.8315005957916E-21,-1.56534554877845E-17,-1.));
#1781=DIRECTION('',(0.,-1.,1.56534554877845E-17));
#1782=DIRECTION('',(-3.8315005957916E-21,-1.56534554877845E-17,-1.));
#1783=DIRECTION('',(0.,-1.,1.56534554877845E-17));
#1784=DIRECTION('',(-3.8315005957916E-21,-1.56534554877845E-17,-1.));
#1785=DIRECTION('',(0.,-1.,1.56534554877845E-17));
#1786=DIRECTION('',(-3.83150059579159E-21,-1.56534554877087E-17,-1.));
#1787=DIRECTION('',(0.,1.,-1.56534554877087E-17));
#1788=DIRECTION('',(-3.83150059579159E-21,-1.56534554877087E-17,-1.));
#1789=DIRECTION('',(3.83150059579159E-21,1.56534554877087E-17,1.));
#1790=DIRECTION('',(0.,1.,-1.56534554877087E-17));
#1791=DIRECTION('',(-3.83150059579159E-21,-1.56534554877087E-17,-1.));
#1792=DIRECTION('',(-1.,5.99762240273531E-38,3.83150059579159E-21));
#1793=DIRECTION('',(3.83150059579159E-21,1.56534554877087E-17,1.));
#1794=DIRECTION('',(0.,1.,-1.56534554877087E-17));
#1795=DIRECTION('',(3.83150059579159E-21,1.56534554877087E-17,1.));
#1796=DIRECTION('',(0.,1.,-1.56534554877087E-17));
#1797=DIRECTION('',(3.83150059579159E-21,1.56534554877087E-17,1.));
#1798=DIRECTION('',(0.,1.,-1.56534554877087E-17));
#1799=DIRECTION('',(-3.83150059579159E-21,-1.56534554877087E-17,-1.));
#1800=DIRECTION('',(0.,1.,-1.56534554877087E-17));
#1801=DIRECTION('',(-3.83150059579159E-21,-1.56534554877087E-17,-1.));
#1802=DIRECTION('',(-3.83150059579159E-21,-1.56534554877087E-17,-1.));
#1803=DIRECTION('',(0.,1.,-1.56534554877087E-17));
#1804=DIRECTION('',(-3.83150059579159E-21,-1.56534554877087E-17,-1.));
#1805=DIRECTION('',(-3.83150059579159E-21,-1.56534554877087E-17,-1.));
#1806=DIRECTION('',(0.,1.,-1.56534554877087E-17));
#1807=CARTESIAN_POINT('',(0.,0.,0.));
#1808=CARTESIAN_POINT('',(-0.0190508242488939,-0.0250967001776749,-0.00307549915944111));
#1809=CARTESIAN_POINT('',(-0.0190508242488939,-0.0231464881754864,0.0115019995210091));
#1810=CARTESIAN_POINT('',(-0.0190508242488939,-0.0231464881754864,0.0114999995210091));
#1811=CARTESIAN_POINT('',(-0.0190508242488939,-0.0231464881754864,0.00159278472100095));
#1812=CARTESIAN_POINT('',(-0.0190508242488939,-0.022994700033983,8.81272852339627E-10));
#1813=CARTESIAN_POINT('',(-0.0190508242488939,-0.0225429121798633,0.00153489101899276));
#1814=CARTESIAN_POINT('',(-0.0190508242488939,-0.0225429121798633,0.0115019995210091));
#1815=CARTESIAN_POINT('',(-0.0190508242488939,-0.0225429121798633,0.0114999995210091));
#1816=CARTESIAN_POINT('',(-0.0190508242488939,-0.0250967001776749,0.0115000023038015));
#1817=CARTESIAN_POINT('',(-0.0190508242488939,-0.0250967001776749,-0.00307549915944111));
#1818=CARTESIAN_POINT('',(-0.0190508242488939,-0.0227835250254873,-0.00307549915944111));
#1819=CARTESIAN_POINT('',(-0.0190508242488939,-0.0227835250254873,-0.0166500004789901));
#1820=CARTESIAN_POINT('',(-0.0190508242488939,-0.0227835250254873,-0.0158500004789901));
#1821=CARTESIAN_POINT('',(-0.0190508242488939,-0.0211835250254873,-0.0158500004789901));
#1822=CARTESIAN_POINT('',(-0.0190508242488939,-0.0195835250254873,-0.0158500004789901));
#1823=CARTESIAN_POINT('',(-0.0190508242488939,-0.0195835250254873,-0.00307549915944111));
#1824=CARTESIAN_POINT('',(-0.0190508242488939,-0.0195835250254873,-0.0166500004789901));
#1825=CARTESIAN_POINT('',(-0.0190508242488939,-0.0211835250254873,-0.0166500004789901));
#1826=CARTESIAN_POINT('',(-0.0190508242488939,-0.0250967001776749,0.0115000023038015));
#1827=CARTESIAN_POINT('',(-0.0190508242488939,-0.0250947001776748,0.0115000023038015));
#1828=CARTESIAN_POINT('',(-0.0190508242488939,-0.0245947001776748,0.0114999995210091));
#1829=CARTESIAN_POINT('',(-0.0190508242488939,-0.0250947001776748,-0.00307549915944111));
#1830=CARTESIAN_POINT('',(-0.0190508242488939,-0.0250947001776748,0.00164242926899098));
#1831=CARTESIAN_POINT('',(-0.0190508242488939,-0.0250947001776748,-0.00307549915944111));
#1832=CARTESIAN_POINT('',(-0.0190508242488939,-0.0250947001776748,-0.00164242750644523));
#1833=CARTESIAN_POINT('',(-0.0190508242488939,-0.0250947001776748,-0.00307549915944111));
#1834=CARTESIAN_POINT('',(-0.0190508242488939,-0.0250947001776748,-0.0229956789326017));
#1835=CARTESIAN_POINT('',(-0.0190508242488939,-0.0337208910434298,-0.00805467807732743));
#1836=CARTESIAN_POINT('',(-0.0190508242488939,-0.0248035299971085,-0.0235000004789915));
#1837=CARTESIAN_POINT('',(-0.0190508242488939,-0.0208585250973332,-0.0235000004789915));
#1838=CARTESIAN_POINT('',(-0.0190508242488939,-0.0166223500169913,-0.0235000004789915));
#1839=CARTESIAN_POINT('',(-0.0190508242488939,-0.0166223500169913,-0.00307549915944111));
#1840=CARTESIAN_POINT('',(-0.0190508242488939,-0.0166223500169913,0.0115000023038015));
#1841=CARTESIAN_POINT('',(-0.0190508242488939,-0.0250967001776749,0.0115000023038015));
#1842=CARTESIAN_POINT('',(-0.0190508242488939,-0.0170947001776749,0.0114999995210091));
#1843=CARTESIAN_POINT('',(-0.0190508242488939,-0.0170947001776749,0.0115019995210091));
#1844=CARTESIAN_POINT('',(-0.0190508242488939,-0.0170947001776748,-0.011500000478992));
#1845=CARTESIAN_POINT('',(-0.0190508242488939,-0.0178188061787691,-0.011500000478992));
#1846=CARTESIAN_POINT('',(-0.0190508242488939,-0.0185429121798633,-0.011500000478992));
#1847=CARTESIAN_POINT('',(-0.0190508242488939,-0.0185429121798633,0.0115019995210091));
#1848=CARTESIAN_POINT('',(-0.0190508242488939,-0.0185429121798633,0.0114999995210091));
#1849=CARTESIAN_POINT('',(-0.0190508242488939,-0.0250967001776749,0.0115000023038015));
#1850=CARTESIAN_POINT('',(-0.0190508242488939,-0.0191464881754864,0.0114999995210091));
#1851=CARTESIAN_POINT('',(-0.0190508242488939,-0.0191464881754864,0.0115019995210091));
#1852=CARTESIAN_POINT('',(-0.0190508242488939,-0.0191464881754864,-0.011500000478992));
#1853=CARTESIAN_POINT('',(-0.0190508242488939,-0.0198705941765806,-0.011500000478992));
#1854=CARTESIAN_POINT('',(-0.0190508242488939,-0.0205947001776749,-0.011500000478992));
#1855=CARTESIAN_POINT('',(-0.0190508242488939,-0.0205947001776749,0.0115019995210091));
#1856=CARTESIAN_POINT('',(-0.0190508242488939,-0.0205947001776749,0.0114999995210091));
#1857=CARTESIAN_POINT('',(-0.0190508242488939,-0.0250967001776749,0.0115000023038015));
#1858=CARTESIAN_POINT('',(-0.0190508242488939,-0.0210947001776749,0.0114999995210091));
#1859=CARTESIAN_POINT('',(-0.0190508242488939,-0.0210947001776749,0.0115019995210091));
#1860=CARTESIAN_POINT('',(-0.0190508242488939,-0.0210947001776749,-0.011500000478992));
#1861=CARTESIAN_POINT('',(-0.0190508242488939,-0.0218188061787691,-0.011500000478992));
#1862=CARTESIAN_POINT('',(-0.0190508242488939,-0.0225429121798633,-0.011500000478992));
#1863=CARTESIAN_POINT('',(-0.0190508242488939,-0.0225429121798633,0.0115019995210091));
#1864=CARTESIAN_POINT('',(-0.0190508242488939,-0.0225429121798633,-0.00153488925644706));
#1865=CARTESIAN_POINT('',(-0.0190508242488939,-0.022994700033983,8.81272852339627E-10));
#1866=CARTESIAN_POINT('',(-0.0190508242488939,-0.0231464881754864,-0.00159278295845524));
#1867=CARTESIAN_POINT('',(-0.0190508242488939,-0.0231464881754864,0.0115019995210091));
#1868=CARTESIAN_POINT('',(-0.0190508242488939,-0.0231464881754864,-0.011500000478992));
#1869=CARTESIAN_POINT('',(-0.0190508242488939,-0.0238705941765806,-0.011500000478992));
#1870=CARTESIAN_POINT('',(-0.0190508242488939,-0.0245947001776748,-0.011500000478992));
#1871=CARTESIAN_POINT('',(-0.0190508242488939,-0.0245947001776748,0.0115019995210091));
#1872=CARTESIAN_POINT('',(-0.0190508242488939,-0.0245947001776748,8.81272851568915E-10));
#1873=CARTESIAN_POINT('',(-0.0190508242488939,-0.0245947001776748,0.0115019995210091));
#1874=CARTESIAN_POINT('',(-0.0440508242488939,-0.022994700033983,8.81272852339627E-10));
#1875=CARTESIAN_POINT('',(-0.0240508242488939,-0.022994700033983,8.81272852339627E-10));
#1876=CARTESIAN_POINT('',(-0.0240508242488939,-0.024594700033983,8.81272852339627E-10));
#1877=CARTESIAN_POINT('',(-0.0190508242488939,-0.0231464881754864,0.00159278472100095));
#1878=CARTESIAN_POINT('',(-0.0190508242488939,-0.0232293622016517,0.001584887042674));
#1879=CARTESIAN_POINT('',(-0.0191284916873336,-0.0233020521413557,0.00157021467291101));
#1880=CARTESIAN_POINT('',(-0.0192115385346081,-0.0232961050330982,0.00157135540094955));
#1881=CARTESIAN_POINT('',(-0.0192115385346081,-0.0232961050330982,0.00157135540094955));
#1882=CARTESIAN_POINT('',(-0.0198008242488939,-0.0238447001776749,0.00135554496234287));
#1883=CARTESIAN_POINT('',(-0.0198008242488939,-0.0237105128737679,0.00143968772774264));
#1884=CARTESIAN_POINT('',(-0.019691405012193,-0.0234112515348088,0.00155844358357686));
#1885=CARTESIAN_POINT('',(-0.0193698940466832,-0.0232847649593399,0.00157353056567419));
#1886=CARTESIAN_POINT('',(-0.0192115385346081,-0.0232961050330982,0.00157135540094955));
#1887=CARTESIAN_POINT('',(-0.0198008242488939,-0.0238447001776749,0.00135554496234287));
#1888=CARTESIAN_POINT('',(-0.0192120658309112,-0.0244451220147173,0.000675482988958091));
#1889=CARTESIAN_POINT('',(-0.0193120806865483,-0.0244526386547159,0.000659342961337561));
#1890=CARTESIAN_POINT('',(-0.0195012417214764,-0.0244075899815418,0.00076093400061461));
#1891=CARTESIAN_POINT('',(-0.019724573851209,-0.0242321207339403,0.00104123845899596));
#1892=CARTESIAN_POINT('',(-0.0198169818235704,-0.0240149358870771,0.00124879787866324));
#1893=CARTESIAN_POINT('',(-0.0198008242488939,-0.0238447001776749,0.00135554496234287));
#1894=CARTESIAN_POINT('',(-0.0192120658309112,-0.0244451220147173,0.000675482988958091));
#1895=CARTESIAN_POINT('',(-0.0192120658309113,-0.0244451220147173,0.000675482988958084));
#1896=CARTESIAN_POINT('',(-0.0191477496529191,-0.0244402883172333,0.000685862095968025));
#1897=CARTESIAN_POINT('',(-0.0190736193841654,-0.0245012660990986,0.000552691366039766));
#1898=CARTESIAN_POINT('',(-0.0190496795418745,-0.0245694561538351,0.000322368645178223));
#1899=CARTESIAN_POINT('',(-0.019050824248894,-0.0245947000351961,0.000127523637092218));
#1900=CARTESIAN_POINT('',(-0.019050824248894,-0.0245947000339831,8.66052928224073E-10));
#1901=CARTESIAN_POINT('',(-0.0190508242488939,-0.0245947001776748,8.81272852364672E-10));
#1902=CARTESIAN_POINT('',(-0.0190508242488939,-0.0245947001776748,-0.00012758860045092));
#1903=CARTESIAN_POINT('',(-0.0190496430571501,-0.0245693255792737,-0.000323001893875784));
#1904=CARTESIAN_POINT('',(-0.0190737778264386,-0.024501174883231,-0.000552880121101244));
#1905=CARTESIAN_POINT('',(-0.0191476423014395,-0.0244402802492076,-0.000685877657407196));
#1906=CARTESIAN_POINT('',(-0.0192120658309113,-0.0244451220147173,-0.000675481226412377));
#1907=CARTESIAN_POINT('',(-0.0192120658309112,-0.0244451220147173,-0.000675481226412388));
#1908=CARTESIAN_POINT('',(-0.0198008242488939,-0.0238447001776749,-0.00135554319979716));
#1909=CARTESIAN_POINT('',(-0.0198170280267849,-0.0240154226827226,-0.00124849086867156));
#1910=CARTESIAN_POINT('',(-0.0197250402661398,-0.0242314971629869,-0.00104195406957588));
#1911=CARTESIAN_POINT('',(-0.019501190090084,-0.0244076505686897,-0.000760907535715496));
#1912=CARTESIAN_POINT('',(-0.0193122925047436,-0.0244526545739622,-0.000659307016354657));
#1913=CARTESIAN_POINT('',(-0.0192120658309112,-0.0244451220147173,-0.000675481226412385));
#1914=CARTESIAN_POINT('',(-0.0198008242488939,-0.0238447001776749,-0.00135554319979716));
#1915=CARTESIAN_POINT('',(-0.0192115385346081,-0.0232961050330982,-0.00157135363840385));
#1916=CARTESIAN_POINT('',(-0.0193697217778925,-0.0232847772957642,-0.00157352643685154));
#1917=CARTESIAN_POINT('',(-0.0196905105032634,-0.023410248416857,-0.00155874986234432));
#1918=CARTESIAN_POINT('',(-0.0198008242488939,-0.0237105614855636,-0.00143965548294713));
#1919=CARTESIAN_POINT('',(-0.0198008242488939,-0.0238447001776749,-0.00135554319979716));
#1920=CARTESIAN_POINT('',(-0.0192115385346081,-0.0232961050330982,-0.00157135363840385));
#1921=CARTESIAN_POINT('',(-0.0192115385346081,-0.0232961050330982,-0.00157135363840385));
#1922=CARTESIAN_POINT('',(-0.0191284976473459,-0.0233020517145504,-0.00157021299223178));
#1923=CARTESIAN_POINT('',(-0.0190508242488939,-0.0232293553698951,-0.00158488593117686));
#1924=CARTESIAN_POINT('',(-0.0190508242488939,-0.0231464881754864,-0.00159278295845524));
#1925=CARTESIAN_POINT('',(-0.0192115385346081,-0.0223932953222515,-0.00148266980795893));
#1926=CARTESIAN_POINT('',(-0.0191265726367352,-0.0223872107879262,-0.00148020178344177));
#1927=CARTESIAN_POINT('',(-0.0190508242488939,-0.0224612699316725,-0.0015108582361094));
#1928=CARTESIAN_POINT('',(-0.0190508242488939,-0.0225429121798633,-0.00153488925644706));
#1929=CARTESIAN_POINT('',(-0.0192115385346081,-0.0223932953222515,-0.00148266980795893));
#1930=CARTESIAN_POINT('',(-0.0192115385346081,-0.0223932953222515,-0.00148266980795893));
#1931=CARTESIAN_POINT('',(-0.0193804667802672,-0.0224053925251876,-0.00148757670663673));
#1932=CARTESIAN_POINT('',(-0.0197185638815198,-0.0222525518678839,-0.00143715035042297));
#1933=CARTESIAN_POINT('',(-0.0198008242488939,-0.0219620854183157,-0.00123377871571579));
#1934=CARTESIAN_POINT('',(-0.0198008242488939,-0.0218447001776748,-0.00111242904033623));
#1935=CARTESIAN_POINT('',(-0.0198008242488939,-0.0218447001776748,-0.00111242904033618));
#1936=CARTESIAN_POINT('',(-0.0198008242488939,-0.0218447001776748,-0.00111242904033618));
#1937=CARTESIAN_POINT('',(-0.0198284745478742,-0.021553377478797,-0.000811267542123144));
#1938=CARTESIAN_POINT('',(-0.0194372367030988,-0.0212359552936808,-3.02781518333746E-6));
#1939=CARTESIAN_POINT('',(-0.0198284615139759,-0.0215535148035488,0.000811411267269579));
#1940=CARTESIAN_POINT('',(-0.0198008242488939,-0.0218447001776748,0.00111243080288189));
#1941=CARTESIAN_POINT('',(-0.0198008242488939,-0.0218447001776748,0.00111243080288189));
#1942=CARTESIAN_POINT('',(-0.0198008242488939,-0.0218447001776748,0.00111243080288189));
#1943=CARTESIAN_POINT('',(-0.0198008242488939,-0.0219621105718136,0.00123380648126468));
#1944=CARTESIAN_POINT('',(-0.0197197039380532,-0.0222510089243418,0.00143629178978352));
#1945=CARTESIAN_POINT('',(-0.0193809783296706,-0.0224054291580013,0.00148759332827886));
#1946=CARTESIAN_POINT('',(-0.0192115385346081,-0.0223932953222515,0.00148267157050464));
#1947=CARTESIAN_POINT('',(-0.0192115385346081,-0.0223932953222515,0.00148267157050464));
#1948=CARTESIAN_POINT('',(-0.0190508242488939,-0.0225429121798633,0.00153489101899276));
#1949=CARTESIAN_POINT('',(-0.0190508242488939,-0.0224612491088748,0.00151085386956036));
#1950=CARTESIAN_POINT('',(-0.019126526073526,-0.0223872074534655,0.00148020219345493));
#1951=CARTESIAN_POINT('',(-0.0192115385346081,-0.0223932953222515,0.00148267157050464));
#1952=CARTESIAN_POINT('',(-0.0140015046618733,-0.0301440197646954,0.0379894825772656));
#1953=CARTESIAN_POINT('',(-0.0246752648678411,-0.0194702595587276,0.0108598573525123));
#1954=CARTESIAN_POINT('',(-0.0232078058129962,-0.0209377186135725,0.00867548088286627));
#1955=CARTESIAN_POINT('',(-0.0252015046618742,-0.0189440197646946,0.00656278932198071));
#1956=CARTESIAN_POINT('',(-0.0252015046618742,-0.0189440197646946,0.00993210383212076));
#1957=CARTESIAN_POINT('',(-0.0252015046618742,-0.0189440197646946,-0.0138538501372369));
#1958=CARTESIAN_POINT('',(-0.0229619994010814,-0.0211835250254873,-0.0158500004789901));
#1959=CARTESIAN_POINT('',(-0.0240508242488939,-0.0200947001776749,-0.0130545648330154));
#1960=CARTESIAN_POINT('',(-0.0240508242488939,-0.0200947001776749,0.0379894825772656));
#1961=CARTESIAN_POINT('',(-0.0240508242488939,-0.0200947001776749,-0.0113500886186284));
#1962=CARTESIAN_POINT('',(-0.0240226595728612,-0.0201228648537075,-0.0158500004789901));
#1963=CARTESIAN_POINT('',(-0.0195226595728612,-0.0246228648537075,-0.0158500004789901));
#1964=CARTESIAN_POINT('',(-0.0195226595728612,-0.0246228648537075,0.0379894825772656));
#1965=CARTESIAN_POINT('',(-0.0195226595728612,-0.0246228648537075,-0.0166500004789901));
#1966=CARTESIAN_POINT('',(-0.0240226595728612,-0.0201228648537075,-0.0166500004789901));
#1967=CARTESIAN_POINT('',(-0.0227385960343785,-0.0214069283921902,-0.0209629091064872));
#1968=CARTESIAN_POINT('',(-0.036564665680626,-0.00758085874594271,-0.00713683946023969));
#1969=CARTESIAN_POINT('',(-0.0202015046618742,-0.0239440197646945,-0.0235000004789915));
#1970=CARTESIAN_POINT('',(-0.0200508242488938,-0.024094700177675,-0.0235000004789915));
#1971=CARTESIAN_POINT('',(-0.0193419944294602,-0.0248035299971085,-0.0235000004789915));
#1972=CARTESIAN_POINT('',(0.00409478323449114,-0.0482403076610598,0.0170936892006678));
#1973=CARTESIAN_POINT('',(-0.0201430273133318,-0.0240024971132369,-0.00396594066906652));
#1974=CARTESIAN_POINT('',(-0.0201619340700431,-0.0239835903565256,-0.00400616221715723));
#1975=CARTESIAN_POINT('',(-0.0222114845643655,-0.0219340398622032,8.81272874264067E-10));
#1976=CARTESIAN_POINT('',(-0.0240508242488939,-0.0200947001776749,-0.00410692370105378));
#1977=CARTESIAN_POINT('',(-0.0240508242488939,-0.0200947001776749,0.0379894825772656));
#1978=CARTESIAN_POINT('',(-0.0240508242488939,-0.0200947001776749,-0.000768114236018989));
#1979=CARTESIAN_POINT('',(-0.0211508243925857,-0.022994700033983,8.81272852523324E-10));
#1980=CARTESIAN_POINT('',(-0.0240508242488939,-0.0200947001776749,0.000768115998564695));
#1981=CARTESIAN_POINT('',(-0.0240508242488939,-0.0200947001776749,0.0379894825772656));
#1982=CARTESIAN_POINT('',(-0.0240508242488939,-0.0200947001776749,0.00410692546359953));
#1983=CARTESIAN_POINT('',(-0.0222114845643655,-0.0219340398622032,8.81272874264067E-10));
#1984=CARTESIAN_POINT('',(-0.0201619340700431,-0.0239835903565256,0.00400616397970298));
#1985=CARTESIAN_POINT('',(-0.0201430273133318,-0.0240024971132369,0.00396594243161226));
#1986=CARTESIAN_POINT('',(-0.0212264301521462,-0.0229190942744226,0.0140927884550716));
#1987=CARTESIAN_POINT('',(-0.0214036800249885,-0.0227418444015802,0.0143040266278184));
#1988=CARTESIAN_POINT('',(-0.0257359250396209,-0.0184095993869478,0.00907985823462261));
#1989=CARTESIAN_POINT('',(-0.0224649763706304,-0.0216805480559384,0.00779021122624199));
#1990=CARTESIAN_POINT('',(-0.0280385450600417,-0.016106979366527,0.0144325317354187));
#1991=CARTESIAN_POINT('',(-0.0240508242488939,-0.022994700033983,8.8127287412032E-10));
#1992=CARTESIAN_POINT('',(-0.0232721447361454,-0.022994700033983,8.8127287412032E-10));
#1993=CARTESIAN_POINT('',(-0.0240508242488939,-0.0224755803588173,0.0029547453309429));
#1994=CARTESIAN_POINT('',(-0.0206996386336796,-0.0247097041022936,0.0024614559480329));
#1995=CARTESIAN_POINT('',(-0.0240508242488939,-0.022994700033983,8.8127287412032E-10));
#1996=CARTESIAN_POINT('',(-0.0240508242488939,-0.0247097041022936,0.00246145594803288));
#1997=CARTESIAN_POINT('',(-0.0240508242488939,-0.0247097041022936,0.00246145594803288));
#1998=CARTESIAN_POINT('',(-0.0240508242488939,-0.022994700033983,8.8127287412032E-10));
#1999=CARTESIAN_POINT('',(-0.0240508242488939,-0.022994700033983,8.8127287412032E-10));
#2000=CARTESIAN_POINT('',(-0.0240508242488939,-0.0224755803588173,-0.00295474356839715));
#2001=CARTESIAN_POINT('',(-0.0240508242488939,-0.0247097041022936,-0.00246145418548713));
#2002=CARTESIAN_POINT('',(-0.0232721447361454,-0.022994700033983,8.8127287412032E-10));
#2003=CARTESIAN_POINT('',(-0.0206996386336796,-0.0247097041022936,-0.00246145418548715));
#2004=CARTESIAN_POINT('',(-0.0240508242488939,-0.0247097041022936,-0.00246145418548713));
#2005=CARTESIAN_POINT('',(-0.0240508242488939,-0.0213085250254871,-0.00599999908759501));
#2006=CARTESIAN_POINT('',(-0.0240508242488939,-0.0250947001776748,-0.00599999908759501));
#2007=CARTESIAN_POINT('',(-0.0240508242488939,-0.0250947001776748,-0.00164242750644523));
#2008=CARTESIAN_POINT('',(-0.0240508242488939,-0.0250947001776748,0.00164242926899098));
#2009=CARTESIAN_POINT('',(-0.0240508242488939,-0.0247097041022936,0.00246145594803288));
#2010=CARTESIAN_POINT('',(-0.0240508242488939,-0.0200947001776749,0.00410692546359954));
#2011=CARTESIAN_POINT('',(-0.0240508242488939,-0.0200947001776749,0.00385262274095164));
#2012=CARTESIAN_POINT('',(-0.0240508242488939,-0.0202839317064805,0.00335092904831993));
#2013=CARTESIAN_POINT('',(-0.0240508242488939,-0.0209763686309466,0.0029727683184465));
#2014=CARTESIAN_POINT('',(-0.0240508242488939,-0.0217230288990338,0.00287220423617676));
#2015=CARTESIAN_POINT('',(-0.0240508242488939,-0.0222274133927094,0.00291114482435858));
#2016=CARTESIAN_POINT('',(-0.0240508242488939,-0.0224755803588173,0.00295474533094289));
#2017=CARTESIAN_POINT('',(-0.0240508242488939,-0.022994700033983,8.8127287412032E-10));
#2018=CARTESIAN_POINT('',(-0.0240508242488939,-0.0224755803588173,-0.00295474356839715));
#2019=CARTESIAN_POINT('',(-0.0240508242488939,-0.0222272140594129,-0.00291110804090397));
#2020=CARTESIAN_POINT('',(-0.0240508242488939,-0.0217320714946969,-0.00287225363566287));
#2021=CARTESIAN_POINT('',(-0.0240508242488939,-0.0209795161657455,-0.00297163526919192));
#2022=CARTESIAN_POINT('',(-0.0240508242488939,-0.0202868487275919,-0.00334735629163856));
#2023=CARTESIAN_POINT('',(-0.0240508242488939,-0.0200947001776749,-0.00385159144621628));
#2024=CARTESIAN_POINT('',(-0.0240508242488939,-0.0200947001776749,-0.00410692370105379));
#2025=CARTESIAN_POINT('',(-0.0240508242488939,-0.0247097041022936,-0.00246145418548713));
#2026=CARTESIAN_POINT('',(-0.0248897199864837,-0.0194702595587276,0.0106799081415552));
#2027=CARTESIAN_POINT('',(-0.0252015046618742,-0.0194702595587276,0.0104182897354284));
#2028=CARTESIAN_POINT('',(-0.0252015046618742,-0.0166223500169913,0.0116494011010736));
#2029=CARTESIAN_POINT('',(-0.0252015046618742,-0.0198974079142093,0.0142946118435151));
#2030=CARTESIAN_POINT('',(-0.0254959239953381,-0.0166223500169913,0.0114023539469525));
#2031=CARTESIAN_POINT('',(-0.0254959239953381,-0.0166223500169913,0.0114023539469525));
#2032=CARTESIAN_POINT('',(-0.0248897199864837,-0.0194702595587276,0.0106799081415552));
#2033=CARTESIAN_POINT('',(-0.023745807202173,-0.0218854158263164,0.00931664597123839));
#2034=CARTESIAN_POINT('',(-0.0267965852114007,-0.0194702595587276,0.00907985823462261));
#2035=CARTESIAN_POINT('',(-0.0460508242488939,-0.0211835250254873,-0.0166500004789901));
#2036=CARTESIAN_POINT('',(-0.0460508242488939,-0.0181835250254873,-0.0166500004789901));
#2037=CARTESIAN_POINT('',(-0.0252015046618742,-0.0181835250254873,-0.0166500004789901));
#2038=CARTESIAN_POINT('',(-0.0240508242488939,-0.0181835250254873,-0.0166500004789901));
#2039=CARTESIAN_POINT('',(-0.0252015046618742,-0.0211835250254873,-0.0166500004789901));
#2040=CARTESIAN_POINT('',(-0.0252015046618742,-0.0188218518897645,-0.0185000004789915));
#2041=CARTESIAN_POINT('',(-0.0270515046618756,-0.0211835250254873,-0.0166500004789901));
#2042=CARTESIAN_POINT('',(-0.024120915758891,-0.0218251235617263,-0.0195805893819747));
#2043=CARTESIAN_POINT('',(-0.025083319744641,-0.0211835250254873,-0.0166500004789901));
#2044=CARTESIAN_POINT('',(-0.0240508242488939,-0.0218718553559854,-0.0195699664644284));
#2045=CARTESIAN_POINT('',(-0.0240508242488939,-0.0211835250254873,-0.0166500004789901));
#2046=CARTESIAN_POINT('',(-0.0140015046618733,-0.0301440197646954,0.0379894825772656));
#2047=CARTESIAN_POINT('',(-0.0212264301521462,-0.0229190942744226,0.0140927884550716));
#2048=CARTESIAN_POINT('',(-0.0228296281838031,-0.0213158962427656,0.0160034054689388));
#2049=CARTESIAN_POINT('',(-0.0252015046618742,-0.0189440197646946,0.0188300977828697));
#2050=CARTESIAN_POINT('',(-0.0252015046618742,-0.0189440197646946,0.00993210383212076));
#2051=CARTESIAN_POINT('',(-0.0252015046618742,-0.0189440197646946,0.0153610502025745));
#2052=CARTESIAN_POINT('',(-0.0257359250396209,-0.0184095993869478,0.00907985823462261));
#2053=CARTESIAN_POINT('',(-0.0252015046618742,-0.0250967001776749,0.00993210383212076));
#2054=CARTESIAN_POINT('',(-0.0252015046618742,-0.0181835250254873,0.00993210383212076));
#2055=CARTESIAN_POINT('',(-0.0252015046618742,-0.0181835250254873,-0.0158500004789901));
#2056=CARTESIAN_POINT('',(-0.0252015046618742,-0.0211835250254873,-0.0158500004789901));
#2057=CARTESIAN_POINT('',(-0.0252015046618742,-0.0194702595587276,0.0104182897354284));
#2058=CARTESIAN_POINT('',(-0.0252015046618742,-0.0166223500169913,0.00918717836978325));
#2059=CARTESIAN_POINT('',(-0.0252015046618742,-0.0166223500169913,0.00993210383212076));
#2060=CARTESIAN_POINT('',(-0.0252015046618742,-0.0166223500169913,-0.0185000004789915));
#2061=CARTESIAN_POINT('',(-0.0252015046618742,-0.0250967001776749,-0.0185000004789915));
#2062=CARTESIAN_POINT('',(-0.0460508242488939,-0.0211835250254873,-0.0158500004789901));
#2063=CARTESIAN_POINT('',(-0.0460508242488939,-0.0181835250254873,-0.0158500004789901));
#2064=CARTESIAN_POINT('',(-0.0240508242488939,-0.0181835250254873,-0.0158500004789901));
#2065=CARTESIAN_POINT('',(-0.0240508242488939,-0.0211835250254873,-0.0158500004789901));
#2066=CARTESIAN_POINT('',(-0.0440508242488939,-0.0211835250254873,-0.0158500004789901));
#2067=CARTESIAN_POINT('',(0.00394917575110613,-0.0227835250254873,-0.0158500004789901));
#2068=CARTESIAN_POINT('',(-0.0240508242488939,-0.0227835250254873,-0.0158500004789901));
#2069=CARTESIAN_POINT('',(-0.0240508242488939,-0.0211835250254873,-0.0158500004789901));
#2070=CARTESIAN_POINT('',(-0.0240508242488939,-0.0195835250254873,-0.0158500004789901));
#2071=CARTESIAN_POINT('',(0.00394917575110613,-0.0195835250254873,-0.0158500004789901));
#2072=CARTESIAN_POINT('',(-0.02180116452723,-0.0166223500169913,0.000870654113860913));
#2073=CARTESIAN_POINT('',(-0.0252015046618742,-0.0166223500169913,0.00993210383212076));
#2074=CARTESIAN_POINT('',(-0.0252015046618742,-0.0166223500169913,0.0188300977828697));
#2075=CARTESIAN_POINT('',(-0.0221261644553841,-0.0166223500169913,0.0151650500433356));
#2076=CARTESIAN_POINT('',(-0.0221261644553841,-0.0166223500169913,-0.0235000004789915));
#2077=CARTESIAN_POINT('',(-0.0202015046618742,-0.0166223500169913,-0.0235000004789915));
#2078=CARTESIAN_POINT('',(-0.0202015046618742,-0.0166223500169913,-0.0235000004789915));
#2079=CARTESIAN_POINT('',(-0.0262652747258172,-0.0166223500169913,0.00829456930147124));
#2080=CARTESIAN_POINT('',(-0.0242835159776294,-0.0166223500169913,0.00995746233615797));
#2081=CARTESIAN_POINT('',(-0.0259563866709789,-0.0166223500169913,0.0119511119949029));
#2082=CARTESIAN_POINT('',(-0.0252015046618742,-0.0250967001776749,0.00993210383212076));
#2083=CARTESIAN_POINT('',(-0.0252015046618742,-0.0250967001776749,0.0188300977828697));
#2084=CARTESIAN_POINT('',(-0.0252015046618742,-0.0189440197646946,0.0153610502025745));
#2085=CARTESIAN_POINT('',(-0.0252015046618742,-0.0189440197646945,0.0150975068806557));
#2086=CARTESIAN_POINT('',(-0.0252015046618742,-0.0191255241274935,0.0145689871654109));
#2087=CARTESIAN_POINT('',(-0.0252015046618742,-0.0196386117032561,0.0143432087764654));
#2088=CARTESIAN_POINT('',(-0.0252015046618742,-0.0198974079142093,0.0142946118435152));
#2089=CARTESIAN_POINT('',(-0.0221261644553841,-0.0250967001776749,0.0151650500433356));
#2090=CARTESIAN_POINT('',(-0.0214036800249885,-0.0227418444015802,0.0143040266278184));
#2091=CARTESIAN_POINT('',(-0.021641350519777,-0.0225041739067918,0.0145872712938362));
#2092=CARTESIAN_POINT('',(-0.0221480782496387,-0.0221075754374059,0.015191165886366));
#2093=CARTESIAN_POINT('',(-0.0225913705624804,-0.0215541538640883,0.0157194610927645));
#2094=CARTESIAN_POINT('',(-0.0228296281838031,-0.0213158962427656,0.0160034054689388));
#2095=CARTESIAN_POINT('',(-0.0190508242488939,-0.0238705941765806,0.0114999995210091));
#2096=CARTESIAN_POINT('',(-0.0190508242488939,-0.0218188061787691,0.0114999995210091));
#2097=CARTESIAN_POINT('',(-0.0190508242488939,-0.0198705941765806,0.0114999995210091));
#2098=CARTESIAN_POINT('',(-0.0190508242488939,-0.0178188061787691,0.0114999995210091));
#2099=CARTESIAN_POINT('',(-0.0210594977708889,-0.0194702595587276,0.0138938461899879));
#2100=CARTESIAN_POINT('',(-0.0220879579463873,-0.0194702595587276,0.0151195172989783));
#2101=CARTESIAN_POINT('',(-0.0396137114908198,-0.0194702595587276,-0.00167498769919039));
#2102=CARTESIAN_POINT('',(-0.0248897199864837,-0.0194702595587276,0.0106799081415552));
#2103=CARTESIAN_POINT('',(-0.0259181801619822,-0.0194702595587276,0.0119055792505456));
#2104=CARTESIAN_POINT('',(-0.0425087421782203,-0.0194702595587276,-0.00410420688123506));
#2105=CARTESIAN_POINT('',(-0.0248897199864837,-0.0194702595587276,0.0106799081415552));
#2106=CARTESIAN_POINT('',(-0.0460508242488939,-0.022994700033983,8.81272852523324E-10));
#2107=CARTESIAN_POINT('',(-0.00541932306159852,-0.0173220099669669,-0.0235000004789915));
#2108=CARTESIAN_POINT('',(0.185482365122047,-0.0248035299971085,-0.0235000004789915));
#2109=CARTESIAN_POINT('',(-0.0202015046618742,-0.0173220099669669,-0.0235000004789915));
#2110=CARTESIAN_POINT('',(-0.0202015046618742,-0.0173220099669669,-0.0235000004789915));
#2111=CARTESIAN_POINT('',(-0.0241209157588889,-0.0218251235617272,-0.0195805893819768));
#2112=CARTESIAN_POINT('',(-0.0240787122412195,-0.0216323558592834,-0.0196227928996462));
#2113=CARTESIAN_POINT('',(-0.0239463171780813,-0.0212594914200947,-0.0197551879627844));
#2114=CARTESIAN_POINT('',(-0.0235363131980402,-0.0209944993767328,-0.0201651919428255));
#2115=CARTESIAN_POINT('',(-0.0231044433301164,-0.0211012826287999,-0.0205970618107493));
#2116=CARTESIAN_POINT('',(-0.0228548242777959,-0.0212907001487729,-0.0208466808630698));
#2117=CARTESIAN_POINT('',(-0.0227385960343785,-0.0214069283921902,-0.0209629091064872));
#2118=CARTESIAN_POINT('',(0.185482365122047,-0.0249491150873917,-0.0232478397057966));
#2119=CARTESIAN_POINT('',(0.00394917575110613,-0.0227835250254873,-0.0162500004789902));
#2120=CARTESIAN_POINT('',(0.00394917575110613,-0.0227835250254873,-0.0166500004789901));
#2121=CARTESIAN_POINT('',(-0.0240508242488939,-0.0227835250254873,-0.0166500004789901));
#2122=CARTESIAN_POINT('',(-0.0240508242488939,-0.0227835250254873,-0.00307549915944111));
#2123=CARTESIAN_POINT('',(0.00394917575110613,-0.0211835250254873,-0.0166500004789901));
#2124=CARTESIAN_POINT('',(0.00394917575110613,-0.0195835250254873,-0.0166500004789901));
#2125=CARTESIAN_POINT('',(-0.0240508242488939,-0.0195835250254873,-0.0166500004789901));
#2126=CARTESIAN_POINT('',(-0.0240508242488939,-0.0211835250254873,-0.0166500004789901));
#2127=CARTESIAN_POINT('',(0.00394917575110613,-0.0195835250254873,-0.0162500004789902));
#2128=CARTESIAN_POINT('',(-0.0240508242488939,-0.0195835250254873,-0.00307549915944111));
#2129=CARTESIAN_POINT('',(-0.0460508242488939,-0.0181835250254873,-0.0162500004789902));
#2130=CARTESIAN_POINT('',(-0.0240508242488939,-0.0181835250254873,-0.0162500004789902));
#2131=CARTESIAN_POINT('',(-0.0240508242488939,-0.0211835250254873,-0.0158500004789901));
#2132=CARTESIAN_POINT('',(-0.0240508242488939,-0.0211835250254873,-0.0158500004789901));
#2133=CARTESIAN_POINT('',(-0.0240508242488939,-0.0241835250254873,-0.0158500004789901));
#2134=CARTESIAN_POINT('',(-0.0240508242488939,-0.0218718553559854,-0.0129300344935519));
#2135=CARTESIAN_POINT('',(-0.0240508242488939,-0.0241835250254873,-0.0158500004789901));
#2136=CARTESIAN_POINT('',(-0.0205833197446411,-0.0241835250254873,-0.0158500004789901));
#2137=CARTESIAN_POINT('',(-0.025083319744641,-0.0211835250254873,-0.0158500004789901));
#2138=CARTESIAN_POINT('',(-0.0240508242488939,-0.0211835250254873,-0.0166500004789901));
#2139=CARTESIAN_POINT('',(-0.0240508242488939,-0.0241835250254873,-0.0166500004789901));
#2140=CARTESIAN_POINT('',(-0.0240508242488939,-0.0241835250254873,-0.0166500004789901));
#2141=CARTESIAN_POINT('',(-0.020583319744641,-0.0241835250254873,-0.0166500004789901));
#2142=CARTESIAN_POINT('',(-0.0240508242488939,-0.0211835250254873,-0.0166500004789901));
#2143=CARTESIAN_POINT('',(-0.025083319744641,-0.0211835250254873,-0.0166500004789901));
#2144=CARTESIAN_POINT('',(-0.0240508242488939,-0.0241835250254873,-0.0162500004789902));
#2145=CARTESIAN_POINT('',(-0.0240508242488939,-0.0241835250254873,-0.0162500004789902));
#2146=CARTESIAN_POINT('',(-0.0205833197446411,-0.0241835250254873,-0.0162500004789902));
#2147=CARTESIAN_POINT('',(-0.0240508242488939,-0.0213085250254871,-0.00599999908759501));
#2148=CARTESIAN_POINT('',(-0.0240508242488939,-0.0200947001776749,-0.0113500886186284));
#2149=CARTESIAN_POINT('',(-0.0240508242488939,-0.0200947001776749,-0.0117822548538341));
#2150=CARTESIAN_POINT('',(-0.0240508242488939,-0.0206499759746831,-0.0125292823390338));
#2151=CARTESIAN_POINT('',(-0.0240508242488939,-0.0214558573239766,-0.0128319703159939));
#2152=CARTESIAN_POINT('',(-0.0240508242488939,-0.0218718553559854,-0.0129300344935519));
#2153=CARTESIAN_POINT('',(-0.0259563866709789,-0.0207824798682013,0.0119511119949029));
#2154=CARTESIAN_POINT('',(-0.0237458072021729,-0.0218854158263164,0.00931664597123837));
#2155=CARTESIAN_POINT('',(-0.0235612318576563,-0.0216738300974826,0.00909667764130637));
#2156=CARTESIAN_POINT('',(-0.0231364987051392,-0.0213780336238435,0.00859050038090022));
#2157=CARTESIAN_POINT('',(-0.0226588663115355,-0.0214866581150333,0.00802128025988361));
#2158=CARTESIAN_POINT('',(-0.0224649763706304,-0.0216805480559384,0.00779021122624201));
#2159=CARTESIAN_POINT('',(-0.0190508242488939,-0.0250947001776748,0.0115000023038015));
#2160=CARTESIAN_POINT('',(-0.0190508242488939,-0.0250947001776748,0.00164242926899098));
#2161=CARTESIAN_POINT('',(-0.0190508242488939,-0.0250947001776748,-0.00164242750644523));
#2162=CARTESIAN_POINT('',(-0.0241310596435981,-0.0200144647829706,0.00407004160775086));
#2163=CARTESIAN_POINT('',(-0.0236729498269607,-0.0204725745996081,0.00212739749751462));
#2164=CARTESIAN_POINT('',(-0.0251917198153779,-0.0217149833144947,0.00271336136559154));
#2165=CARTESIAN_POINT('',(-0.0233828233728881,-0.0207627010536806,0.00442293628255945));
#2166=CARTESIAN_POINT('',(-0.023218648673693,-0.020926875752879,0.00259919419770842));
#2167=CARTESIAN_POINT('',(-0.0244434835446679,-0.022213807494964,0.00294862448212949));
#2168=CARTESIAN_POINT('',(-0.0216879624614111,-0.0224575619651576,0.00470470170361843));
#2169=CARTESIAN_POINT('',(-0.0219471598583825,-0.0221983645681921,0.00331407791003552));
#2170=CARTESIAN_POINT('',(-0.0227486226331909,-0.0233437147692881,0.00313646809616935));
#2171=CARTESIAN_POINT('',(-0.0200965018855439,-0.0240490225410248,0.00405724630619845));
#2172=CARTESIAN_POINT('',(-0.0203873451275377,-0.0237581792990178,0.00306808746602096));
#2173=CARTESIAN_POINT('',(-0.0211571620573237,-0.0244046884865307,0.00270483116455888));
#2174=CARTESIAN_POINT('',(-0.0194441460412817,-0.024701378385287,0.00354849880273999));
#2175=CARTESIAN_POINT('',(-0.0197655905121355,-0.0243799339144332,0.00272413631352723));
#2176=CARTESIAN_POINT('',(-0.0205048062130615,-0.0248395923827056,0.00236566616225096));
#2177=CARTESIAN_POINT('',(-0.0201619340700431,-0.0239835903565256,0.00400616397970297));
#2178=CARTESIAN_POINT('',(-0.0200901686979547,-0.024055355728614,0.00385349293152784));
#2179=CARTESIAN_POINT('',(-0.0199780568580278,-0.024202398052903,0.00354068042708426));
#2180=CARTESIAN_POINT('',(-0.019911850943588,-0.0244359781275348,0.00304377065306495));
#2181=CARTESIAN_POINT('',(-0.0201173710306063,-0.0246755762854454,0.00253405822707797));
#2182=CARTESIAN_POINT('',(-0.0205151777396625,-0.0247097041022936,0.00246145594803272));
#2183=CARTESIAN_POINT('',(-0.0206996386336796,-0.0247097041022936,0.00246145594803273));
#2184=CARTESIAN_POINT('',(-0.019444185952022,-0.0247013384745467,-0.0035485281647012));
#2185=CARTESIAN_POINT('',(-0.0197656271919255,-0.0243798972346432,-0.00272415484171841));
#2186=CARTESIAN_POINT('',(-0.0205048461238018,-0.0248395657755454,-0.00236568514937651));
#2187=CARTESIAN_POINT('',(-0.0200962883022942,-0.0240492361242745,-0.00405706618302329));
#2188=CARTESIAN_POINT('',(-0.0203871308801118,-0.0237583935464614,-0.0030679564527467));
#2189=CARTESIAN_POINT('',(-0.021156948474074,-0.0244048308753653,-0.00270471049492653));
#2190=CARTESIAN_POINT('',(-0.021687005424059,-0.0224585190025097,-0.00470440213856228));
#2191=CARTESIAN_POINT('',(-0.0219461496175324,-0.0221993748090286,-0.00331404262389439));
#2192=CARTESIAN_POINT('',(-0.0227476655958389,-0.0233443527941863,-0.0031362677986157));
#2193=CARTESIAN_POINT('',(-0.0233812318415414,-0.0207642925850273,-0.00442329423632125));
#2194=CARTESIAN_POINT('',(-0.0232173882329067,-0.0209281361936741,-0.00260000663982116));
#2195=CARTESIAN_POINT('',(-0.0244418920133212,-0.0222148685158666,-0.00294886253045769));
#2196=CARTESIAN_POINT('',(-0.0241293213746263,-0.0200162030519424,-0.00407085922062315));
#2197=CARTESIAN_POINT('',(-0.0236718053404869,-0.0204737190860818,-0.00212858367414165));
#2198=CARTESIAN_POINT('',(-0.0251899815464062,-0.0217161421604758,-0.00271390585332449));
#2199=CARTESIAN_POINT('',(-0.0206996386336796,-0.0247097041022936,-0.00246145418548713));
#2200=CARTESIAN_POINT('',(-0.0205152893795228,-0.0247097041022935,-0.00246145418548714));
#2201=CARTESIAN_POINT('',(-0.0201170629345493,-0.0246757227317141,-0.00253374492005492));
#2202=CARTESIAN_POINT('',(-0.0199119111907598,-0.0244351590998105,-0.00304551126037688));
#2203=CARTESIAN_POINT('',(-0.0199776097890328,-0.0242034901837296,-0.00353835530505212));
#2204=CARTESIAN_POINT('',(-0.0200901750748992,-0.024055349351669,-0.00385350473506364));
#2205=CARTESIAN_POINT('',(-0.0201619340700426,-0.0239835903565256,-0.00400616221715739));
#2206=CARTESIAN_POINT('',(-0.0240508242488939,-0.0247097041022936,-0.00246145418548713));
#2207=CARTESIAN_POINT('',(-0.0240508242488939,-0.0247097041022936,0.00246145594803288));
#2208=CARTESIAN_POINT('',(-0.0195226595728612,-0.0246228648537074,-0.0166500004789901));
#2209=CARTESIAN_POINT('',(-0.0199619994010814,-0.0241835250254873,-0.0166500004789901));
#2210=CARTESIAN_POINT('',(-0.0205833197446411,-0.0241835250254873,-0.0166500004789901));
#2211=CARTESIAN_POINT('',(-0.0195226595728631,-0.0246228648537056,-0.0177109786344048));
#2212=CARTESIAN_POINT('',(-0.0199619994010887,-0.0241835250254749,-0.0175038097760247));
#2213=CARTESIAN_POINT('',(-0.0205833197446429,-0.0241835250254873,-0.0173573192492666));
#2214=CARTESIAN_POINT('',(-0.0203056628481595,-0.0238398615784092,-0.0198275764475415));
#2215=CARTESIAN_POINT('',(-0.0207736687737607,-0.0233718556528077,-0.0192817571714082));
#2216=CARTESIAN_POINT('',(-0.0213663230199374,-0.0236615228419498,-0.0187683844580242));
#2217=CARTESIAN_POINT('',(-0.0222747293331318,-0.0218707950934369,-0.0209302358118859));
#2218=CARTESIAN_POINT('',(-0.022584186156562,-0.0215613382700133,-0.0198372097544821));
#2219=CARTESIAN_POINT('',(-0.0233353895049155,-0.022348811851983,-0.0195034907009209));
#2220=CARTESIAN_POINT('',(-0.0233227974663277,-0.0208227269602409,-0.0210952443453983));
#2221=CARTESIAN_POINT('',(-0.0234278844493565,-0.0207176399772122,-0.0197603034695121));
#2222=CARTESIAN_POINT('',(-0.0243834576381076,-0.0216500997631763,-0.0196134963899289));
#2223=CARTESIAN_POINT('',(-0.0205833197446411,-0.0256835250254873,-0.0166500004789901));
#2224=CARTESIAN_POINT('',(-0.0205833197446411,-0.0256835250254873,0.0379894825772656));
#2225=CARTESIAN_POINT('',(-0.0205833197446411,-0.0256835250254873,-0.0158500004789901));
#2226=CARTESIAN_POINT('',(-0.0240938247876888,-0.0200516996388799,-0.0113505632350452));
#2227=CARTESIAN_POINT('',(-0.0240818297840064,-0.0200636946425623,-0.0128673370251795));
#2228=CARTESIAN_POINT('',(-0.0251544849594686,-0.0211360815489356,-0.0128503756496935));
#2229=CARTESIAN_POINT('',(-0.0229040149817393,-0.0212415094448294,-0.0113317446437742));
#2230=CARTESIAN_POINT('',(-0.0231800811728371,-0.0209654432537124,-0.0125939259449534));
#2231=CARTESIAN_POINT('',(-0.0239646751535177,-0.0219292880862382,-0.0128378299221793));
#2232=CARTESIAN_POINT('',(-0.0205185427844867,-0.023626981642082,-0.0122900226681557));
#2233=CARTESIAN_POINT('',(-0.0210192602138213,-0.0231262642127596,-0.0128873389421115));
#2234=CARTESIAN_POINT('',(-0.0215792029562672,-0.0235196028844015,-0.013476681938436));
#2235=CARTESIAN_POINT('',(-0.0195226595728633,-0.0246228648537054,-0.014660041850715));
#2236=CARTESIAN_POINT('',(-0.0199619994010812,-0.0241835250254801,-0.0148923957114293));
#2237=CARTESIAN_POINT('',(-0.0205833197446432,-0.0241835250254873,-0.0150566947268026));
#2238=CARTESIAN_POINT('',(-0.0195226595728613,-0.0246228648537074,-0.0158500004789902));
#2239=CARTESIAN_POINT('',(-0.0199619994010814,-0.0241835250254873,-0.0158500004789902));
#2240=CARTESIAN_POINT('',(-0.0205833197446411,-0.0241835250254873,-0.0158500004789902));
#2241=CARTESIAN_POINT('',(-0.0253683914322657,-0.018777132994303,0.0152429627161043));
#2242=CARTESIAN_POINT('',(-0.0250908977592225,-0.0190546266673462,0.0144849119270376));
#2243=CARTESIAN_POINT('',(-0.0254680914357488,-0.0197152819636311,0.0140977349831966));
#2244=CARTESIAN_POINT('',(-0.0245239249753707,-0.019621599451198,0.0158612170659831));
#2245=CARTESIAN_POINT('',(-0.0243964800198022,-0.0197490444067728,0.015150257348771));
#2246=CARTESIAN_POINT('',(-0.0246384524319325,-0.0202782596015608,0.0147336600035483));
#2247=CARTESIAN_POINT('',(-0.0228768630864527,-0.021268661340116,0.0164233404817929));
#2248=CARTESIAN_POINT('',(-0.0229495962470712,-0.0211959281794958,0.0159126748038134));
#2249=CARTESIAN_POINT('',(-0.0231259687255719,-0.02137630086084,0.0154561674519099));
#2250=CARTESIAN_POINT('',(-0.0212931371048831,-0.0228523873216856,0.014986180235187));
#2251=CARTESIAN_POINT('',(-0.0215771672824026,-0.0225683571441633,0.014740137744649));
#2252=CARTESIAN_POINT('',(-0.0219962496446912,-0.0224321181818858,0.0145600715602608));
#2253=CARTESIAN_POINT('',(-0.0210902871114897,-0.023055237315079,0.0117132586724055));
#2254=CARTESIAN_POINT('',(-0.0216344112254181,-0.0225111132011642,0.0117171461407658));
#2255=CARTESIAN_POINT('',(-0.0223585369832515,-0.0225673515108163,0.0119606544431449));
#2256=CARTESIAN_POINT('',(-0.02191657454681,-0.0222289498797586,0.00898726711427692));
#2257=CARTESIAN_POINT('',(-0.0226232947705879,-0.021522229655948,0.00937677529968988));
#2258=CARTESIAN_POINT('',(-0.0235184533340978,-0.0220164932205989,0.00963226634368705));
#2259=CARTESIAN_POINT('',(-0.0225066683259838,-0.0216388561005849,0.00769839134572988));
#2260=CARTESIAN_POINT('',(-0.0232405427702437,-0.020904981656325,0.00837037968598327));
#2261=CARTESIAN_POINT('',(-0.024238825409898,-0.021623097367819,0.008498650203182));
#2262=CARTESIAN_POINT('',(-0.0192008242488939,-0.0225429121798633,0.0115019995210091));
#2263=CARTESIAN_POINT('',(-0.0192115385346081,-0.0223932953222515,0.0115019995210091));
#2264=CARTESIAN_POINT('',(-0.0192115385346081,-0.0223932953222515,-0.011500000478992));
#2265=CARTESIAN_POINT('',(-0.0192008242488939,-0.0225429121798633,-0.011500000478992));
#2266=CARTESIAN_POINT('',(-0.0192008242488939,-0.0225429121798633,0.0115019995210091));
#2267=CARTESIAN_POINT('',(-0.0192115385346081,-0.0223932953222515,0.0115019995210091));
#2268=CARTESIAN_POINT('',(-0.0192115385346081,-0.0223932953222515,0.0114999995210091));
#2269=CARTESIAN_POINT('',(-0.0192008242488939,-0.0225429121798633,0.0114999995210091));
#2270=CARTESIAN_POINT('',(-0.019253284964975,-0.0217927316048099,0.0115019995210091));
#2271=CARTESIAN_POINT('',(-0.0198008242488939,-0.0218447001776748,0.0115019995210091));
#2272=CARTESIAN_POINT('',(-0.0198008242488939,-0.0218447001776748,-0.011500000478992));
#2273=CARTESIAN_POINT('',(-0.019253284964975,-0.0217927316048099,-0.011500000478992));
#2274=CARTESIAN_POINT('',(-0.0192120658309112,-0.0212442783406323,-0.011500000478992));
#2275=CARTESIAN_POINT('',(-0.0192120658309112,-0.0212442783406323,0.0115019995210091));
#2276=CARTESIAN_POINT('',(-0.0192120658309112,-0.0212442783406323,0.0114999995210091));
#2277=CARTESIAN_POINT('',(-0.019253284964975,-0.0217927316048099,0.0114999995210091));
#2278=CARTESIAN_POINT('',(-0.0198008242488939,-0.0218447001776748,0.0114999995210091));
#2279=CARTESIAN_POINT('',(-0.0198008242488939,-0.0218447001776748,0.0115019995210091));
#2280=CARTESIAN_POINT('',(-0.0192508242488939,-0.0218447001776748,0.0115019995210091));
#2281=CARTESIAN_POINT('',(-0.0192508242488939,-0.0218447001776748,-0.011500000478992));
#2282=CARTESIAN_POINT('',(-0.0192508242488939,-0.0218447001776748,0.0115019995210091));
#2283=CARTESIAN_POINT('',(-0.0192508242488939,-0.0218447001776748,0.0114999995210091));
#2284=CARTESIAN_POINT('',(-0.0705137687284859,-0.0447133157841157,0.0114999995210091));
#2285=CARTESIAN_POINT('',(-0.0192008242488939,-0.0210947001776748,0.0114999995210091));
#2286=CARTESIAN_POINT('',(-0.0192008242488939,-0.0210947001776748,0.0115019995210091));
#2287=CARTESIAN_POINT('',(-0.0192008242488939,-0.0210947001776748,-0.011500000478992));
#2288=CARTESIAN_POINT('',(-0.0257458243925862,-0.00744735008884873,-0.011500000478992));
#2289=CARTESIAN_POINT('',(-0.019253284964975,-0.0238966687505397,0.0115019995210091));
#2290=CARTESIAN_POINT('',(-0.0198008242488939,-0.0238447001776749,0.0115019995210091));
#2291=CARTESIAN_POINT('',(-0.0198008242488939,-0.0238447001776749,-0.011500000478992));
#2292=CARTESIAN_POINT('',(-0.0192120658309112,-0.0244451220147173,0.0115019995210091));
#2293=CARTESIAN_POINT('',(-0.0192120658309112,-0.0244451220147173,-0.011500000478992));
#2294=CARTESIAN_POINT('',(-0.019253284964975,-0.0238966687505397,-0.011500000478992));
#2295=CARTESIAN_POINT('',(-0.0192508242488939,-0.0238447001776749,0.0115019995210091));
#2296=CARTESIAN_POINT('',(-0.0192115385346081,-0.0232961050330982,0.0115019995210091));
#2297=CARTESIAN_POINT('',(-0.0192115385346081,-0.0232961050330982,-0.011500000478992));
#2298=CARTESIAN_POINT('',(-0.0192508242488939,-0.0238447001776749,-0.011500000478992));
#2299=CARTESIAN_POINT('',(-0.0192008242488939,-0.0245947001776748,0.0115019995210091));
#2300=CARTESIAN_POINT('',(-0.0192008242488939,-0.0245947001776748,-0.011500000478992));
#2301=CARTESIAN_POINT('',(-0.0192008242488939,-0.0231464881754864,0.0115019995210091));
#2302=CARTESIAN_POINT('',(-0.0192008242488939,-0.0231464881754864,-0.011500000478992));
#2303=CARTESIAN_POINT('',(-0.0257458243925862,-0.00744735008884873,-0.011500000478992));
#2304=CARTESIAN_POINT('',(-0.0192008242488939,-0.0231464881754864,0.0115019995210091));
#2305=CARTESIAN_POINT('',(-0.0192008242488939,-0.0231464881754864,0.0114999995210091));
#2306=CARTESIAN_POINT('',(-0.0192115385346081,-0.0232961050330982,0.0114999995210091));
#2307=CARTESIAN_POINT('',(-0.0192115385346081,-0.0232961050330982,0.0115019995210091));
#2308=CARTESIAN_POINT('',(-0.0192008242488939,-0.0245947001776748,0.0115019995210091));
#2309=CARTESIAN_POINT('',(-0.0192120658309112,-0.0244451220147173,0.0115019995210091));
#2310=CARTESIAN_POINT('',(-0.0192120658309112,-0.0244451220147173,0.0114999995210091));
#2311=CARTESIAN_POINT('',(-0.0192008242488939,-0.0245947001776748,0.0114999995210091));
#2312=CARTESIAN_POINT('',(-0.0192508242488939,-0.0238447001776749,0.0115019995210091));
#2313=CARTESIAN_POINT('',(-0.0198008242488939,-0.0238447001776749,0.0115019995210091));
#2314=CARTESIAN_POINT('',(-0.0198008242488939,-0.0238447001776749,0.0114999995210091));
#2315=CARTESIAN_POINT('',(-0.0192508242488939,-0.0238447001776749,0.0114999995210091));
#2316=CARTESIAN_POINT('',(-0.019253284964975,-0.0238966687505397,0.0115019995210091));
#2317=CARTESIAN_POINT('',(-0.019253284964975,-0.0238966687505397,0.0114999995210091));
#2318=CARTESIAN_POINT('',(-0.0705137687284859,-0.0447133157841157,0.0114999995210091));
#2319=CARTESIAN_POINT('',(-0.0705137687284859,-0.0447133157841157,0.0114999995210091));
#2320=CARTESIAN_POINT('',(-0.0192008242488939,-0.0185429121798633,0.0114999995210091));
#2321=CARTESIAN_POINT('',(-0.0192115385346081,-0.0183932953222514,0.0114999995210091));
#2322=CARTESIAN_POINT('',(-0.0192508242488939,-0.0178447001776749,0.0114999995210091));
#2323=CARTESIAN_POINT('',(-0.0198008242488939,-0.0178447001776749,0.0114999995210091));
#2324=CARTESIAN_POINT('',(-0.019253284964975,-0.0177927316048099,0.0114999995210091));
#2325=CARTESIAN_POINT('',(-0.0192120658309112,-0.0172442783406323,0.0114999995210091));
#2326=CARTESIAN_POINT('',(-0.0192008242488939,-0.0170947001776748,0.0114999995210091));
#2327=CARTESIAN_POINT('',(-0.0192008242488939,-0.0185429121798633,0.0115019995210091));
#2328=CARTESIAN_POINT('',(-0.0192115385346081,-0.0183932953222514,0.0115019995210091));
#2329=CARTESIAN_POINT('',(-0.0192115385346081,-0.0183932953222514,-0.011500000478992));
#2330=CARTESIAN_POINT('',(-0.0192008242488939,-0.0185429121798633,-0.011500000478992));
#2331=CARTESIAN_POINT('',(-0.0192008242488939,-0.0170947001776748,0.0115019995210091));
#2332=CARTESIAN_POINT('',(-0.0192120658309112,-0.0172442783406323,0.0115019995210091));
#2333=CARTESIAN_POINT('',(-0.0192120658309112,-0.0172442783406323,-0.011500000478992));
#2334=CARTESIAN_POINT('',(-0.0192008242488939,-0.0170947001776748,-0.011500000478992));
#2335=CARTESIAN_POINT('',(-0.019253284964975,-0.0177927316048099,0.0115019995210091));
#2336=CARTESIAN_POINT('',(-0.0198008242488939,-0.0178447001776749,0.0115019995210091));
#2337=CARTESIAN_POINT('',(-0.0198008242488939,-0.0178447001776749,-0.011500000478992));
#2338=CARTESIAN_POINT('',(-0.019253284964975,-0.0177927316048099,-0.011500000478992));
#2339=CARTESIAN_POINT('',(-0.0192508242488939,-0.0178447001776749,0.0115019995210091));
#2340=CARTESIAN_POINT('',(-0.0192508242488939,-0.0178447001776749,-0.011500000478992));
#2341=CARTESIAN_POINT('',(-0.0257458243925862,-0.00744735008884873,-0.011500000478992));
#2342=CARTESIAN_POINT('',(-0.0705137687284859,-0.0447133157841157,0.0114999995210091));
#2343=CARTESIAN_POINT('',(-0.0192008242488939,-0.0205947001776749,0.0114999995210091));
#2344=CARTESIAN_POINT('',(-0.0192120658309112,-0.0204451220147173,0.0114999995210091));
#2345=CARTESIAN_POINT('',(-0.019253284964975,-0.0198966687505397,0.0114999995210091));
#2346=CARTESIAN_POINT('',(-0.0198008242488939,-0.0198447001776749,0.0114999995210091));
#2347=CARTESIAN_POINT('',(-0.0192508242488939,-0.0198447001776749,0.0114999995210091));
#2348=CARTESIAN_POINT('',(-0.0192115385346081,-0.0192961050330982,0.0114999995210091));
#2349=CARTESIAN_POINT('',(-0.0192008242488939,-0.0191464881754864,0.0114999995210091));
#2350=CARTESIAN_POINT('',(-0.0192008242488939,-0.0191464881754864,0.0115019995210091));
#2351=CARTESIAN_POINT('',(-0.0192115385346081,-0.0192961050330982,0.0115019995210091));
#2352=CARTESIAN_POINT('',(-0.0192115385346081,-0.0192961050330982,-0.011500000478992));
#2353=CARTESIAN_POINT('',(-0.0192008242488939,-0.0191464881754864,-0.011500000478992));
#2354=CARTESIAN_POINT('',(-0.0257458243925862,-0.00744735008884873,-0.011500000478992));
#2355=CARTESIAN_POINT('',(-0.0192008242488939,-0.0205947001776749,-0.011500000478992));
#2356=CARTESIAN_POINT('',(-0.0192120658309112,-0.0204451220147173,-0.011500000478992));
#2357=CARTESIAN_POINT('',(-0.0192508242488939,-0.0198447001776749,-0.011500000478992));
#2358=CARTESIAN_POINT('',(-0.0198008242488939,-0.0198447001776749,-0.011500000478992));
#2359=CARTESIAN_POINT('',(-0.019253284964975,-0.0198966687505397,-0.011500000478992));
#2360=CARTESIAN_POINT('',(-0.0192008242488939,-0.0205947001776749,0.0115019995210091));
#2361=CARTESIAN_POINT('',(-0.0192120658309112,-0.0204451220147173,0.0115019995210091));
#2362=CARTESIAN_POINT('',(-0.0192508242488939,-0.0198447001776749,0.0115019995210091));
#2363=CARTESIAN_POINT('',(-0.0198008242488939,-0.0198447001776749,0.0115019995210091));
#2364=CARTESIAN_POINT('',(-0.019253284964975,-0.0198966687505397,0.0115019995210091));
#2365=MECHANICAL_DESIGN_GEOMETRIC_PRESENTATION_REPRESENTATION('',(#1286),
#2366);
#2366=(
GEOMETRIC_REPRESENTATION_CONTEXT(3)
GLOBAL_UNCERTAINTY_ASSIGNED_CONTEXT((#2367))
GLOBAL_UNIT_ASSIGNED_CONTEXT((#2370,#2369,#2368))
REPRESENTATION_CONTEXT('left_clamp_voron','TOP_LEVEL_ASSEMBLY_PART')
);
#2367=UNCERTAINTY_MEASURE_WITH_UNIT(LENGTH_MEASURE(2.E-5),#2370,
'DISTANCE_ACCURACY_VALUE','Maximum Tolerance applied to model');
#2368=(
NAMED_UNIT(*)
SI_UNIT($,.STERADIAN.)
SOLID_ANGLE_UNIT()
);
#2369=(
NAMED_UNIT(*)
PLANE_ANGLE_UNIT()
SI_UNIT($,.RADIAN.)
);
#2370=(
LENGTH_UNIT()
NAMED_UNIT(*)
SI_UNIT($,.METRE.)
);
#2371=PRODUCT_DEFINITION_SHAPE('','',#2372);
#2372=PRODUCT_DEFINITION('','',#2374,#2373);
#2373=PRODUCT_DEFINITION_CONTEXT('',#2380,'design');
#2374=PRODUCT_DEFINITION_FORMATION_WITH_SPECIFIED_SOURCE('','',#2376,
 .NOT_KNOWN.);
#2375=PRODUCT_RELATED_PRODUCT_CATEGORY('','',(#2376));
#2376=PRODUCT('left_clamp_voron','left_clamp_voron','left_clamp_voron',
(#2378));
#2377=PRODUCT_CATEGORY('','');
#2378=PRODUCT_CONTEXT('',#2380,'mechanical');
#2379=APPLICATION_PROTOCOL_DEFINITION('international standard',
'ap242_managed_model_based_3d_engineering',2020,#2380);
#2380=APPLICATION_CONTEXT('managed model based 3d engineering');
ENDSEC;
END-ISO-10303-21;
